datetime,temp,dew,humidity,sealevelpressure,winddir,solarradiation,windspeed,precipprob,preciptype,year,month,quarter,dayofyear,season,sin_doy,cos_doy,sin_month,cos_month,time_index,dew_lag1,sealevelpressure_lag1,temp_lag1,temp_lag7,temp_rollmean7
2016-01-08,26.6,16.5,55.2,1015.4,157.7,185.0,13.0,0,0,2016,1,1,8,0,0.13727877211326478,0.9905324521322229,0.49999999999999994,0.8660254037844387,7,17.0,1015.1,26.1,28.4,26.74285714285714
2016-01-09,26.3,13.5,47.6,1013.8,117.5,203.1,16.6,0,0,2016,1,1,9,0,0.15430882066428117,0.9880226656636976,0.49999999999999994,0.8660254037844387,8,16.5,1015.4,26.6,26.8,26.485714285714288
2016-01-10,26.0,12.5,45.3,1014.2,124.7,203.7,16.6,0,0,2016,1,1,10,0,0.1712931441814776,0.9852201067560606,0.49999999999999994,0.8660254037844387,9,13.5,1013.8,26.3,25.5,26.414285714285715
2016-01-11,26.1,14.6,50.4,1014.3,153.7,212.6,24.1,0,0,2016,1,1,11,0,0.1882267098432442,0.9821256058680006,0.49999999999999994,0.8660254037844387,10,12.5,1014.2,26.0,26.4,26.485714285714288
2016-01-12,25.1,17.5,64.5,1013.1,200.7,201.9,16.6,0,0,2016,1,1,12,0,0.2051044998686192,0.9787400799669153,0.49999999999999994,0.8660254037844387,11,14.6,1014.3,26.1,27.1,26.442857142857147
2016-01-13,24.6,17.0,64.0,1012.5,195.6,211.4,16.6,0,0,2016,1,1,13,0,0.2219215130041655,0.9750645322571948,0.49999999999999994,0.8660254037844387,12,17.5,1013.1,25.1,26.9,26.157142857142862
2016-01-14,23.9,16.5,64.2,1012.6,158.4,209.6,25.9,0,0,2016,1,1,14,0,0.2386727660059501,0.9711000518829505,0.49999999999999994,0.8660254037844387,13,17.0,1012.5,24.6,26.1,25.82857142857143
2016-01-15,23.6,16.3,64.8,1012.3,193.9,210.8,16.6,0,0,2016,1,1,15,0,0.255353295116187,0.9668478136052775,0.49999999999999994,0.8660254037844387,14,16.5,1012.6,23.9,26.6,25.514285714285716
2016-01-16,24.1,15.7,60.7,1011.8,162.5,201.5,13.0,100,1,2016,1,1,16,0,0.2719581575341055,0.9623090774541486,0.49999999999999994,0.8660254037844387,15,16.3,1012.3,23.6,26.3,25.085714285714285
2016-01-17,24.0,14.7,58.3,1011.6,154.6,187.2,16.6,0,0,2016,1,1,17,0,0.288482432880609,0.9574851883550393,0.49999999999999994,0.8660254037844387,16,15.7,1011.8,24.1,26.0,24.771428571428572
2016-01-18,23.7,14.4,58.2,1011.2,141.4,220.5,16.6,0,0,2016,1,1,18,0,0.30492122465628907,0.9523775757303974,0.49999999999999994,0.8660254037844387,17,14.7,1011.6,24.0,26.1,24.485714285714288
2016-01-19,23.5,10.3,45.8,1012.1,180.5,228.0,20.5,0,0,2016,1,1,19,0,0.3212696616923644,0.9469877530760753,0.49999999999999994,0.8660254037844387,18,14.4,1011.2,23.7,25.1,24.142857142857146
2016-01-20,23.2,9.6,41.5,1014.0,155.7,239.6,32.4,0,0,2016,1,1,20,0,0.3375228995941133,0.9413173175128471,0.49999999999999994,0.8660254037844387,19,10.3,1012.1,23.5,24.6,23.914285714285715
2016-01-21,23.9,9.6,41.5,1014.5,120.7,232.8,18.4,0,0,2016,1,1,21,0,0.3536761221763716,0.9353679493131483,0.49999999999999994,0.8660254037844387,20,9.6,1014.0,23.2,23.9,23.714285714285715
2016-01-22,25.6,9.6,32.2,1014.5,128.9,234.9,18.4,0,0,2016,1,1,22,0,0.3697245428906731,0.9291414114031743,0.49999999999999994,0.8660254037844387,21,9.6,1014.5,23.9,23.6,23.714285714285715
2016-01-23,25.9,9.6,36.4,1014.5,115.0,224.2,18.4,0,0,2016,1,1,23,0,0.38566340624360707,0.9226395488404876,0.49999999999999994,0.8660254037844387,22,9.6,1014.5,25.6,24.1,24.0
2016-01-24,26.7,11.2,39.8,1014.5,172.7,220.8,18.4,0,0,2016,1,1,24,0,0.401487989205973,0.9158642882672872,0.49999999999999994,0.8660254037844387,23,9.6,1014.5,25.9,24.0,24.25714285714286
2016-01-25,25.2,11.7,45.3,1013.7,166.1,242.7,18.4,0,0,2016,1,1,25,0,0.4171936026123168,0.9088176373395029,0.49999999999999994,0.8660254037844387,24,11.2,1014.5,26.7,23.7,24.642857142857142
2016-01-26,23.8,12.0,49.7,1013.4,174.1,239.5,22.3,0,0,2016,1,1,26,0,0.4327755925504312,0.901501684131884,0.49999999999999994,0.8660254037844387,25,11.7,1013.7,25.2,23.5,24.857142857142858
2016-01-27,23.7,16.1,64.4,1013.8,208.5,240.8,18.4,0,0,2016,1,1,27,0,0.4482293417404106,0.893918596519257,0.49999999999999994,0.8660254037844387,26,12.0,1013.4,23.8,23.2,24.9
2016-01-28,25.1,15.4,57.0,1013.2,165.7,240.4,14.8,0,0,2016,1,1,28,0,0.4635502709028509,0.886070621534138,0.49999999999999994,0.8660254037844387,27,16.1,1013.8,23.7,23.9,24.97142857142857
2016-01-29,26.5,16.6,57.2,1014.2,155.9,237.3,18.4,0,0,2016,1,1,29,0,0.47873384011578846,0.8779600847008882,0.49999999999999994,0.8660254037844387,28,15.4,1013.2,25.1,25.6,25.142857142857142
2016-01-30,26.8,17.9,59.5,1014.2,230.7,235.6,16.6,0,0,2016,1,1,30,0,0.49377555015997715,0.869589389346611,0.49999999999999994,0.8660254037844387,29,16.6,1014.2,26.5,25.9,25.271428571428572
2016-01-31,26.4,18.3,62.3,1013.3,163.8,233.9,16.6,0,0,2016,1,1,31,0,0.5086709438521044,0.8609610158889943,0.49999999999999994,0.8660254037844387,30,17.9,1014.2,26.8,26.7,25.4
2016-02-01,26.5,17.5,59.9,1014.1,193.7,231.2,18.4,0,0,2016,2,1,32,0,0.5234156073655503,0.8520775211013093,0.8660254037844386,0.5000000000000001,31,18.3,1013.3,26.4,25.2,25.357142857142858
2016-02-02,26.7,15.7,53.0,1014.2,247.5,244.9,16.6,0,0,2016,2,1,33,0,0.5380051715382996,0.8429415373547828,0.8660254037844386,0.5000000000000001,32,17.5,1014.1,26.5,23.8,25.542857142857144
2016-02-03,25.7,13.7,49.9,1013.9,184.3,257.1,16.6,0,0,2016,2,1,34,0,0.5524353131676196,0.8335557718385699,0.8660254037844386,0.5000000000000001,33,15.7,1014.2,26.7,23.7,25.957142857142856
2016-02-04,24.6,14.6,55.4,1013.1,164.6,252.0,22.3,0,0,2016,2,1,35,0,0.5667017562911176,0.8239230057575542,0.8660254037844386,0.5000000000000001,34,13.7,1013.9,25.7,25.1,26.242857142857144
2016-02-05,24.1,18.0,69.7,1012.0,173.6,237.6,22.0,0,0,2016,2,1,36,0,0.5808002734538009,0.8140460935082178,0.8660254037844386,0.5000000000000001,35,14.6,1013.1,24.6,26.5,26.17142857142857
2016-02-06,23.6,16.5,66.5,1012.0,203.5,241.4,16.6,0,0,2016,2,1,37,0,0.5947266869607634,0.8039279618328213,0.8660254037844386,0.5000000000000001,36,18.0,1012.0,24.1,26.8,25.828571428571426
2016-02-07,24.0,16.6,64.2,1014.5,247.0,231.7,20.5,0,0,2016,2,1,38,0,0.6084768701151261,0.7935716089521474,0.8660254037844386,0.5000000000000001,37,16.5,1012.0,23.6,26.4,25.371428571428574
2016-02-08,24.0,16.6,64.4,1013.2,172.1,251.7,18.4,0,0,2016,2,1,39,0,0.6220467484408675,0.7829801036770629,0.8660254037844386,0.5000000000000001,38,16.6,1014.5,24.0,26.5,25.028571428571432
2016-02-09,25.5,18.6,67.2,1012.0,173.5,230.1,18.4,0,0,2016,2,1,40,0,0.6354323008901774,0.7721565844991642,0.8660254037844386,0.5000000000000001,39,16.6,1013.2,24.0,26.7,24.671428571428574
2016-02-10,25.9,17.4,62.9,1011.9,183.5,229.0,18.4,0,0,2016,2,1,41,0,0.6486295610349814,0.7611042586607747,0.8660254037844386,0.5000000000000001,40,18.6,1012.0,25.5,25.7,24.5
2016-02-11,24.6,18.8,71.0,1012.5,232.3,251.2,20.5,0,0,2016,2,1,42,0,0.6616346182422783,0.7498264012045686,0.8660254037844386,0.5000000000000001,41,17.4,1011.9,25.9,24.6,24.52857142857143
2016-02-12,23.8,17.1,67.8,1013.0,189.1,252.4,20.5,0,0,2016,2,1,43,0,0.6744436188329455,0.7383263540031065,0.8660254037844386,0.5000000000000001,42,18.8,1012.5,24.6,24.1,24.528571428571432
2016-02-13,23.8,16.0,62.6,1013.6,179.3,257.2,18.4,0,0,2016,2,1,44,0,0.6870527672236669,0.7266075247685656,0.8660254037844386,0.5000000000000001,43,17.1,1013.0,23.8,23.6,24.485714285714288
2016-02-14,24.8,12.7,50.3,1012.7,178.1,253.1,24.1,0,0,2016,2,1,45,0,0.699458327051647,0.7146733860429609,0.8660254037844386,0.5000000000000001,44,16.0,1013.6,23.8,24.0,24.514285714285712
2016-02-15,25.3,11.6,43.5,1012.7,234.5,236.8,18.4,0,0,2016,2,1,46,0,0.7116566222817746,0.7025274741691571,0.8660254037844386,0.5000000000000001,45,12.7,1012.7,24.8,24.0,24.628571428571426
2016-02-16,26.0,16.0,56.4,1012.5,208.8,237.5,18.4,0,0,2016,2,1,47,0,0.7236440382959124,0.6901733882429719,0.8660254037844386,0.5000000000000001,46,11.6,1012.7,25.3,25.5,24.814285714285713
2016-02-17,26.0,20.9,75.0,1013.0,183.5,209.6,24.1,0,0,2016,2,1,48,0,0.7354170229639855,0.6776147890466889,0.8660254037844386,0.5000000000000001,47,16.0,1012.5,26.0,25.9,24.885714285714283
2016-02-18,26.5,18.9,64.4,1012.4,157.4,238.8,22.3,0,0,2016,2,1,49,0,0.7469720876965552,0.6648553979642865,0.8660254037844386,0.5000000000000001,48,20.9,1013.0,26.0,24.6,24.900000000000002
2016-02-19,26.6,20.5,69.9,1014.3,215.4,237.1,18.4,0,0,2016,2,1,50,0,0.7583058084785624,0.6518989958787126,0.8660254037844386,0.5000000000000001,49,18.9,1012.4,26.5,23.8,25.17142857142857
2016-02-20,27.6,19.0,60.4,1014.2,216.5,162.8,20.5,0,0,2016,2,1,51,0,0.7694148268839378,0.6387494220515272,0.8660254037844386,0.5000000000000001,50,20.5,1014.3,26.6,23.8,25.571428571428573
2016-02-21,28.2,14.9,46.3,1013.3,234.9,231.8,18.4,0,0,2016,2,1,52,0,0.7802958510707755,0.6254105729852463,0.8660254037844386,0.5000000000000001,51,19.0,1014.2,27.6,24.8,26.114285714285717
2016-02-22,27.4,9.6,34.3,1013.6,253.2,268.4,22.3,0,0,2016,2,1,53,0,0.7909456567567772,0.6118864012687243,0.8660254037844386,0.5000000000000001,52,14.9,1013.3,28.2,25.3,26.599999999999998
2016-02-23,26.0,16.3,57.0,1011.3,199.3,260.7,20.5,0,0,2016,2,1,54,0,0.8013610881746766,0.5981809144059165,0.8660254037844386,0.5000000000000001,53,9.6,1013.6,27.4,26.0,26.900000000000002
2016-02-24,25.7,21.0,76.3,1011.3,180.1,261.5,25.9,0,0,2016,2,1,55,0,0.8115390590073611,0.5842981736283684,0.8660254037844386,0.5000000000000001,54,16.3,1011.3,26.0,26.0,26.900000000000002
2016-02-25,25.9,19.4,69.5,1012.2,171.8,214.7,18.4,0,0,2016,2,1,56,0,0.8214765533024142,0.5702422926917871,0.8660254037844386,0.5000000000000001,55,21.0,1011.3,25.7,26.5,26.857142857142858
2016-02-26,26.3,19.6,68.4,1013.1,152.7,230.5,20.5,0,0,2016,2,1,57,0,0.8311706263658079,0.5560174366570446,0.8660254037844386,0.5000000000000001,56,19.4,1012.2,25.9,26.6,26.771428571428572
2016-02-27,27.6,20.5,67.8,1012.9,153.7,236.1,20.5,0,0,2016,2,1,58,0,0.8406184056344782,0.5416278206559814,0.8660254037844386,0.5000000000000001,57,19.6,1013.1,26.3,27.6,26.72857142857143
2016-02-28,27.5,22.0,72.9,1013.9,200.3,210.2,20.5,0,0,2016,2,1,59,0,0.8498170915275278,0.5270777086423722,0.8660254037844386,0.5000000000000001,58,20.5,1012.9,27.6,28.2,26.728571428571428
2016-02-29,27.7,21.4,69.6,1013.9,200.3,242.6,18.4,100,1,2016,2,1,60,0,0.8587639582758029,0.5123714121284237,0.8660254037844386,0.5000000000000001,59,22.0,1013.9,27.5,27.4,26.62857142857143
2016-03-01,28.6,20.5,62.9,1011.8,148.8,238.4,20.5,100,1,2016,3,1,61,1,0.8674563547295969,0.49751328890718066,1.0,6.123233995736766e-17,60,21.4,1013.9,27.7,26.0,26.67142857142857
2016-03-02,29.5,21.5,63.5,1012.5,170.4,243.7,20.5,100,1,2016,3,1,62,1,0.8758917051442429,0.48250774176121847,1.0,6.123233995736766e-17,61,20.5,1011.8,28.6,25.7,27.04285714285714
2016-03-03,30.8,19.4,52.6,1013.4,173.7,232.2,18.4,100,1,2016,3,1,63,1,0.8840675099433636,0.4673592171580022,1.0,6.123233995736766e-17,62,21.5,1012.5,29.5,25.9,27.585714285714285
2016-03-04,28.8,18.0,52.9,1012.7,128.0,246.3,18.4,100,1,2016,3,1,64,1,0.8919813464595485,0.45207220393230435,1.0,6.123233995736766e-17,63,19.4,1013.4,30.8,26.3,28.285714285714285
2016-03-05,28.8,18.4,55.6,1011.1,225.3,277.9,20.5,0,0,2016,3,1,65,1,0.8996308696522433,0.43665123195606403,1.0,6.123233995736766e-17,64,18.0,1012.7,28.8,27.6,28.642857142857142
2016-03-06,27.8,18.0,57.5,1011.4,183.0,278.8,20.5,0,0,2016,3,1,66,1,0.9070138128026359,0.4211008707960896,1.0,6.123233995736766e-17,65,18.4,1011.1,28.8,27.5,28.814285714285713
2016-03-07,28.0,17.3,53.9,1010.5,225.1,286.3,20.5,0,0,2016,3,1,67,1,0.9141279881853337,0.40542572835999735,1.0,6.123233995736766e-17,66,18.0,1011.4,27.8,27.7,28.857142857142858
2016-03-08,29.3,15.9,46.9,1009.9,188.4,279.3,18.4,0,0,2016,3,1,68,1,0.9209712877166346,0.38963044953078796,1.0,6.123233995736766e-17,67,17.3,1010.5,28.0,28.6,28.900000000000002
2016-03-09,29.1,17.0,49.3,1010.7,259.9,278.9,24.1,0,0,2016,3,1,69,1,0.9275416835791966,0.37371971479046906,1.0,6.123233995736766e-17,68,15.9,1009.9,29.3,29.5,29.0
2016-03-10,29.3,17.6,51.6,1011.1,277.0,290.5,22.3,0,0,2016,3,1,70,1,0.9338372288229252,0.35769823883312546,1.0,6.123233995736766e-17,69,17.0,1010.7,29.1,30.8,28.942857142857147
2016-03-11,29.7,20.3,59.7,1011.2,238.5,273.3,18.4,100,1,2016,3,1,71,1,0.9398560579418954,0.3415707691678556,1.0,6.123233995736766e-17,70,17.6,1011.1,29.3,28.8,28.728571428571428
2016-03-12,28.0,19.9,62.6,1011.3,233.0,273.6,22.3,0,0,2016,3,1,72,1,0.9455963874271426,0.3253420847119801,1.0,6.123233995736766e-17,71,20.3,1011.2,29.7,28.8,28.857142857142858
2016-03-13,27.0,20.6,69.1,1012.7,296.2,291.7,18.4,0,0,2016,3,1,73,1,0.9510565162951535,0.30901699437494745,1.0,6.123233995736766e-17,72,19.9,1011.3,28.0,27.8,28.742857142857144
2016-03-14,26.6,20.1,68.0,1012.9,203.8,296.8,24.1,0,0,2016,3,1,74,1,0.9562348265919056,0.29260033563334836,1.0,6.123233995736766e-17,73,20.6,1012.7,27.0,28.0,28.62857142857143
2016-03-15,27.4,19.0,61.6,1011.4,253.4,293.3,25.9,0,0,2016,3,1,75,1,0.9611297838723007,0.27609697309746883,1.0,6.123233995736766e-17,74,20.1,1012.9,26.6,29.3,28.428571428571427
2016-03-16,27.5,20.9,68.5,1011.2,258.5,293.8,20.5,0,0,2016,3,1,76,1,0.9657399376548549,0.2595117970697999,1.0,6.123233995736766e-17,75,19.0,1011.4,27.4,29.1,28.157142857142855
2016-03-17,27.5,21.8,72.1,1011.6,221.2,292.1,18.4,0,0,2016,3,1,77,1,0.9700639218515071,0.2428497220959356,1.0,6.123233995736766e-17,76,20.9,1011.2,27.5,29.3,27.928571428571427
2016-03-18,28.9,21.6,66.1,1011.1,220.2,287.8,24.1,0,0,2016,3,1,78,1,0.9741004551724205,0.22611568550828828,1.0,6.123233995736766e-17,77,21.8,1011.6,27.5,29.7,27.671428571428574
2016-03-19,31.2,18.8,51.8,1011.0,201.0,281.6,18.4,0,0,2016,3,1,79,1,0.9778483415056568,0.20931464596304847,1.0,6.123233995736766e-17,78,21.6,1011.1,28.9,28.0,27.557142857142853
2016-03-20,31.4,18.7,49.3,1011.8,260.8,290.1,14.8,0,0,2016,3,1,80,1,0.9813064702716093,0.19245158197082998,1.0,6.123233995736766e-17,79,18.8,1011.0,31.2,27.0,28.014285714285712
2016-03-21,30.4,18.2,52.0,1011.1,271.7,295.8,20.5,0,0,2016,3,1,81,1,0.9844738167520922,0.1755314904214282,1.0,6.123233995736766e-17,80,18.7,1011.8,31.4,26.6,28.642857142857142
2016-03-22,29.7,17.9,51.4,1009.1,171.0,302.8,24.1,0,0,2016,3,1,82,1,0.9873494423939864,0.15855938510313475,1.0,6.123233995736766e-17,81,18.2,1011.1,30.4,27.4,29.185714285714283
2016-03-23,31.7,16.0,43.0,1008.7,217.5,296.3,20.5,0,0,2016,3,1,83,1,0.989932495087353,0.141540295217043,1.0,6.123233995736766e-17,82,17.9,1009.1,29.7,27.5,29.514285714285712
2016-03-24,29.1,22.9,70.0,1010.7,239.4,285.7,22.3,0,0,2016,3,1,84,1,0.9922222094179323,0.12447926388678915,1.0,6.123233995736766e-17,83,16.0,1008.7,31.7,27.5,30.11428571428571
2016-03-25,28.4,24.1,78.1,1012.0,212.4,267.1,23.4,0,0,2016,3,1,85,1,0.994217906893952,0.10738134666416309,1.0,6.123233995736766e-17,84,22.9,1010.7,29.1,28.9,30.342857142857138
2016-03-26,28.9,23.5,73.6,1011.6,218.3,272.7,22.3,0,0,2016,3,1,86,1,0.995918996147179,0.09025161003104117,1.0,6.123233995736766e-17,85,24.1,1012.0,28.4,31.2,30.271428571428572
2016-03-27,30.7,21.1,58.3,1010.8,236.9,252.1,20.5,100,1,2016,3,1,87,1,0.9973249731081555,0.07309512989807777,1.0,6.123233995736766e-17,86,23.5,1011.6,28.9,31.4,29.942857142857143
2016-03-28,30.4,18.6,53.4,1011.1,197.1,295.2,18.4,0,0,2016,3,1,88,1,0.9984354211555643,0.055916990100603484,1.0,6.123233995736766e-17,87,21.1,1010.8,30.7,30.4,29.842857142857138
2016-03-29,29.0,22.4,69.4,1011.6,205.8,287.4,22.3,100,1,2016,3,1,89,1,0.9992500112396835,0.03872228089217446,1.0,6.123233995736766e-17,88,18.6,1011.1,30.4,29.7,29.842857142857145
2016-03-30,29.1,21.6,66.5,1012.0,211.5,294.7,18.4,0,0,2016,3,1,90,1,0.9997685019798909,0.021516097436222254,1.0,6.123233995736766e-17,89,22.4,1011.6,29.0,31.7,29.74285714285714
2016-03-31,28.3,22.1,70.6,1011.5,204.7,295.5,22.3,0,0,2016,3,1,91,1,0.9999907397361901,0.004303538296244289,1.0,6.123233995736766e-17,90,21.6,1012.0,29.1,29.1,29.37142857142857
2016-04-01,28.2,22.9,73.9,1009.4,264.3,304.7,22.3,0,0,2016,4,2,92,1,0.9999166586547379,-0.01291029607500882,0.8660254037844387,-0.4999999999999998,91,22.1,1011.5,28.3,28.4,29.25714285714286
2016-04-02,28.3,23.7,76.6,1010.1,299.8,299.9,22.3,0,0,2016,4,2,93,1,0.9995462806873573,-0.030120304846908114,0.8660254037844387,-0.4999999999999998,92,22.9,1009.4,28.2,28.9,29.228571428571428
2016-04-03,28.5,23.6,75.5,1011.5,254.6,271.9,20.5,0,0,2016,4,2,94,1,0.9988797155850336,-0.04732138832243185,0.8660254037844387,-0.4999999999999998,93,23.7,1010.1,28.3,30.7,29.142857142857142
2016-04-04,29.1,23.8,73.7,1009.5,242.2,261.9,18.4,0,0,2016,4,2,95,1,0.9979171608653922,-0.06450844944931623,0.8660254037844387,-0.4999999999999998,94,23.6,1011.5,28.5,30.4,28.82857142857143
2016-04-05,28.6,23.9,75.7,1009.3,253.2,269.4,20.5,100,1,2016,4,2,96,1,0.9966589017541702,-0.08167639533042241,0.8660254037844387,-0.4999999999999998,95,23.8,1009.5,29.1,29.0,28.642857142857142
2016-04-06,28.8,22.2,67.9,1010.7,211.5,309.3,24.1,0,0,2016,4,2,97,1,0.9951053111006976,-0.09882013873287143,0.8660254037844387,-0.4999999999999998,96,23.9,1009.3,28.6,29.1,28.585714285714285
2016-04-07,29.8,20.7,60.9,1010.0,242.5,306.2,24.1,100,1,2016,4,2,98,1,0.9932568492674143,-0.11593459959550041,0.8660254037844387,-0.4999999999999998,97,22.2,1010.7,28.8,28.3,28.542857142857144
2016-04-08,30.6,17.4,48.9,1009.3,240.6,307.3,20.5,0,0,2016,4,2,99,1,0.9911140639934547,-0.1330147065341959,0.8660254037844387,-0.4999999999999998,98,20.7,1010.0,29.8,28.2,28.75714285714286
2016-04-09,30.5,20.2,56.3,1009.4,271.8,283.3,17.6,0,0,2016,4,2,100,1,0.9886775902323405,-0.1500553983446526,0.8660254037844387,-0.4999999999999998,99,17.4,1009.3,30.6,28.3,29.1
2016-04-10,30.3,21.9,62.1,1010.8,261.5,302.1,25.9,0,0,2016,4,2,101,1,0.9859481499638304,-0.16705162550211924,0.8660254037844387,-0.4999999999999998,100,20.2,1009.4,30.5,28.5,29.414285714285715
2016-04-11,31.0,21.5,59.3,1010.4,272.0,301.5,22.3,0,0,2016,4,2,102,1,0.9829265519799822,-0.18399835165768005,0.8660254037844387,-0.4999999999999998,101,21.9,1010.8,30.3,29.1,29.67142857142857
2016-04-12,30.7,21.8,61.0,1008.8,269.8,307.7,24.1,0,0,2016,4,2,103,1,0.9796136916454901,-0.20089055513063506,0.8660254037844387,-0.4999999999999998,102,21.5,1010.4,31.0,28.6,29.942857142857147
2016-04-13,29.3,23.6,71.7,1007.8,271.8,321.6,20.5,0,0,2016,4,2,104,1,0.9760105506323683,-0.21772323039653177,0.8660254037844387,-0.4999999999999998,103,21.8,1008.8,30.7,28.8,30.242857142857144
2016-04-14,29.2,22.9,69.8,1007.7,206.0,323.78000000000003,20.5,0,0,2016,4,2,105,1,0.9721181966290613,-0.23449138957040985,0.8660254037844387,-0.4999999999999998,104,23.6,1007.8,29.3,29.8,30.314285714285713
2016-04-15,29.4,22.9,69.2,1008.5,236.9,323.78000000000003,22.3,0,0,2016,4,2,106,1,0.9679377830240642,-0.25119006388481935,0.8660254037844387,-0.4999999999999998,105,22.9,1007.7,29.2,30.6,30.228571428571428
2016-04-16,29.2,23.3,71.2,1008.8,225.7,316.5,27.7,0,0,2016,4,2,107,1,0.9634705485641488,-0.2678143051621742,0.8660254037844387,-0.4999999999999998,106,22.9,1008.5,29.4,30.5,30.057142857142857
2016-04-17,28.8,22.9,71.4,1008.6,223.5,322.1,22.3,0,0,2016,4,2,108,1,0.9587178169872964,-0.2843591872810034,0.8660254037844387,-0.4999999999999998,107,23.3,1008.8,29.2,30.3,29.87142857142857
2016-04-18,30.0,23.9,71.0,1008.0,206.8,312.5,24.1,0,0,2016,4,2,109,1,0.9536809966304457,-0.30081980763566735,0.8660254037844387,-0.4999999999999998,108,22.9,1008.6,28.8,31.0,29.657142857142862
2016-04-19,30.5,23.5,67.0,1008.1,285.8,288.9,22.3,0,0,2016,4,2,110,1,0.9483615800121715,-0.3171912885891061,0.8660254037844387,-0.4999999999999998,109,23.9,1008.0,30.0,30.7,29.514285714285716
2016-04-20,30.0,24.1,71.2,1010.0,249.5,286.0,22.3,100,1,2016,4,2,111,1,0.9427611433904207,-0.3334687789181868,0.8660254037844387,-0.4999999999999998,110,23.5,1008.1,30.5,29.3,29.485714285714288
2016-04-21,29.1,24.2,75.0,1009.7,271.3,292.7,22.3,0,0,2016,4,2,112,1,0.9368813462954315,-0.3496474552512284,0.8660254037844387,-0.4999999999999998,111,24.1,1010.0,30.0,29.2,29.58571428571429
2016-04-22,28.6,22.3,69.5,1009.8,268.5,320.5,22.3,0,0,2016,4,2,113,1,0.9307239310379795,-0.36572252349726897,0.8660254037844387,-0.4999999999999998,112,24.2,1009.7,29.1,29.4,29.571428571428573
2016-04-23,29.1,22.9,69.6,1008.3,251.5,321.6,20.0,0,0,2016,4,2,114,1,0.9242907221930933,-0.3816892202666588,0.8660254037844387,-0.4999999999999998,113,22.3,1009.8,28.6,29.2,29.457142857142856
2016-04-24,29.1,22.8,69.1,1007.3,234.7,277.5,20.5,0,0,2016,4,2,115,1,0.9175836260593937,-0.39754281428255595,0.8660254037844387,-0.4999999999999998,114,22.9,1008.3,29.1,28.8,29.442857142857143
2016-04-25,28.9,22.4,68.6,1007.8,228.7,323.78000000000003,18.4,0,0,2016,4,2,116,1,0.9106046300942162,-0.4132786077829042,0.8660254037844387,-0.4999999999999998,115,22.8,1007.3,29.1,30.0,29.485714285714288
2016-04-26,29.5,23.1,69.8,1009.0,243.9,323.1,17.2,0,0,2016,4,2,117,1,0.9033558023246845,-0.4288919379124835,0.8660254037844387,-0.4999999999999998,116,22.4,1007.8,28.9,30.5,29.328571428571426
2016-04-27,32.2,21.0,56.1,1007.5,259.6,296.0,24.1,100,1,2016,4,2,118,1,0.895839290734909,-0.4443781781046132,0.8660254037844387,-0.4999999999999998,117,23.1,1009.0,29.5,30.0,29.185714285714283
2016-04-28,31.7,22.1,58.3,1008.2,235.4,275.2,24.1,100,1,2016,4,2,119,1,0.8880573226294932,-0.45973273945210397,0.8660254037844387,-0.4999999999999998,118,21.0,1007.5,32.2,29.1,29.5
2016-04-29,30.3,24.7,72.6,1008.4,232.8,263.3,22.3,0,0,2016,4,2,120,1,0.8800122039735357,-0.47495107206704995,0.8660254037844387,-0.4999999999999998,119,22.1,1008.2,31.7,28.6,29.87142857142857
2016-04-30,29.9,24.0,71.4,1009.0,218.1,315.9,22.3,0,0,2016,4,2,121,1,0.8717063187093218,-0.4900286664290592,0.8660254037844387,-0.4999999999999998,120,24.7,1008.4,30.3,29.1,30.114285714285717
2016-05-01,29.9,24.5,73.5,1008.5,254.7,313.9,22.3,100,1,2016,5,2,122,1,0.8631421280499114,-0.5049610547215204,0.49999999999999994,-0.8660254037844387,121,24.0,1009.0,29.9,29.1,30.22857142857143
2016-05-02,30.0,24.7,74.0,1008.6,242.3,293.4,22.3,0,0,2016,5,2,123,1,0.854322169749827,-0.5197438121555155,0.49999999999999994,-0.8660254037844387,122,24.5,1008.5,29.9,28.9,30.342857142857138
2016-05-03,30.1,24.4,72.6,1008.0,225.7,310.8,24.1,0,0,2016,5,2,124,1,0.8452490573530633,-0.5343725582809786,0.49999999999999994,-0.8660254037844387,123,24.7,1008.6,30.0,29.5,30.5
2016-05-04,29.9,24.6,73.5,1007.8,190.8,270.0,22.3,0,0,2016,5,2,125,1,0.8359254794186372,-0.548842958284719,0.49999999999999994,-0.8660254037844387,124,24.4,1008.0,30.1,32.2,30.58571428571429
2016-05-05,30.1,24.4,72.0,1008.6,252.6,293.2,22.3,0,0,2016,5,2,126,1,0.8263541987239096,-0.5631507242749186,0.49999999999999994,-0.8660254037844387,125,24.6,1007.8,29.9,31.7,30.25714285714286
2016-05-06,29.9,23.7,69.8,1008.5,273.5,306.3,22.3,100,1,2016,5,2,127,1,0.8165380514459161,-0.5772916165517272,0.49999999999999994,-0.8660254037844387,126,24.4,1008.6,30.1,30.3,30.028571428571432
2016-05-07,29.9,24.1,71.5,1008.4,244.3,299.3,24.1,0,0,2016,5,2,128,1,0.8064799463209448,-0.5912614448635781,0.49999999999999994,-0.8660254037844387,127,23.7,1008.5,29.9,29.9,29.97142857142857
2016-05-08,30.3,24.7,72.4,1009.5,225.7,307.1,22.3,0,0,2016,5,2,129,1,0.7961828637826158,-0.6050560696488488,0.49999999999999994,-0.8660254037844387,128,24.1,1008.4,29.9,29.9,29.971428571428568
2016-05-09,30.0,24.6,73.1,1009.0,241.7,287.2,22.7,100,1,2016,5,2,130,1,0.7856498550787147,-0.6186714032625031,0.49999999999999994,-0.8660254037844387,129,24.7,1009.5,30.3,30.0,30.02857142857143
2016-05-10,30.1,25.1,75.0,1008.7,253.4,285.1,18.4,100,1,2016,5,2,131,1,0.7748840413670407,-0.6321034111873487,0.49999999999999994,-0.8660254037844387,130,24.6,1009.0,30.0,30.1,30.02857142857143
2016-05-11,30.5,25.5,75.1,1008.5,255.2,298.1,20.5,100,1,2016,5,2,132,1,0.7638886127905428,-0.6453481132295501,0.49999999999999994,-0.8660254037844387,131,25.1,1008.7,30.1,29.9,30.02857142857143
2016-05-12,30.2,25.6,76.7,1006.8,258.1,304.1,25.9,100,1,2016,5,2,133,1,0.7526668275320085,-0.6584015846980488,0.49999999999999994,-0.8660254037844387,132,25.5,1008.5,30.5,30.1,30.114285714285717
2016-05-13,30.7,25.7,75.4,1006.8,243.8,278.9,20.5,100,1,2016,5,2,134,1,0.7412220108485958,-0.6712599575675313,0.49999999999999994,-0.8660254037844387,133,25.6,1006.8,30.2,29.9,30.128571428571426
2016-05-14,31.1,25.9,74.3,1007.7,252.1,156.7,24.1,100,1,2016,5,2,135,1,0.7295575540864875,-0.6839194216246106,0.49999999999999994,-0.8660254037844387,134,25.7,1006.8,30.7,29.9,30.242857142857144
2016-05-15,30.7,26.0,75.9,1007.5,230.5,219.0,24.1,100,1,2016,5,2,136,1,0.717676913675962,-0.6963762255968722,0.49999999999999994,-0.8660254037844387,135,25.9,1007.7,31.1,30.3,30.414285714285715
2016-05-16,30.8,26.1,76.5,1005.4,245.6,221.0,24.1,0,0,2016,5,2,137,1,0.705583610107178,-0.7086266782644596,0.49999999999999994,-0.8660254037844387,136,26.0,1007.5,30.7,30.0,30.47142857142857
2016-05-17,30.9,26.1,76.2,1003.5,270.5,230.2,20.5,0,0,2016,5,2,138,1,0.6932812268869777,-0.7206671495538609,0.49999999999999994,-0.8660254037844387,137,26.1,1005.4,30.8,30.1,30.585714285714285
2016-05-18,31.0,26.4,76.9,1002.3,261.3,184.7,24.1,0,0,2016,5,2,139,1,0.6807734094770161,-0.7324940716135789,0.49999999999999994,-0.8660254037844387,138,26.1,1003.5,30.9,30.5,30.7
2016-05-19,31.3,26.0,73.7,1002.5,246.5,237.5,22.3,0,0,2016,5,2,140,1,0.6680638642135335,-0.7441039398713607,0.49999999999999994,-0.8660254037844387,139,26.4,1002.3,31.0,30.2,30.771428571428572
2016-05-20,31.3,25.9,73.1,1004.1,249.0,170.2,22.3,0,0,2016,5,2,141,1,0.6551563572090853,-0.7554933140726803,0.49999999999999994,-0.8660254037844387,140,26.0,1002.5,31.3,30.7,30.928571428571427
2016-05-21,31.5,25.9,72.7,1006.5,251.4,226.9,27.4,0,0,2016,5,2,142,1,0.6420547132365637,-0.766658819300159,0.49999999999999994,-0.8660254037844387,141,25.9,1004.1,31.3,31.1,31.014285714285712
2016-05-22,31.5,25.7,71.7,1007.7,238.0,293.3,22.3,0,0,2016,5,2,143,1,0.6287628145958344,-0.7775971469736269,0.49999999999999994,-0.8660254037844387,142,25.9,1006.5,31.5,30.7,31.071428571428573
2016-05-23,31.5,25.9,72.4,1008.5,240.7,240.3,22.3,0,0,2016,5,2,144,1,0.6152845999633276,-0.7883050558305255,0.49999999999999994,-0.8660254037844387,143,25.7,1007.7,31.5,30.8,31.185714285714287
2016-05-24,31.6,25.8,71.7,1007.7,237.7,254.5,25.9,0,0,2016,5,2,145,1,0.6016240632249226,-0.7987793728863649,0.49999999999999994,-0.8660254037844387,144,25.9,1008.5,31.5,30.9,31.285714285714285
2016-05-25,31.7,26.0,72.1,1007.0,228.1,237.9,24.1,0,0,2016,5,2,146,1,0.5877852522924732,-0.8090169943749473,0.49999999999999994,-0.8660254037844387,145,25.8,1007.7,31.6,31.0,31.385714285714283
2016-05-26,31.7,25.6,70.6,1007.4,239.3,235.5,22.3,0,0,2016,5,2,147,1,0.5737722679043246,-0.8190148866680801,0.49999999999999994,-0.8660254037844387,146,26.0,1007.0,31.7,31.3,31.485714285714288
2016-05-27,31.6,25.5,70.3,1008.5,256.1,250.7,22.3,0,0,2016,5,2,148,1,0.5595892624101765,-0.8287700871745038,0.49999999999999994,-0.8660254037844387,147,25.6,1007.4,31.7,31.3,31.542857142857144
2016-05-28,31.5,25.5,70.8,1008.1,252.0,291.2,22.3,0,0,2016,5,2,149,1,0.545240438540651,-0.8382797052177744,0.49999999999999994,-0.8660254037844387,148,25.5,1008.5,31.6,31.5,31.585714285714285
2016-05-29,31.6,25.7,70.8,1007.4,244.7,290.3,24.1,0,0,2016,5,2,150,1,0.5307300481619334,-0.8475409228928311,0.49999999999999994,-0.8660254037844387,149,25.5,1008.1,31.5,31.5,31.585714285714285
2016-05-30,31.8,25.4,69.2,1006.7,250.0,323.5,20.5,0,0,2016,5,2,151,1,0.5160623910158528,-0.8565509959010036,0.49999999999999994,-0.8660254037844387,150,25.7,1007.4,31.6,31.5,31.6
2016-05-31,31.8,25.4,69.4,1007.4,256.9,323.6,22.3,100,1,2016,5,2,152,1,0.5012418134457758,-0.865307254363206,0.49999999999999994,-0.8660254037844387,151,25.4,1006.7,31.8,31.6,31.642857142857142
2016-06-01,31.8,25.4,69.1,1008.0,278.3,298.4,22.3,100,1,2016,6,2,153,2,0.48627270710868997,-0.8738071036110808,1.2246467991473532e-16,-1.0,152,25.4,1007.4,31.8,31.7,31.671428571428574
2016-06-02,31.8,25.3,69.3,1007.2,292.4,251.1,24.1,100,1,2016,6,2,154,2,0.4711595076738638,-0.8820480249558537,1.2246467991473532e-16,-1.0,153,25.4,1008.0,31.8,31.7,31.685714285714287
2016-06-03,31.8,25.1,68.1,1006.6,289.3,298.2,24.1,0,0,2016,6,2,155,2,0.4559066935084588,-0.8900275764346767,1.2246467991473532e-16,-1.0,154,25.3,1007.2,31.8,31.6,31.7
2016-06-04,31.7,25.8,71.3,1006.6,274.9,220.1,22.3,100,1,2016,6,2,156,2,0.440518784350495,-0.8977433935342337,1.2246467991473532e-16,-1.0,155,25.1,1006.6,31.8,31.5,31.72857142857143
2016-06-05,30.9,25.5,73.4,1006.9,251.5,137.9,25.9,100,1,2016,6,2,157,2,0.42500033996955416,-0.9051931898913974,1.2246467991473532e-16,-1.0,156,25.8,1006.6,31.7,31.6,31.75714285714286
2016-06-06,31.3,25.9,73.2,1006.0,260.3,136.4,18.4,100,1,2016,6,2,158,2,0.4093559588156213,-0.9123747579707273,1.2246467991473532e-16,-1.0,157,25.5,1006.9,30.9,31.8,31.657142857142855
2016-06-07,31.8,26.5,73.9,1006.1,240.2,165.6,20.5,100,1,2016,6,2,159,2,0.39359027665646673,-0.9192859697186104,1.2246467991473532e-16,-1.0,158,25.9,1006.0,31.3,31.8,31.58571428571429
2016-06-08,31.9,25.6,69.8,1005.4,276.2,148.3,24.1,100,1,2016,6,2,160,2,0.3777079652039649,-0.9259247771938498,1.2246467991473532e-16,-1.0,159,26.5,1006.1,31.8,31.8,31.585714285714285
2016-06-09,32.0,25.8,69.9,1005.2,264.9,139.5,20.5,100,1,2016,6,2,161,2,0.36171373072976765,-0.9322892131745133,1.2246467991473532e-16,-1.0,160,25.6,1005.4,31.9,31.8,31.6
2016-06-10,31.8,26.0,71.3,1005.9,262.3,147.3,24.1,100,1,2016,6,2,162,2,0.3456123126707335,-0.9383773917408641,1.2246467991473532e-16,-1.0,161,25.8,1005.2,32.0,31.8,31.62857142857143
2016-06-11,29.8,26.2,81.0,1006.8,221.3,102.3,22.3,100,1,2016,6,2,163,2,0.3294084822245304,-0.9441875088341993,1.2246467991473532e-16,-1.0,162,26.0,1005.9,31.8,31.7,31.628571428571426
2016-06-12,31.3,26.5,76.1,1006.6,245.3,118.9,24.1,100,1,2016,6,2,164,2,0.3131070409358269,-0.9497178427914316,1.2246467991473532e-16,-1.0,163,26.2,1006.8,29.8,30.9,31.357142857142858
2016-06-13,31.9,26.0,71.2,1007.1,256.2,200.7,24.1,100,1,2016,6,2,165,2,0.29671281927349075,-0.9549667548552551,1.2246467991473532e-16,-1.0,164,26.5,1006.6,31.3,31.3,31.414285714285715
2016-06-14,31.3,25.8,73.0,1006.5,251.4,265.0,29.5,100,1,2016,6,2,166,2,0.28023067519921585,-0.9599326896597447,1.2246467991473532e-16,-1.0,165,26.0,1007.1,31.9,31.8,31.5
2016-06-15,31.4,26.0,73.4,1005.0,239.8,297.3,25.9,100,1,2016,6,2,167,2,0.26366549272800704,-0.9646141756912435,1.2246467991473532e-16,-1.0,166,25.8,1006.5,31.3,31.9,31.428571428571427
2016-06-16,31.4,25.8,72.2,1004.9,250.4,282.3,25.6,100,1,2016,6,2,168,2,0.24702218048093552,-0.9690098257244062,1.2246467991473532e-16,-1.0,167,26.0,1005.0,31.4,32.0,31.357142857142858
2016-06-17,31.3,25.6,71.6,1004.9,259.1,276.7,24.1,100,1,2016,6,2,169,2,0.23030567023061221,-0.9731183372332619,1.2246467991473532e-16,-1.0,168,25.8,1004.9,31.4,31.8,31.271428571428572
2016-06-18,31.3,25.2,70.5,1005.5,282.7,217.4,24.1,100,1,2016,6,2,170,2,0.21352091543979612,-0.9769384927771817,1.2246467991473532e-16,-1.0,169,25.6,1004.9,31.3,29.8,31.2
2016-06-19,29.6,25.2,77.9,1004.1,263.1,171.1,22.3,100,1,2016,6,2,171,2,0.19667288979357647,-0.980469160361632,1.2246467991473532e-16,-1.0,170,25.2,1005.5,31.3,31.3,31.414285714285715
2016-06-20,27.3,24.7,86.0,1002.7,206.8,143.3,16.6,100,1,2016,6,2,172,2,0.1797665857255624,-0.9837092937736097,1.2246467991473532e-16,-1.0,171,25.2,1004.1,29.6,31.9,31.17142857142857
2016-06-21,28.1,25.6,86.8,1002.7,199.7,140.0,22.3,100,1,2016,6,2,173,2,0.16280701293851715,-0.986657932891657,1.2246467991473532e-16,-1.0,172,24.7,1002.7,27.3,31.3,30.514285714285716
2016-06-22,28.4,25.1,82.8,1004.8,199.6,231.9,18.4,100,1,2016,6,2,174,2,0.1457991969198751,-0.9893142039703663,1.2246467991473532e-16,-1.0,173,25.6,1002.7,28.1,31.4,30.057142857142857
2016-06-23,28.0,25.2,85.3,1004.7,172.6,165.9,22.3,100,1,2016,6,2,175,2,0.12874817745258132,-0.99167731989929,1.2246467991473532e-16,-1.0,174,25.1,1004.8,28.4,31.4,29.62857142857143
2016-06-24,27.2,25.5,90.7,1004.0,170.5,204.5,27.4,100,1,2016,6,2,176,2,0.11165900712169512,-0.993746580436178,1.2246467991473532e-16,-1.0,175,25.2,1004.7,28.0,31.3,29.142857142857142
2016-06-25,26.6,25.1,91.7,1005.1,206.9,123.5,22.3,100,1,2016,6,2,177,2,0.09453674981719912,-0.9955213724144752,1.2246467991473532e-16,-1.0,176,25.5,1004.0,27.2,31.3,28.557142857142857
2016-06-26,26.5,24.9,91.4,1004.7,176.3,132.7,22.3,100,1,2016,6,2,178,2,0.07738647923346301,-0.9970011699250151,1.2246467991473532e-16,-1.0,177,25.1,1005.1,26.6,29.6,27.885714285714283
2016-06-27,27.0,25.5,91.7,1003.1,190.1,201.7,29.9,100,1,2016,6,2,179,2,0.06021327736579302,-0.9981855344718586,1.2246467991473532e-16,-1.0,178,24.9,1004.7,26.5,27.3,27.442857142857143
2016-06-28,27.1,25.9,93.4,1002.8,201.2,128.9,24.1,100,1,2016,6,2,180,2,0.04302223300453059,-0.99907411510223,1.2246467991473532e-16,-1.0,179,25.5,1003.1,27.0,28.1,27.4
2016-06-29,26.1,24.7,92.6,1004.0,202.8,176.7,20.8,100,1,2016,6,2,181,2,0.02581844022713308,-0.9996666485105112,1.2246467991473532e-16,-1.0,180,25.9,1002.8,27.1,28.4,27.25714285714286
2016-06-30,27.1,25.2,90.0,1003.7,192.1,189.9,24.1,100,1,2016,6,2,182,2,0.008606996888688698,-0.9999629591162655,1.2246467991473532e-16,-1.0,181,24.7,1004.0,26.1,28.0,26.928571428571427
2016-07-01,27.1,26.1,94.2,1002.3,197.4,176.4,20.5,100,1,2016,7,3,183,2,-0.008606996888688009,-0.9999629591162655,-0.4999999999999997,-0.8660254037844388,182,25.2,1003.7,27.1,27.2,26.8
2016-07-02,27.3,26.0,92.8,1001.9,240.0,133.7,27.7,100,1,2016,7,3,184,2,-0.02581844022713239,-0.9996666485105112,-0.4999999999999997,-0.8660254037844388,183,26.1,1002.3,27.1,26.6,26.785714285714285
2016-07-03,27.8,26.1,90.8,1002.4,244.0,132.6,27.7,100,1,2016,7,3,185,2,-0.04302223300453034,-0.99907411510223,-0.4999999999999997,-0.8660254037844388,184,26.0,1001.9,27.3,26.5,26.88571428571429
2016-07-04,27.7,26.0,90.7,1003.9,233.5,187.4,34.2,100,1,2016,7,3,186,2,-0.060213277365792774,-0.9981855344718586,-0.4999999999999997,-0.8660254037844388,185,26.1,1002.4,27.8,27.0,27.071428571428577
2016-07-05,27.5,25.5,89.2,1004.0,221.1,161.8,33.5,100,1,2016,7,3,187,2,-0.07738647923346322,-0.9970011699250151,-0.4999999999999997,-0.8660254037844388,186,26.0,1003.9,27.7,27.1,27.171428571428574
2016-07-06,28.1,25.6,86.7,1004.4,219.8,159.2,25.9,100,1,2016,7,3,188,2,-0.09453674981719933,-0.9955213724144752,-0.4999999999999997,-0.8660254037844388,187,25.5,1004.0,27.5,26.1,27.228571428571428
2016-07-07,28.6,25.6,83.7,1005.0,251.8,254.0,20.5,100,1,2016,7,3,189,2,-0.11165900712169444,-0.9937465804361781,-0.4999999999999997,-0.8660254037844388,188,25.6,1004.4,28.1,27.1,27.514285714285712
2016-07-08,28.5,25.7,85.1,1004.4,254.0,213.0,24.1,100,1,2016,7,3,190,2,-0.12874817745258066,-0.99167731989929,-0.4999999999999997,-0.8660254037844388,189,25.6,1005.0,28.6,27.1,27.72857142857143
2016-07-09,28.6,25.7,84.5,1003.0,251.0,131.8,26.6,100,1,2016,7,3,191,2,-0.14579919691987442,-0.9893142039703664,-0.4999999999999997,-0.8660254037844388,190,25.7,1004.4,28.5,27.3,27.928571428571427
2016-07-10,28.4,25.5,84.7,1002.4,251.2,132.0,37.1,100,1,2016,7,3,192,2,-0.16280701293851646,-0.9866579328916572,-0.4999999999999997,-0.8660254037844388,191,25.7,1003.0,28.6,27.8,28.114285714285717
2016-07-11,28.3,25.9,86.7,1002.6,256.8,119.6,35.3,100,1,2016,7,3,193,2,-0.17976658572556214,-0.9837092937736098,-0.4999999999999997,-0.8660254037844388,192,25.5,1002.4,28.4,27.7,28.199999999999996
2016-07-12,28.4,25.9,86.1,1003.1,249.1,179.8,31.0,100,1,2016,7,3,194,2,-0.19667288979357622,-0.9804691603616321,-0.4999999999999997,-0.8660254037844388,193,25.9,1002.6,28.3,27.5,28.285714285714285
2016-07-13,28.1,25.5,86.1,1003.7,240.0,274.6,27.7,100,1,2016,7,3,195,2,-0.2135209154397959,-0.9769384927771817,-0.4999999999999997,-0.8660254037844388,194,25.9,1003.1,28.4,28.1,28.414285714285715
2016-07-14,27.2,25.4,90.0,1004.1,211.7,263.5,25.9,100,1,2016,7,3,196,2,-0.23030567023061196,-0.973118337233262,-0.4999999999999997,-0.8660254037844388,195,25.5,1003.7,28.1,28.6,28.414285714285715
2016-07-15,27.9,25.4,86.8,1005.0,212.6,268.0,24.1,100,1,2016,7,3,197,2,-0.24702218048093527,-0.9690098257244063,-0.4999999999999997,-0.8660254037844388,196,25.4,1004.1,27.2,28.5,28.214285714285715
2016-07-16,28.3,25.2,83.6,1005.5,222.1,267.6,24.1,100,1,2016,7,3,198,2,-0.2636654927280072,-0.9646141756912435,-0.4999999999999997,-0.8660254037844388,197,25.4,1005.0,27.9,28.6,28.12857142857143
2016-07-17,27.5,25.2,87.6,1007.4,196.5,231.3,20.5,100,1,2016,7,3,199,2,-0.2802306751992161,-0.9599326896597445,-0.4999999999999997,-0.8660254037844388,198,25.2,1005.5,28.3,28.4,28.085714285714285
2016-07-18,27.3,25.0,87.6,1008.4,232.4,204.1,24.1,100,1,2016,7,3,200,2,-0.2967128192734901,-0.9549667548552553,-0.4999999999999997,-0.8660254037844388,199,25.2,1007.4,27.5,28.3,27.957142857142856
2016-07-19,26.2,25.0,92.9,1008.2,230.8,179.2,25.9,100,1,2016,7,3,201,2,-0.3131070409358267,-0.9497178427914317,-0.4999999999999997,-0.8660254037844388,200,25.0,1008.4,27.3,28.4,27.814285714285713
2016-07-20,27.6,24.9,85.5,1007.2,268.5,148.6,22.3,100,1,2016,7,3,202,2,-0.3294084822245302,-0.9441875088341994,-0.4999999999999997,-0.8660254037844388,201,25.0,1008.2,26.2,28.1,27.5
2016-07-21,25.8,24.4,91.6,1006.2,179.7,158.3,14.8,100,1,2016,7,3,203,2,-0.3456123126707333,-0.9383773917408642,-0.4999999999999997,-0.8660254037844388,202,24.9,1007.2,27.6,27.2,27.428571428571427
2016-07-22,27.3,25.1,88.2,1004.8,235.6,177.2,24.1,100,1,2016,7,3,204,2,-0.3617137307297674,-0.9322892131745134,-0.4999999999999997,-0.8660254037844388,203,24.4,1006.2,25.8,27.9,27.22857142857143
2016-07-23,27.7,25.2,86.5,1004.1,199.1,135.7,27.7,100,1,2016,7,3,205,2,-0.37770796520396466,-0.9259247771938499,-0.4999999999999997,-0.8660254037844388,204,25.1,1004.8,27.3,28.3,27.142857142857142
2016-07-24,27.6,25.0,85.9,1004.5,169.4,198.7,18.4,100,1,2016,7,3,206,2,-0.39359027665646645,-0.9192859697186105,-0.4999999999999997,-0.8660254037844388,205,25.2,1004.1,27.7,27.5,27.057142857142857
2016-07-25,27.9,25.4,86.8,1004.9,213.2,195.0,16.6,100,1,2016,7,3,207,2,-0.4093559588156211,-0.9123747579707274,-0.4999999999999997,-0.8660254037844388,206,25.0,1004.5,27.6,27.3,27.071428571428573
2016-07-26,26.6,24.8,90.3,1005.6,181.5,221.5,16.6,100,1,2016,7,3,208,2,-0.42500033996955394,-0.9051931898913975,-0.4999999999999997,-0.8660254037844388,207,25.4,1004.9,27.9,26.2,27.157142857142855
2016-07-27,26.1,24.3,90.4,1006.5,204.6,144.5,14.8,100,1,2016,7,3,209,2,-0.4405187843504952,-0.8977433935342336,-0.4999999999999997,-0.8660254037844388,208,24.8,1005.6,26.6,27.6,27.214285714285715
2016-07-28,26.1,24.3,90.2,1006.9,193.5,146.6,16.6,100,1,2016,7,3,210,2,-0.455906693508459,-0.8900275764346766,-0.4999999999999997,-0.8660254037844388,209,24.3,1006.5,26.1,25.8,27.0
2016-07-29,25.7,24.7,94.8,1006.3,161.6,216.0,14.8,100,1,2016,7,3,211,2,-0.47115950767386394,-0.8820480249558535,-0.4999999999999997,-0.8660254037844388,210,24.3,1006.9,26.1,27.3,27.042857142857144
2016-07-30,26.7,24.8,89.7,1005.5,245.0,188.8,22.3,100,1,2016,7,3,212,2,-0.4862727071086902,-0.8738071036110807,-0.4999999999999997,-0.8660254037844388,211,24.7,1006.3,25.7,27.7,26.814285714285717
2016-07-31,26.7,25.2,91.9,1006.4,251.1,139.0,27.0,100,1,2016,7,3,213,2,-0.5012418134457756,-0.8653072543632061,-0.4999999999999997,-0.8660254037844388,212,24.8,1005.5,26.7,27.6,26.67142857142857
2016-08-01,26.8,25.0,90.5,1005.1,255.3,112.2,33.5,100,1,2016,8,3,214,2,-0.5160623910158526,-0.8565509959010037,-0.8660254037844385,-0.5000000000000004,213,25.2,1006.4,26.7,27.9,26.542857142857144
2016-08-02,27.5,25.1,86.5,1002.3,245.1,154.9,33.5,100,1,2016,8,3,215,2,-0.5307300481619331,-0.8475409228928312,-0.8660254037844385,-0.5000000000000004,214,25.0,1005.1,26.8,26.6,26.385714285714283
2016-08-03,27.7,25.3,87.0,1002.1,251.1,135.4,33.5,100,1,2016,8,3,216,2,-0.5452404385406507,-0.8382797052177745,-0.8660254037844385,-0.5000000000000004,215,25.1,1002.3,27.5,26.1,26.514285714285712
2016-08-04,28.3,25.5,85.0,1002.9,254.0,207.9,29.5,100,1,2016,8,3,217,2,-0.5595892624101763,-0.828770087174504,-0.8660254037844385,-0.5000000000000004,216,25.3,1002.1,27.7,26.1,26.742857142857144
2016-08-05,27.0,25.6,92.1,1002.8,257.7,121.7,27.7,100,1,2016,8,3,218,2,-0.5737722679043243,-0.8190148866680802,-0.8660254037844385,-0.5000000000000004,217,25.5,1002.9,28.3,25.7,27.057142857142857
2016-08-06,27.5,25.3,88.0,1003.8,246.5,246.8,37.1,100,1,2016,8,3,219,2,-0.5877852522924734,-0.8090169943749472,-0.8660254037844385,-0.5000000000000004,218,25.6,1002.8,27.0,26.7,27.24285714285714
2016-08-07,28.3,25.0,82.6,1005.0,243.0,182.6,24.1,100,1,2016,8,3,220,2,-0.6016240632249227,-0.7987793728863648,-0.8660254037844385,-0.5000000000000004,219,25.3,1003.8,27.5,26.7,27.357142857142858
2016-08-08,28.5,25.3,82.9,1005.9,239.5,277.0,27.7,100,1,2016,8,3,221,2,-0.6152845999633277,-0.7883050558305253,-0.8660254037844385,-0.5000000000000004,220,25.0,1005.0,28.3,26.8,27.585714285714285
2016-08-09,28.3,25.1,82.9,1005.9,239.1,276.4,25.9,100,1,2016,8,3,222,2,-0.6287628145958345,-0.7775971469736268,-0.8660254037844385,-0.5000000000000004,221,25.3,1005.9,28.5,27.5,27.82857142857143
2016-08-10,28.2,25.0,83.0,1006.4,242.3,257.3,34.2,100,1,2016,8,3,223,2,-0.6420547132365636,-0.7666588193001592,-0.8660254037844385,-0.5000000000000004,222,25.1,1005.9,28.3,27.7,27.942857142857147
2016-08-11,27.9,25.1,84.8,1007.7,237.0,183.0,25.9,100,1,2016,8,3,224,2,-0.655156357209085,-0.7554933140726804,-0.8660254037844385,-0.5000000000000004,223,25.0,1006.4,28.2,28.3,28.014285714285712
2016-08-12,28.2,25.3,84.4,1008.1,249.5,272.0,27.7,100,1,2016,8,3,225,2,-0.6680638642135333,-0.7441039398713608,-0.8660254037844385,-0.5000000000000004,224,25.1,1007.7,27.9,27.0,27.95714285714286
2016-08-13,28.5,25.1,82.3,1007.2,257.8,279.0,25.9,100,1,2016,8,3,226,2,-0.6807734094770159,-0.7324940716135792,-0.8660254037844385,-0.5000000000000004,225,25.3,1008.1,28.2,27.5,28.12857142857143
2016-08-14,28.2,24.9,82.0,1007.0,247.9,280.5,31.7,100,1,2016,8,3,227,2,-0.6932812268869771,-0.7206671495538615,-0.8660254037844385,-0.5000000000000004,226,25.1,1007.2,28.5,28.3,28.271428571428572
2016-08-15,28.4,25.0,82.1,1006.8,250.8,271.3,29.2,100,1,2016,8,3,228,2,-0.7055836101071774,-0.70862667826446,-0.8660254037844385,-0.5000000000000004,227,24.9,1007.0,28.2,28.5,28.257142857142856
2016-08-16,28.6,24.7,79.3,1006.2,247.0,292.4,25.9,100,1,2016,8,3,229,2,-0.7176769136759615,-0.6963762255968726,-0.8660254037844385,-0.5000000000000004,228,25.0,1006.8,28.4,28.3,28.24285714285714
2016-08-17,28.5,24.7,80.2,1005.0,243.9,291.2,25.9,100,1,2016,8,3,230,2,-0.7295575540864876,-0.6839194216246105,-0.8660254037844385,-0.5000000000000004,229,24.7,1006.2,28.6,28.2,28.28571428571428
2016-08-18,28.3,24.8,81.9,1004.9,250.6,266.5,24.1,100,1,2016,8,3,231,2,-0.7412220108485957,-0.6712599575675315,-0.8660254037844385,-0.5000000000000004,230,24.7,1005.0,28.5,27.9,28.328571428571426
2016-08-19,28.5,24.8,80.5,1005.7,253.5,219.7,22.3,100,1,2016,8,3,232,2,-0.7526668275320083,-0.6584015846980489,-0.8660254037844385,-0.5000000000000004,231,24.8,1004.9,28.3,28.2,28.385714285714283
2016-08-20,28.4,24.8,81.0,1005.2,240.9,170.4,24.1,100,1,2016,8,3,233,2,-0.7638886127905429,-0.64534811322955,-0.8660254037844385,-0.5000000000000004,232,24.8,1005.7,28.5,28.5,28.428571428571427
2016-08-21,28.6,25.0,81.0,1005.5,246.9,278.3,22.3,100,1,2016,8,3,234,2,-0.7748840413670406,-0.6321034111873488,-0.8660254037844385,-0.5000000000000004,233,24.8,1005.2,28.4,28.2,28.414285714285715
2016-08-22,28.2,25.2,83.8,1006.2,260.5,268.1,20.5,100,1,2016,8,3,235,2,-0.7856498550787144,-0.6186714032625032,-0.8660254037844385,-0.5000000000000004,234,25.0,1005.5,28.6,28.4,28.47142857142857
2016-08-23,27.2,24.8,86.7,1006.0,251.3,169.0,22.3,100,1,2016,8,3,236,2,-0.7961828637826154,-0.6050560696488494,-0.8660254037844385,-0.5000000000000004,235,25.2,1006.2,28.2,28.6,28.442857142857143
2016-08-24,28.0,25.1,84.5,1005.5,264.7,265.3,25.9,100,1,2016,8,3,237,2,-0.8064799463209447,-0.5912614448635782,-0.8660254037844385,-0.5000000000000004,236,24.8,1006.0,27.2,28.5,28.242857142857144
2016-08-25,28.4,24.5,79.6,1006.9,255.0,279.8,24.1,100,1,2016,8,3,238,2,-0.8165380514459157,-0.5772916165517278,-0.8660254037844385,-0.5000000000000004,237,25.1,1005.5,28.0,28.3,28.171428571428574
2016-08-26,26.5,24.8,90.2,1006.7,223.0,244.6,16.6,100,1,2016,8,3,239,2,-0.8263541987239094,-0.5631507242749187,-0.8660254037844385,-0.5000000000000004,238,24.5,1006.9,28.4,28.5,28.185714285714287
2016-08-27,25.4,24.7,95.8,1006.6,163.0,202.4,14.8,100,1,2016,8,3,240,2,-0.8359254794186365,-0.5488429582847199,-0.8660254037844385,-0.5000000000000004,239,24.8,1006.7,26.5,28.4,27.900000000000002
2016-08-28,26.5,25.2,92.4,1006.6,200.9,218.8,18.4,100,1,2016,8,3,241,2,-0.8452490573530634,-0.5343725582809785,-0.8660254037844385,-0.5000000000000004,240,24.7,1006.6,25.4,28.6,27.471428571428568
2016-08-29,27.9,25.2,85.4,1006.4,246.0,189.9,25.9,100,1,2016,8,3,242,2,-0.8543221697498269,-0.5197438121555157,-0.8660254037844385,-0.5000000000000004,241,25.2,1006.6,26.5,28.2,27.17142857142857
2016-08-30,27.9,25.2,85.5,1005.4,247.3,180.0,20.5,100,1,2016,8,3,243,2,-0.8631421280499115,-0.5049610547215202,-0.8660254037844385,-0.5000000000000004,242,25.2,1006.4,27.9,27.2,27.12857142857143
2016-08-31,28.1,24.6,81.6,1006.0,236.2,245.0,24.1,100,1,2016,8,3,244,2,-0.8717063187093217,-0.4900286664290594,-0.8660254037844385,-0.5000000000000004,243,25.2,1005.4,27.9,28.0,27.228571428571428
2016-09-01,28.0,24.7,82.6,1006.8,236.7,239.6,22.3,100,1,2016,9,3,245,2,-0.8800122039735356,-0.4749510720670502,-1.0,-1.8369701987210297e-16,244,24.6,1006.0,28.1,28.4,27.24285714285714
2016-09-02,27.1,24.4,85.5,1007.2,228.1,281.2,25.9,100,1,2016,9,3,246,2,-0.888057322629493,-0.4597327394521046,-1.0,-1.8369701987210297e-16,245,24.7,1006.8,28.0,26.5,27.185714285714287
2016-09-03,27.2,24.2,84.0,1007.6,216.5,261.3,20.5,100,1,2016,9,3,247,2,-0.8958392907349089,-0.4443781781046134,-1.0,-1.8369701987210297e-16,246,24.4,1007.2,27.1,25.4,27.271428571428572
2016-09-04,28.3,23.8,76.7,1009.7,238.5,272.3,22.3,100,1,2016,9,3,248,2,-0.9033558023246842,-0.4288919379124841,-1.0,-1.8369701987210297e-16,247,24.2,1007.6,27.2,26.5,27.528571428571432
2016-09-05,28.3,23.2,74.0,1010.6,245.8,219.1,22.3,100,1,2016,9,3,249,2,-0.9106046300942162,-0.41327860778290443,-1.0,-1.8369701987210297e-16,248,23.8,1009.7,28.3,27.9,27.785714285714285
2016-09-06,28.5,23.2,73.4,1010.6,247.7,282.3,22.3,100,1,2016,9,3,250,2,-0.9175836260593934,-0.3975428142825566,-1.0,-1.8369701987210297e-16,249,23.2,1010.6,28.3,27.9,27.842857142857145
2016-09-07,27.8,23.3,76.9,1009.7,215.2,290.5,24.1,100,1,2016,9,3,251,2,-0.9242907221930934,-0.3816892202666586,-1.0,-1.8369701987210297e-16,250,23.2,1010.6,28.5,28.1,27.928571428571427
2016-09-08,27.8,23.5,77.9,1010.0,218.8,282.8,18.4,100,1,2016,9,3,252,2,-0.9307239310379793,-0.3657225234972692,-1.0,-1.8369701987210297e-16,251,23.3,1009.7,27.8,28.0,27.885714285714283
2016-09-09,27.4,23.8,81.4,1010.9,163.4,239.0,22.3,100,1,2016,9,3,253,2,-0.9368813462954315,-0.34964745525122826,-1.0,-1.8369701987210297e-16,252,23.5,1010.0,27.8,27.1,27.857142857142858
2016-09-10,27.1,23.9,82.6,1010.1,196.3,220.9,24.1,100,1,2016,9,3,254,2,-0.9427611433904206,-0.33346877891818705,-1.0,-1.8369701987210297e-16,253,23.8,1010.9,27.4,27.2,27.900000000000002
2016-09-11,27.9,24.1,80.5,1008.7,222.7,234.9,18.4,100,1,2016,9,3,255,2,-0.9483615800121716,-0.31719128858910595,-1.0,-1.8369701987210297e-16,254,23.9,1010.1,27.1,28.3,27.885714285714283
2016-09-12,28.2,24.1,78.7,1008.0,179.5,236.7,18.4,100,1,2016,9,3,256,2,-0.9536809966304455,-0.300819807635668,-1.0,-1.8369701987210297e-16,255,24.1,1008.7,27.9,28.3,27.82857142857143
2016-09-13,28.1,24.3,80.4,1008.4,206.3,230.6,18.4,100,1,2016,9,3,257,2,-0.9587178169872964,-0.2843591872810036,-1.0,-1.8369701987210297e-16,256,24.1,1008.0,28.2,28.5,27.814285714285713
2016-09-14,28.7,24.5,78.8,1008.1,202.2,226.6,18.4,100,1,2016,9,3,258,2,-0.9634705485641486,-0.26781430516217486,-1.0,-1.8369701987210297e-16,257,24.3,1008.4,28.1,27.8,27.75714285714286
2016-09-15,26.7,24.9,90.6,1007.0,242.7,192.6,20.5,100,1,2016,9,3,259,2,-0.9679377830240642,-0.25119006388481957,-1.0,-1.8369701987210297e-16,258,24.5,1008.1,28.7,27.8,27.885714285714283
2016-09-16,26.9,25.0,89.5,1005.1,236.9,104.5,13.0,100,1,2016,9,3,260,2,-0.9721181966290612,-0.23449138957041052,-1.0,-1.8369701987210297e-16,259,24.9,1007.0,26.7,27.4,27.728571428571428
2016-09-17,26.4,25.0,92.5,1004.1,215.6,84.74,18.4,100,1,2016,9,3,261,2,-0.9760105506323682,-0.21772323039653224,-1.0,-1.8369701987210297e-16,260,25.0,1005.1,26.9,27.1,27.657142857142855
2016-09-18,26.0,25.1,94.4,1005.4,237.8,84.74,25.9,100,1,2016,9,3,262,2,-0.9796136916454901,-0.20089055513063528,-1.0,-1.8369701987210297e-16,261,25.0,1004.1,26.4,27.9,27.557142857142857
2016-09-19,26.8,24.7,88.4,1008.2,269.9,258.7,22.3,100,1,2016,9,3,263,2,-0.9829265519799822,-0.18399835165767986,-1.0,-1.8369701987210297e-16,262,25.1,1005.4,26.0,28.2,27.285714285714285
2016-09-20,25.4,24.3,93.8,1008.3,236.7,261.3,22.3,100,1,2016,9,3,264,2,-0.9859481499638303,-0.1670516255021195,-1.0,-1.8369701987210297e-16,263,24.7,1008.2,26.8,28.1,27.085714285714285
2016-09-21,25.6,24.7,94.6,1008.1,292.7,156.4,20.5,100,1,2016,9,3,265,2,-0.9886775902323404,-0.15005539834465262,-1.0,-1.8369701987210297e-16,264,24.3,1008.3,25.4,28.7,26.7
2016-09-22,26.8,25.0,90.1,1007.8,301.2,145.9,26.6,100,1,2016,9,3,266,2,-0.9911140639934546,-0.13301470653419636,-1.0,-1.8369701987210297e-16,265,24.7,1008.1,25.6,26.7,26.257142857142856
2016-09-23,27.2,25.8,92.5,1005.9,284.3,89.7,31.3,100,1,2016,9,3,267,2,-0.9932568492674143,-0.11593459959550066,-1.0,-1.8369701987210297e-16,266,25.0,1007.8,26.8,26.9,26.271428571428572
2016-09-24,26.9,24.9,88.8,1005.1,275.1,145.6,24.8,100,1,2016,9,3,268,2,-0.9951053111006974,-0.09882013873287211,-1.0,-1.8369701987210297e-16,267,25.8,1005.9,27.2,26.4,26.314285714285713
2016-09-25,27.3,24.5,84.7,1006.3,269.3,144.3,20.5,100,1,2016,9,3,269,2,-0.99665890175417,-0.08167639533042288,-1.0,-1.8369701987210297e-16,268,24.9,1005.1,26.9,26.0,26.385714285714283
2016-09-26,28.5,24.7,80.4,1008.2,306.8,141.7,23.0,100,1,2016,9,3,270,2,-0.9979171608653922,-0.06450844944931625,-1.0,-1.8369701987210297e-16,269,24.5,1006.3,27.3,26.8,26.571428571428573
2016-09-27,28.2,25.1,83.6,1009.3,305.8,268.2,20.5,100,1,2016,9,3,271,2,-0.9988797155850335,-0.04732138832243232,-1.0,-1.8369701987210297e-16,270,24.7,1008.2,28.5,25.4,26.814285714285717
2016-09-28,28.1,24.8,82.7,1008.7,297.8,244.5,24.1,0,0,2016,9,3,272,2,-0.9995462806873573,-0.03012030484690836,-1.0,-1.8369701987210297e-16,271,25.1,1009.3,28.2,25.6,27.214285714285715
2016-09-29,28.2,23.9,78.3,1008.1,291.0,208.4,18.4,0,0,2016,9,3,273,2,-0.9999166586547379,-0.012910296075008843,-1.0,-1.8369701987210297e-16,272,24.8,1008.7,28.1,26.8,27.571428571428573
2016-09-30,27.9,23.5,77.8,1007.6,225.8,237.9,22.3,0,0,2016,9,3,274,2,-0.9999907397361901,0.004303538296243821,-1.0,-1.8369701987210297e-16,273,23.9,1008.1,28.2,27.2,27.771428571428572
2016-10-01,26.7,24.1,85.9,1007.4,287.1,194.0,18.4,100,1,2016,10,4,275,3,-0.9997685019798909,0.021516097436222233,-0.8660254037844386,0.5000000000000001,274,23.5,1007.6,27.9,26.9,27.871428571428574
2016-10-02,25.1,24.2,94.8,1008.4,164.3,134.0,18.4,100,1,2016,10,4,276,3,-0.9992500112396835,0.03872228089217399,-0.8660254037844386,0.5000000000000001,275,24.1,1007.4,26.7,27.3,27.842857142857145
2016-10-03,25.9,24.3,91.1,1007.5,165.6,170.4,23.4,100,1,2016,10,4,277,3,-0.9984354211555643,0.05591699010060302,-0.8660254037844386,0.5000000000000001,276,24.2,1008.4,25.1,28.5,27.52857142857143
2016-10-04,25.4,24.3,93.3,1007.7,174.6,143.8,18.4,100,1,2016,10,4,278,3,-0.9973249731081555,0.07309512989807776,-0.8660254037844386,0.5000000000000001,277,24.3,1007.5,25.9,28.2,27.157142857142855
2016-10-05,26.1,24.2,89.2,1008.6,202.5,263.3,22.3,100,1,2016,10,4,279,3,-0.9959189961471792,0.0902516100310407,-0.8660254037844386,0.5000000000000001,278,24.3,1007.7,25.4,28.1,26.75714285714286
2016-10-06,27.0,24.6,87.1,1008.9,188.0,253.4,22.3,100,1,2016,10,4,280,3,-0.994217906893952,0.10738134666416306,-0.8660254037844386,0.5000000000000001,279,24.2,1008.6,26.1,28.2,26.47142857142857
2016-10-07,27.6,24.7,85.0,1008.8,188.3,187.5,22.3,100,1,2016,10,4,281,3,-0.9922222094179324,0.12447926388678869,-0.8660254037844386,0.5000000000000001,280,24.6,1008.9,27.0,27.9,26.3
2016-10-08,28.0,24.4,81.2,1008.9,174.2,248.4,18.4,100,1,2016,10,4,282,3,-0.989932495087353,0.141540295217043,-0.8660254037844386,0.5000000000000001,281,24.7,1008.8,27.6,26.7,26.257142857142856
2016-10-09,28.0,24.8,83.2,1008.8,182.2,238.0,20.5,100,1,2016,10,4,283,3,-0.9873494423939864,0.15855938510313475,-0.8660254037844386,0.5000000000000001,282,24.4,1008.9,28.0,25.1,26.442857142857143
2016-10-10,28.7,25.4,82.5,1008.7,216.1,235.6,18.4,100,1,2016,10,4,284,3,-0.9844738167520923,0.17553149042142777,-0.8660254037844386,0.5000000000000001,283,24.8,1008.8,28.0,25.9,26.857142857142858
2016-10-11,28.6,24.7,80.0,1009.5,213.5,191.8,22.3,0,0,2016,10,4,285,3,-0.9813064702716093,0.19245158197082995,-0.8660254037844386,0.5000000000000001,284,25.4,1008.7,28.7,25.4,27.25714285714286
2016-10-12,28.3,23.7,77.0,1009.1,226.0,211.4,18.4,100,1,2016,10,4,286,3,-0.9778483415056567,0.20931464596304888,-0.8660254037844386,0.5000000000000001,285,24.7,1009.5,28.6,26.1,27.714285714285715
2016-10-13,28.3,22.4,71.8,1009.7,221.8,263.0,20.5,0,0,2016,10,4,287,3,-0.9741004551724206,0.22611568550828803,-0.8660254037844386,0.5000000000000001,286,23.7,1009.1,28.3,27.0,28.02857142857143
2016-10-14,28.7,22.9,72.0,1009.8,251.9,254.4,16.6,0,0,2016,10,4,288,3,-0.970063921851507,0.2428497220959358,-0.8660254037844386,0.5000000000000001,287,22.4,1009.7,28.3,27.6,28.214285714285715
2016-10-15,29.0,23.1,71.2,1009.9,179.9,253.7,16.6,0,0,2016,10,4,289,3,-0.965739937654855,0.25951179706979943,-0.8660254037844386,0.5000000000000001,288,22.9,1009.8,28.7,28.0,28.37142857142857
2016-10-16,29.4,24.5,75.2,1011.0,264.0,251.5,20.5,0,0,2016,10,4,290,3,-0.9611297838723007,0.27609697309746883,-0.8660254037844386,0.5000000000000001,289,23.1,1009.9,29.0,28.0,28.514285714285712
2016-10-17,30.0,23.3,68.3,1010.4,194.6,247.8,16.6,0,0,2016,10,4,291,3,-0.9562348265919058,0.2926003356333479,-0.8660254037844386,0.5000000000000001,290,24.5,1011.0,29.4,28.7,28.714285714285715
2016-10-18,31.0,20.9,58.2,1009.5,174.7,249.2,18.4,0,0,2016,10,4,292,3,-0.9510565162951536,0.30901699437494723,-0.8660254037844386,0.5000000000000001,291,23.3,1010.4,30.0,28.6,28.900000000000002
2016-10-19,30.4,19.3,52.9,1008.7,118.5,244.3,20.5,0,0,2016,10,4,293,3,-0.9455963874271428,0.3253420847119795,-0.8660254037844386,0.5000000000000001,292,20.9,1009.5,31.0,28.3,29.24285714285714
2016-10-20,29.5,19.3,56.4,1008.0,184.2,252.2,18.4,0,0,2016,10,4,294,3,-0.9398560579418953,0.341570769167856,-0.8660254037844386,0.5000000000000001,293,19.3,1008.7,30.4,28.3,29.542857142857144
2016-10-21,28.9,20.2,60.3,1008.9,187.3,250.6,18.4,0,0,2016,10,4,295,3,-0.9338372288229252,0.35769823883312546,-0.8660254037844386,0.5000000000000001,294,19.3,1008.0,29.5,28.7,29.714285714285715
2016-10-22,28.9,22.8,71.0,1010.5,230.4,245.7,16.6,0,0,2016,10,4,296,3,-0.9275416835791965,0.3737197147904692,-0.8660254037844386,0.5000000000000001,295,20.2,1008.9,28.9,29.0,29.742857142857144
2016-10-23,28.4,23.3,74.5,1010.8,242.2,244.6,20.9,0,0,2016,10,4,297,3,-0.9209712877166347,0.38963044953078774,-0.8660254037844386,0.5000000000000001,296,22.8,1010.5,28.9,29.4,29.728571428571428
2016-10-24,28.5,22.6,72.0,1010.8,268.5,229.6,20.5,0,0,2016,10,4,298,3,-0.9141279881853337,0.4054257283599973,-0.8660254037844386,0.5000000000000001,297,23.3,1010.8,28.4,30.0,29.585714285714285
2016-10-25,28.0,21.0,67.0,1011.8,235.4,251.2,20.5,0,0,2016,10,4,299,3,-0.9070138128026362,0.42110087079608916,-0.8660254037844386,0.5000000000000001,298,22.6,1010.8,28.5,31.0,29.37142857142857
2016-10-26,27.6,19.3,61.2,1010.6,125.9,243.4,18.4,0,0,2016,10,4,300,3,-0.8996308696522434,0.4366512319560638,-0.8660254037844386,0.5000000000000001,299,21.0,1011.8,28.0,30.4,28.942857142857143
2016-10-27,29.3,18.8,55.7,1011.4,154.6,243.1,20.5,0,0,2016,10,4,301,3,-0.8919813464595487,0.45207220393230374,-0.8660254037844386,0.5000000000000001,300,19.3,1010.6,27.6,29.5,28.54285714285714
2016-10-28,29.4,16.9,49.6,1011.1,157.7,250.1,22.3,0,0,2016,10,4,302,3,-0.8840675099433637,0.46735921715800205,-0.8660254037844386,0.5000000000000001,301,18.8,1011.4,29.3,28.9,28.514285714285712
2016-10-29,28.5,18.1,55.4,1010.5,150.1,238.9,14.8,0,0,2016,10,4,303,3,-0.8758917051442433,0.48250774176121763,-0.8660254037844386,0.5000000000000001,302,16.9,1011.1,29.4,28.9,28.585714285714285
2016-10-30,28.4,16.9,52.4,1011.0,118.3,243.5,18.4,0,0,2016,10,4,304,3,-0.8674563547295971,0.4975132889071803,-0.8660254037844386,0.5000000000000001,303,18.1,1010.5,28.5,28.4,28.528571428571432
2016-10-31,30.0,18.9,52.4,1012.5,105.7,226.2,20.5,0,0,2016,10,4,305,3,-0.858763958275803,0.5123714121284235,-0.8660254037844386,0.5000000000000001,304,16.9,1011.0,28.4,28.5,28.52857142857143
2016-11-01,30.2,17.2,47.5,1012.4,111.6,239.6,18.4,0,0,2016,11,4,306,3,-0.8498170915275277,0.5270777086423724,-0.5000000000000004,0.8660254037844384,305,18.9,1012.5,30.0,28.0,28.74285714285714
2016-11-02,29.5,13.1,38.3,1011.8,122.3,232.8,18.4,0,0,2016,11,4,307,3,-0.8406184056344783,0.5416278206559811,-0.5000000000000004,0.8660254037844384,306,17.2,1012.4,30.2,27.6,29.057142857142857
2016-11-03,28.7,14.4,44.0,1011.8,117.1,242.7,18.4,0,0,2016,11,4,308,3,-0.8311706263658079,0.5560174366570446,-0.5000000000000004,0.8660254037844384,307,13.1,1011.8,29.5,29.3,29.32857142857143
2016-11-04,27.9,15.9,49.6,1010.6,207.4,238.8,18.4,0,0,2016,11,4,309,3,-0.8214765533024145,0.5702422926917867,-0.5000000000000004,0.8660254037844384,308,14.4,1011.8,28.7,29.4,29.24285714285714
2016-11-05,27.8,17.5,55.5,1009.4,151.0,226.4,16.6,0,0,2016,11,4,310,3,-0.8115390590073611,0.5842981736283683,-0.5000000000000004,0.8660254037844384,309,15.9,1010.6,27.9,28.5,29.02857142857143
2016-11-06,28.2,15.0,47.5,1011.0,152.7,231.3,14.8,0,0,2016,11,4,311,3,-0.801361088174677,0.5981809144059158,-0.5000000000000004,0.8660254037844384,310,17.5,1009.4,27.8,28.4,28.928571428571427
2016-11-07,27.5,16.9,55.7,1012.8,137.3,223.1,16.6,0,0,2016,11,4,312,3,-0.7909456567567774,0.6118864012687242,-0.5000000000000004,0.8660254037844384,311,15.0,1011.0,28.2,30.0,28.900000000000002
2016-11-08,28.3,13.4,42.5,1013.2,118.3,233.4,18.4,0,0,2016,11,4,313,3,-0.780295851070776,0.6254105729852457,-0.5000000000000004,0.8660254037844384,312,16.9,1012.8,27.5,30.2,28.542857142857144
2016-11-09,28.0,13.1,42.5,1013.8,137.3,232.0,14.8,0,0,2016,11,4,314,3,-0.7694148268839381,0.6387494220515268,-0.5000000000000004,0.8660254037844384,313,13.4,1013.2,28.3,29.5,28.271428571428572
2016-11-10,26.9,13.5,45.5,1012.9,148.3,242.1,16.6,0,0,2016,11,4,315,3,-0.7583058084785625,0.6518989958787125,-0.5000000000000004,0.8660254037844384,314,13.1,1013.8,28.0,28.7,28.057142857142857
2016-11-11,27.2,12.6,44.5,1012.0,135.5,228.8,16.6,0,0,2016,11,4,316,3,-0.7469720876965551,0.6648553979642866,-0.5000000000000004,0.8660254037844384,315,13.5,1012.9,26.9,27.9,27.8
2016-11-12,27.6,14.5,47.8,1012.4,116.0,222.0,14.8,0,0,2016,11,4,317,3,-0.7354170229639858,0.6776147890466887,-0.5000000000000004,0.8660254037844384,316,12.6,1012.0,27.2,27.8,27.7
2016-11-13,27.9,15.2,48.1,1013.1,119.3,208.3,18.4,0,0,2016,11,4,318,3,-0.7236440382959124,0.690173388242972,-0.5000000000000004,0.8660254037844384,317,14.5,1012.4,27.6,28.2,27.67142857142857
2016-11-14,27.8,15.8,50.0,1012.6,145.3,194.2,14.8,0,0,2016,11,4,319,3,-0.711656622281775,0.7025274741691566,-0.5000000000000004,0.8660254037844384,318,15.2,1013.1,27.9,27.5,27.62857142857143
2016-11-15,28.2,19.7,61.6,1011.6,153.5,190.6,13.0,0,0,2016,11,4,320,3,-0.6994583270516471,0.7146733860429608,-0.5000000000000004,0.8660254037844384,319,15.8,1012.6,27.8,28.3,27.67142857142857
2016-11-16,29.4,21.1,62.0,1011.8,146.7,176.8,16.6,0,0,2016,11,4,321,3,-0.6870527672236675,0.7266075247685652,-0.5000000000000004,0.8660254037844384,320,19.7,1011.6,28.2,28.0,27.657142857142855
2016-11-17,29.8,18.4,53.2,1012.6,107.3,209.2,18.4,0,0,2016,11,4,322,3,-0.6744436188329457,0.7383263540031063,-0.5000000000000004,0.8660254037844384,321,21.1,1011.8,29.4,26.9,27.857142857142858
2016-11-18,28.6,14.2,43.0,1011.9,113.8,169.8,18.4,0,0,2016,11,4,323,3,-0.661634618242279,0.749826401204568,-0.5000000000000004,0.8660254037844384,322,18.4,1012.6,29.8,27.2,28.271428571428572
2016-11-19,28.0,14.8,46.3,1010.4,144.5,203.8,14.8,0,0,2016,11,4,324,3,-0.6486295610349818,0.7611042586607742,-0.5000000000000004,0.8660254037844384,323,14.2,1011.9,28.6,27.6,28.471428571428568
2016-11-20,26.9,14.8,50.1,1011.0,179.3,222.9,16.6,0,0,2016,11,4,325,3,-0.6354323008901775,0.7721565844991641,-0.5000000000000004,0.8660254037844384,324,14.8,1010.4,28.0,27.9,28.52857142857143
2016-11-21,27.3,14.5,49.3,1011.1,122.4,229.2,14.8,0,0,2016,11,4,326,3,-0.622046748440868,0.7829801036770624,-0.5000000000000004,0.8660254037844384,325,14.8,1011.0,26.9,27.8,28.385714285714283
2016-11-22,27.5,14.0,46.4,1011.0,144.3,226.7,16.6,0,0,2016,11,4,327,3,-0.6084768701151264,0.7935716089521472,-0.5000000000000004,0.8660254037844384,326,14.5,1011.1,27.3,28.2,28.314285714285717
2016-11-23,28.1,14.6,46.1,1010.6,136.2,222.4,13.0,0,0,2016,11,4,328,3,-0.594726686960764,0.8039279618328208,-0.5000000000000004,0.8660254037844384,327,14.0,1011.0,27.5,29.4,28.214285714285715
2016-11-24,28.3,14.6,45.7,1011.0,125.1,220.3,16.6,0,0,2016,11,4,329,3,-0.5808002734538013,0.8140460935082175,-0.5000000000000004,0.8660254037844384,328,14.6,1010.6,28.1,29.8,28.028571428571432
2016-11-25,28.2,13.7,43.6,1011.0,118.0,224.7,14.8,0,0,2016,11,4,330,3,-0.5667017562911184,0.8239230057575536,-0.5000000000000004,0.8660254037844384,329,14.6,1011.0,28.3,28.6,27.814285714285717
2016-11-26,27.5,13.6,45.6,1011.9,177.3,230.8,15.1,0,0,2016,11,4,331,3,-0.5524353131676203,0.8335557718385695,-0.5000000000000004,0.8660254037844384,330,13.7,1011.0,28.2,28.0,27.75714285714286
2016-11-27,27.7,15.0,48.7,1012.0,159.0,229.2,16.6,0,0,2016,11,4,332,3,-0.5380051715382992,0.8429415373547832,-0.5000000000000004,0.8660254037844384,331,13.6,1011.9,27.5,26.9,27.685714285714287
2016-11-28,28.1,16.7,52.6,1011.6,151.4,229.3,18.4,0,0,2016,11,4,333,3,-0.5234156073655503,0.8520775211013093,-0.5000000000000004,0.8660254037844384,332,15.0,1012.0,27.7,27.3,27.8
2016-11-29,27.1,19.3,64.5,1012.4,148.9,215.6,14.8,0,0,2016,11,4,334,3,-0.5086709438521042,0.8609610158889945,-0.5000000000000004,0.8660254037844384,333,16.7,1011.6,28.1,27.5,27.914285714285715
2016-11-30,27.2,18.7,61.1,1012.8,146.4,213.1,14.8,0,0,2016,11,4,335,3,-0.49377555015997737,0.8695893893466109,-0.5000000000000004,0.8660254037844384,334,19.3,1012.4,27.1,28.1,27.857142857142858
2016-12-01,27.4,17.5,56.7,1012.2,167.0,148.1,14.8,0,0,2016,12,4,336,0,-0.4787338401157883,0.8779600847008883,-2.4492935982947064e-16,1.0,335,18.7,1012.8,27.2,28.3,27.728571428571428
2016-12-02,27.9,16.1,51.7,1012.0,150.5,163.5,18.4,0,0,2016,12,4,337,0,-0.4635502709028512,0.8860706215341378,-2.4492935982947064e-16,1.0,336,17.5,1012.2,27.4,28.2,27.599999999999998
2016-12-03,28.2,16.1,49.6,1012.8,139.5,211.6,14.8,0,0,2016,12,4,338,0,-0.4482293417404106,0.893918596519257,-2.4492935982947064e-16,1.0,337,16.1,1012.0,27.9,27.5,27.557142857142857
2016-12-04,29.7,19.0,53.7,1013.8,145.3,204.0,18.4,0,0,2016,12,4,339,0,-0.4327755925504317,0.9015016841318838,-2.4492935982947064e-16,1.0,338,16.1,1012.8,28.2,27.7,27.657142857142855
2016-12-05,29.4,19.7,57.1,1013.3,157.3,163.5,16.6,0,0,2016,12,4,340,0,-0.41719360261231697,0.9088176373395028,-2.4492935982947064e-16,1.0,339,19.0,1013.8,29.7,28.1,27.942857142857147
2016-12-06,28.6,17.1,51.7,1012.8,106.5,205.0,14.8,0,0,2016,12,4,341,0,-0.4014879892059737,0.9158642882672868,-2.4492935982947064e-16,1.0,340,19.7,1013.3,29.4,27.1,28.128571428571426
2016-12-07,26.8,14.2,48.6,1013.0,159.4,216.6,18.4,0,0,2016,12,4,342,0,-0.38566340624360745,0.9226395488404875,-2.4492935982947064e-16,1.0,341,17.1,1012.8,28.6,27.2,28.342857142857138
2016-12-08,27.1,13.7,46.2,1012.9,185.3,215.8,16.6,0,0,2016,12,4,343,0,-0.3697245428906732,0.9291414114031743,-2.4492935982947064e-16,1.0,342,14.2,1013.0,26.8,27.4,28.285714285714285
2016-12-09,26.3,16.0,55.1,1012.0,142.3,214.7,16.6,0,0,2016,12,4,344,0,-0.3536761221763721,0.935367949313148,-2.4492935982947064e-16,1.0,343,13.7,1012.9,27.1,27.9,28.24285714285714
2016-12-10,25.9,15.5,55.0,1011.5,119.6,218.7,16.6,0,0,2016,12,4,345,0,-0.33752289959411347,0.941317317512847,-2.4492935982947064e-16,1.0,344,16.0,1012.0,26.3,28.2,28.014285714285712
2016-12-11,25.2,14.4,53.9,1010.7,179.4,219.4,16.6,0,0,2016,12,4,346,0,-0.32126966169236515,0.9469877530760751,-2.4492935982947064e-16,1.0,345,15.5,1011.5,25.9,29.7,27.685714285714287
2016-12-12,26.5,15.0,52.5,1010.5,145.2,218.8,19.1,0,0,2016,12,4,347,0,-0.3049212246562894,0.9523775757303973,-2.4492935982947064e-16,1.0,346,14.4,1010.7,25.2,29.4,27.042857142857144
2016-12-13,27.3,13.8,46.0,1009.8,111.3,219.5,20.5,0,0,2016,12,4,348,0,-0.2884824328806098,0.9574851883550389,-2.4492935982947064e-16,1.0,347,15.0,1010.5,26.5,28.6,26.62857142857143
2016-12-14,28.3,15.3,46.9,1010.7,136.1,197.2,18.4,0,0,2016,12,4,349,0,-0.27195815753410524,0.9623090774541487,-2.4492935982947064e-16,1.0,348,13.8,1009.8,27.3,26.8,26.442857142857147
2016-12-15,29.0,19.8,58.3,1011.8,130.8,200.2,20.5,0,0,2016,12,4,350,0,-0.2553532951161881,0.9668478136052773,-2.4492935982947064e-16,1.0,349,15.3,1010.7,28.3,27.1,26.657142857142855
2016-12-16,29.4,18.5,53.2,1013.0,124.3,196.9,18.4,0,0,2016,12,4,351,0,-0.23867276600594997,0.9711000518829505,-2.4492935982947064e-16,1.0,350,19.8,1011.8,29.0,26.3,26.928571428571427
2016-12-17,29.0,17.3,50.2,1013.6,170.0,192.3,23.4,0,0,2016,12,4,352,0,-0.22192151300416674,0.9750645322571945,-2.4492935982947064e-16,1.0,351,18.5,1013.0,29.4,25.9,27.37142857142857
2016-12-18,28.1,13.2,41.2,1014.3,145.0,210.7,18.4,0,0,2016,12,4,353,0,-0.20510449986861926,0.9787400799669153,-2.4492935982947064e-16,1.0,352,17.3,1013.6,29.0,25.2,27.814285714285713
2016-12-19,26.4,14.4,49.1,1013.9,149.7,216.3,16.6,0,0,2016,12,4,354,0,-0.1882267098432439,0.9821256058680006,-2.4492935982947064e-16,1.0,353,13.2,1014.3,28.1,26.5,28.228571428571428
2016-12-20,27.1,14.8,48.7,1012.9,130.9,212.5,16.6,0,0,2016,12,4,355,0,-0.1712931441814778,0.9852201067560606,-2.4492935982947064e-16,1.0,354,14.4,1013.9,26.4,27.3,28.214285714285715
2016-12-21,27.2,15.1,50.3,1014.1,172.0,217.2,18.4,0,0,2016,12,4,356,0,-0.154308820664281,0.9880226656636976,-2.4492935982947064e-16,1.0,355,14.8,1012.9,27.1,28.3,28.185714285714283
2016-12-22,26.2,16.1,55.7,1014.1,150.5,201.1,23.0,0,0,2016,12,4,357,0,-0.13727877211326517,0.9905324521322227,-2.4492935982947064e-16,1.0,356,15.1,1014.1,27.2,29.0,28.028571428571432
2016-12-23,26.3,16.4,56.5,1012.2,153.2,218.2,18.4,0,0,2016,12,4,358,0,-0.12020804489935275,0.9927487224577402,-2.4492935982947064e-16,1.0,357,16.1,1014.1,26.2,29.4,27.62857142857143
2016-12-24,25.9,16.8,59.0,1010.7,137.3,215.2,14.8,0,0,2016,12,4,359,0,-0.10310169744743544,0.9946708199115211,-2.4492935982947064e-16,1.0,358,16.4,1012.2,26.3,29.0,27.185714285714287
2016-12-25,25.7,17.7,64.8,1011.2,156.5,212.7,16.6,0,0,2016,12,4,360,0,-0.0859647987374467,0.9962981749346077,-2.4492935982947064e-16,1.0,359,16.8,1010.7,25.9,28.1,26.74285714285714
2016-12-26,26.4,15.7,55.2,1012.3,127.2,211.5,16.6,0,0,2016,12,4,361,0,-0.06880242680232064,0.9976303053065857,-2.4492935982947064e-16,1.0,360,17.7,1011.2,25.7,26.4,26.400000000000002
2016-12-27,26.2,13.8,48.4,1012.5,127.3,211.7,18.4,0,0,2016,12,4,362,0,-0.05161966722325418,0.9986668162884759,-2.4492935982947064e-16,1.0,361,15.7,1012.3,26.4,27.1,26.400000000000002
2016-12-28,26.1,11.4,41.7,1012.5,146.8,220.0,16.6,0,0,2016,12,4,363,0,-0.034421611622745804,0.9994074007397048,-2.4492935982947064e-16,1.0,362,13.8,1012.5,26.2,27.2,26.271428571428572
2016-12-29,26.7,12.6,43.9,1012.8,137.3,216.0,16.6,0,0,2016,12,4,364,0,-0.01721335615583528,0.9998518392091162,-2.4492935982947064e-16,1.0,363,11.4,1012.5,26.1,26.2,26.11428571428571
2016-12-30,27.0,14.0,47.6,1013.2,129.2,215.0,20.5,0,0,2016,12,4,365,0,6.432490598706546e-16,1.0,-2.4492935982947064e-16,1.0,364,12.6,1012.8,26.7,26.3,26.185714285714287
2016-12-31,26.4,16.5,56.6,1012.6,148.0,209.2,16.6,0,0,2016,12,4,366,0,0.017213356155833904,0.9998518392091162,-2.4492935982947064e-16,1.0,365,14.0,1013.2,27.0,25.9,26.285714285714285
2017-01-01,25.8,16.0,57.0,1012.8,136.8,201.3,14.8,0,0,2017,1,1,1,0,0.017213356155834685,0.9998518392091162,0.49999999999999994,0.8660254037844387,366,16.5,1012.6,26.4,25.7,26.357142857142858
2017-01-02,25.9,16.2,58.2,1013.8,126.3,202.5,14.8,0,0,2017,1,1,2,0,0.03442161162274574,0.9994074007397048,0.49999999999999994,0.8660254037844387,367,16.0,1012.8,25.8,26.4,26.37142857142857
2017-01-03,26.1,12.9,46.8,1013.7,165.4,216.1,22.3,0,0,2017,1,1,3,0,0.051619667223253764,0.998666816288476,0.49999999999999994,0.8660254037844387,368,16.2,1013.8,25.9,26.2,26.3
2017-01-04,25.6,13.7,50.8,1013.5,141.8,220.3,16.6,0,0,2017,1,1,4,0,0.06880242680231986,0.9976303053065857,0.49999999999999994,0.8660254037844387,369,12.9,1013.7,26.1,26.1,26.285714285714285
2017-01-05,25.2,15.0,55.4,1012.7,149.0,217.8,14.8,0,0,2017,1,1,5,0,0.08596479873744647,0.9962981749346078,0.49999999999999994,0.8660254037844387,370,13.7,1013.5,25.6,26.7,26.214285714285715
2017-01-06,24.1,16.8,65.2,1012.5,188.6,219.1,24.1,0,0,2017,1,1,6,0,0.10310169744743485,0.9946708199115211,0.49999999999999994,0.8660254037844387,371,15.0,1012.7,25.2,27.0,26.0
2017-01-07,23.9,17.7,69.0,1011.3,165.5,218.2,18.4,0,0,2017,1,1,7,0,0.1202080448993527,0.9927487224577402,0.49999999999999994,0.8660254037844387,372,16.8,1012.5,24.1,26.4,25.585714285714285
2017-01-08,24.6,17.6,66.3,1010.5,195.5,210.0,16.6,0,0,2017,1,1,8,0,0.13727877211326478,0.9905324521322229,0.49999999999999994,0.8660254037844387,373,17.7,1011.3,23.9,25.8,25.22857142857143
2017-01-09,24.6,14.7,55.5,1011.3,163.5,210.4,22.3,0,0,2017,1,1,9,0,0.15430882066428117,0.9880226656636976,0.49999999999999994,0.8660254037844387,374,17.6,1010.5,24.6,25.9,25.057142857142857
2017-01-10,23.3,12.0,50.4,1012.8,263.7,225.6,18.4,0,0,2017,1,1,10,0,0.1712931441814776,0.9852201067560606,0.49999999999999994,0.8660254037844387,375,14.7,1011.3,24.6,26.1,24.87142857142857
2017-01-11,22.6,12.6,55.3,1012.9,183.4,228.0,18.4,0,0,2017,1,1,11,0,0.1882267098432442,0.9821256058680006,0.49999999999999994,0.8660254037844387,376,12.0,1012.8,23.3,25.6,24.47142857142857
2017-01-12,22.5,11.8,53.7,1011.5,177.8,225.8,18.4,0,0,2017,1,1,12,0,0.2051044998686192,0.9787400799669153,0.49999999999999994,0.8660254037844387,377,12.6,1012.9,22.6,25.2,24.042857142857144
2017-01-13,23.6,13.5,55.6,1010.9,113.2,216.9,20.5,0,0,2017,1,1,13,0,0.2219215130041655,0.9750645322571948,0.49999999999999994,0.8660254037844387,378,11.8,1011.5,22.5,24.1,23.657142857142855
2017-01-14,25.1,16.3,60.0,1012.0,138.3,196.5,20.5,0,0,2017,1,1,14,0,0.2386727660059501,0.9711000518829505,0.49999999999999994,0.8660254037844387,379,13.5,1010.9,23.6,23.9,23.585714285714285
2017-01-15,25.7,19.0,68.5,1014.0,140.5,196.0,18.4,0,0,2017,1,1,15,0,0.255353295116187,0.9668478136052775,0.49999999999999994,0.8660254037844387,380,16.3,1012.0,25.1,24.6,23.75714285714286
2017-01-16,25.3,17.8,64.7,1014.4,125.8,195.1,14.8,0,0,2017,1,1,16,0,0.2719581575341055,0.9623090774541486,0.49999999999999994,0.8660254037844387,381,19.0,1014.0,25.7,24.6,23.914285714285715
2017-01-17,24.5,15.5,58.9,1013.9,189.2,199.3,16.6,0,0,2017,1,1,17,0,0.288482432880609,0.9574851883550393,0.49999999999999994,0.8660254037844387,382,17.8,1014.4,25.3,23.3,24.014285714285716
2017-01-18,24.5,14.7,55.6,1014.4,162.6,196.5,23.4,0,0,2017,1,1,18,0,0.30492122465628907,0.9523775757303974,0.49999999999999994,0.8660254037844387,383,15.5,1013.9,24.5,22.6,24.185714285714287
2017-01-19,25.7,15.5,55.0,1014.6,144.2,195.9,18.4,0,0,2017,1,1,19,0,0.3212696616923644,0.9469877530760753,0.49999999999999994,0.8660254037844387,384,14.7,1014.4,24.5,22.5,24.457142857142856
2017-01-20,25.9,14.7,51.9,1014.6,156.8,219.5,20.5,0,0,2017,1,1,20,0,0.3375228995941133,0.9413173175128471,0.49999999999999994,0.8660254037844387,385,15.5,1014.6,25.7,23.6,24.914285714285715
2017-01-21,26.7,14.4,48.9,1015.1,157.5,222.8,16.6,0,0,2017,1,1,21,0,0.3536761221763716,0.9353679493131483,0.49999999999999994,0.8660254037844387,386,14.7,1014.6,25.9,25.1,25.242857142857144
2017-01-22,27.7,14.5,46.3,1015.7,124.0,228.0,19.1,0,0,2017,1,1,22,0,0.3697245428906731,0.9291414114031743,0.49999999999999994,0.8660254037844387,387,14.4,1015.1,26.7,25.7,25.47142857142857
2017-01-23,28.7,13.8,43.1,1014.9,124.5,230.1,18.4,0,0,2017,1,1,23,0,0.38566340624360707,0.9226395488404876,0.49999999999999994,0.8660254037844387,388,14.5,1015.7,27.7,25.3,25.757142857142856
2017-01-24,28.5,14.9,45.2,1014.3,140.3,221.8,16.6,0,0,2017,1,1,24,0,0.401487989205973,0.9158642882672872,0.49999999999999994,0.8660254037844387,389,13.8,1014.9,28.7,24.5,26.242857142857144
2017-01-25,28.2,14.4,44.8,1014.4,139.2,214.0,14.8,0,0,2017,1,1,25,0,0.4171936026123168,0.9088176373395029,0.49999999999999994,0.8660254037844387,390,14.9,1014.3,28.5,24.5,26.814285714285713
2017-01-26,27.1,14.9,48.2,1014.2,173.0,209.2,22.3,0,0,2017,1,1,26,0,0.4327755925504312,0.901501684131884,0.49999999999999994,0.8660254037844387,391,14.4,1014.4,28.2,25.7,27.342857142857138
2017-01-27,25.4,13.6,49.8,1014.3,259.5,241.8,20.5,0,0,2017,1,1,27,0,0.4482293417404106,0.893918596519257,0.49999999999999994,0.8660254037844387,392,14.9,1014.2,27.1,25.9,27.54285714285714
2017-01-28,27.6,12.4,41.6,1013.3,134.2,233.8,28.8,0,0,2017,1,1,28,0,0.4635502709028509,0.886070621534138,0.49999999999999994,0.8660254037844387,393,13.6,1014.3,25.4,26.7,27.471428571428568
2017-01-29,28.2,12.7,39.5,1013.5,148.6,240.1,16.6,0,0,2017,1,1,29,0,0.47873384011578846,0.8779600847008882,0.49999999999999994,0.8660254037844387,394,12.4,1013.3,27.6,27.7,27.599999999999998
2017-01-30,27.6,13.7,43.9,1013.0,150.5,237.7,16.6,0,0,2017,1,1,30,0,0.49377555015997715,0.869589389346611,0.49999999999999994,0.8660254037844387,395,12.7,1013.5,28.2,28.7,27.671428571428574
2017-01-31,27.1,14.0,46.4,1012.4,218.9,234.5,18.4,0,0,2017,1,1,31,0,0.5086709438521044,0.8609610158889943,0.49999999999999994,0.8660254037844387,396,13.7,1013.0,27.6,28.5,27.514285714285712
2017-02-01,26.5,13.7,47.3,1012.3,138.9,239.6,14.8,0,0,2017,2,1,32,0,0.5234156073655503,0.8520775211013093,0.8660254037844386,0.5000000000000001,397,14.0,1012.4,27.1,28.2,27.314285714285713
2017-02-02,27.1,16.4,54.8,1013.4,169.7,235.0,18.4,0,0,2017,2,1,33,0,0.5380051715382996,0.8429415373547828,0.8660254037844386,0.5000000000000001,398,13.7,1012.3,26.5,27.1,27.071428571428573
2017-02-03,26.3,19.0,65.3,1014.2,193.7,232.9,23.8,0,0,2017,2,1,34,0,0.5524353131676196,0.8335557718385699,0.8660254037844386,0.5000000000000001,399,16.4,1013.4,27.1,25.4,27.071428571428573
2017-02-04,25.1,19.0,69.8,1013.5,209.8,225.8,20.5,0,0,2017,2,1,35,0,0.5667017562911176,0.8239230057575542,0.8660254037844386,0.5000000000000001,400,19.0,1014.2,26.3,27.6,27.2
2017-02-05,24.3,19.3,74.1,1014.0,273.8,199.6,27.7,0,0,2017,2,1,36,0,0.5808002734538009,0.8140460935082178,0.8660254037844386,0.5000000000000001,401,19.0,1013.5,25.1,28.2,26.842857142857145
2017-02-06,23.6,14.6,58.8,1014.1,264.0,245.8,24.1,0,0,2017,2,1,37,0,0.5947266869607634,0.8039279618328213,0.8660254037844386,0.5000000000000001,402,19.3,1014.0,24.3,27.6,26.285714285714285
2017-02-07,24.3,13.2,51.4,1013.0,188.7,247.4,23.4,0,0,2017,2,1,38,0,0.6084768701151261,0.7935716089521474,0.8660254037844386,0.5000000000000001,403,14.6,1014.1,23.6,27.1,25.714285714285715
2017-02-08,25.6,16.8,59.4,1013.1,227.1,238.8,20.5,0,0,2017,2,1,39,0,0.6220467484408675,0.7829801036770629,0.8660254037844386,0.5000000000000001,404,13.2,1013.0,24.3,26.5,25.314285714285717
2017-02-09,26.3,14.4,50.1,1012.3,221.8,237.8,18.4,0,0,2017,2,1,40,0,0.6354323008901774,0.7721565844991642,0.8660254037844386,0.5000000000000001,405,16.8,1013.1,25.6,27.1,25.185714285714287
2017-02-10,26.2,14.2,49.1,1010.7,175.3,235.3,16.6,0,0,2017,2,1,41,0,0.6486295610349814,0.7611042586607747,0.8660254037844386,0.5000000000000001,406,14.4,1012.3,26.3,26.3,25.071428571428573
2017-02-11,24.7,16.4,62.1,1012.4,244.2,252.8,22.3,0,0,2017,2,1,42,0,0.6616346182422783,0.7498264012045686,0.8660254037844386,0.5000000000000001,407,14.2,1010.7,26.2,25.1,25.057142857142857
2017-02-12,24.9,14.8,56.8,1013.7,171.8,261.3,18.4,0,0,2017,2,1,43,0,0.6744436188329455,0.7383263540031065,0.8660254037844386,0.5000000000000001,408,16.4,1012.4,24.7,24.3,25.0
2017-02-13,27.0,15.1,50.3,1014.3,139.8,243.9,16.6,0,0,2017,2,1,44,0,0.6870527672236669,0.7266075247685656,0.8660254037844386,0.5000000000000001,409,14.8,1013.7,24.9,23.6,25.085714285714285
2017-02-14,28.9,14.8,44.3,1015.72,173.3,254.5,18.4,0,0,2017,2,1,45,0,0.699458327051647,0.7146733860429609,0.8660254037844386,0.5000000000000001,410,15.1,1014.3,27.0,24.3,25.571428571428573
2017-02-15,29.7,14.9,42.6,1015.72,135.6,234.2,18.4,0,0,2017,2,1,46,0,0.7116566222817746,0.7025274741691571,0.8660254037844386,0.5000000000000001,411,14.8,1015.72,28.9,25.6,26.228571428571428
2017-02-16,29.9,14.7,41.7,1014.5,165.6,255.5,20.5,0,0,2017,2,1,47,0,0.7236440382959124,0.6901733882429719,0.8660254037844386,0.5000000000000001,412,14.9,1015.72,29.7,26.3,26.814285714285713
2017-02-17,30.4,14.7,39.9,1013.3,147.1,241.6,18.4,0,0,2017,2,1,48,0,0.7354170229639855,0.6776147890466889,0.8660254037844386,0.5000000000000001,413,14.7,1014.5,29.9,26.2,27.328571428571426
2017-02-18,31.0,11.9,33.6,1013.6,174.0,270.3,20.5,0,0,2017,2,1,49,0,0.7469720876965552,0.6648553979642865,0.8660254037844386,0.5000000000000001,414,14.7,1013.3,30.4,24.7,27.928571428571427
2017-02-19,29.8,14.9,43.5,1013.0,197.8,270.1,24.5,0,0,2017,2,1,50,0,0.7583058084785624,0.6518989958787126,0.8660254037844386,0.5000000000000001,415,11.9,1013.6,31.0,24.9,28.82857142857143
2017-02-20,29.2,17.3,51.5,1010.7,247.0,260.5,24.1,0,0,2017,2,1,51,0,0.7694148268839378,0.6387494220515272,0.8660254037844386,0.5000000000000001,416,14.9,1013.0,29.8,27.0,29.52857142857143
2017-02-21,26.3,21.4,75.0,1011.0,265.3,270.9,24.1,0,0,2017,2,1,52,0,0.7802958510707755,0.6254105729852463,0.8660254037844386,0.5000000000000001,417,17.3,1010.7,29.2,28.9,29.842857142857145
2017-02-22,26.0,20.6,72.7,1012.1,269.5,273.7,18.4,0,0,2017,2,1,53,0,0.7909456567567772,0.6118864012687243,0.8660254037844386,0.5000000000000001,418,21.4,1011.0,26.3,29.7,29.47142857142857
2017-02-23,27.8,18.3,59.2,1012.5,235.1,279.5,22.3,0,0,2017,2,1,54,0,0.8013610881746766,0.5981809144059165,0.8660254037844386,0.5000000000000001,419,20.6,1012.1,26.0,29.9,28.942857142857147
2017-02-24,28.7,15.1,46.9,1012.5,209.5,281.0,27.7,0,0,2017,2,1,55,0,0.8115390590073611,0.5842981736283684,0.8660254037844386,0.5000000000000001,420,18.3,1012.5,27.8,30.4,28.642857142857142
2017-02-25,29.6,12.8,38.2,1011.8,155.0,282.9,27.7,0,0,2017,2,1,56,0,0.8214765533024142,0.5702422926917871,0.8660254037844386,0.5000000000000001,421,15.1,1012.5,28.7,31.0,28.400000000000002
2017-02-26,29.6,13.3,40.4,1009.9,180.4,285.5,22.3,0,0,2017,2,1,57,0,0.8311706263658079,0.5560174366570446,0.8660254037844386,0.5000000000000001,422,12.8,1011.8,29.6,29.8,28.2
2017-02-27,29.3,16.0,47.1,1010.7,130.8,280.1,16.6,100,1,2017,2,1,58,0,0.8406184056344782,0.5416278206559814,0.8660254037844386,0.5000000000000001,423,13.3,1009.9,29.6,29.2,28.171428571428574
2017-02-28,29.5,13.5,40.0,1011.4,121.4,280.5,25.2,0,0,2017,2,1,59,0,0.8498170915275278,0.5270777086423722,0.8660254037844386,0.5000000000000001,424,16.0,1010.7,29.3,26.3,28.185714285714287
2017-03-01,29.9,15.8,45.6,1010.6,204.7,277.1,26.6,100,1,2017,3,1,60,1,0.8587639582758029,0.5123714121284237,1.0,6.123233995736766e-17,425,13.5,1011.4,29.5,26.0,28.642857142857142
2017-03-02,28.7,16.5,49.9,1009.5,218.6,270.4,29.5,100,1,2017,3,1,61,1,0.8674563547295969,0.49751328890718066,1.0,6.123233995736766e-17,426,15.8,1010.6,29.9,27.8,29.199999999999996
2017-03-03,28.0,18.0,55.9,1007.9,244.5,274.6,20.2,0,0,2017,3,1,62,1,0.8758917051442429,0.48250774176121847,1.0,6.123233995736766e-17,427,16.5,1009.5,28.7,28.7,29.32857142857143
2017-03-04,27.0,19.0,63.9,1007.9,233.3,293.1,20.5,0,0,2017,3,1,63,1,0.8840675099433636,0.4673592171580022,1.0,6.123233995736766e-17,428,18.0,1007.9,28.0,29.6,29.22857142857143
2017-03-05,27.7,16.3,53.8,1008.4,206.8,289.7,22.3,0,0,2017,3,1,64,1,0.8919813464595485,0.45207220393230435,1.0,6.123233995736766e-17,429,19.0,1007.9,27.0,29.6,28.857142857142858
2017-03-06,27.2,19.3,63.3,1008.0,225.0,288.6,18.4,0,0,2017,3,1,65,1,0.8996308696522433,0.43665123195606403,1.0,6.123233995736766e-17,430,16.3,1008.4,27.7,29.3,28.585714285714285
2017-03-07,26.7,20.3,68.9,1008.3,222.3,283.9,20.5,0,0,2017,3,1,66,1,0.9070138128026359,0.4211008707960896,1.0,6.123233995736766e-17,431,19.3,1008.0,27.2,29.5,28.285714285714285
2017-03-08,27.4,19.9,65.2,1008.6,159.7,283.0,18.4,0,0,2017,3,1,67,1,0.9141279881853337,0.40542572835999735,1.0,6.123233995736766e-17,432,20.3,1008.3,26.7,29.9,27.885714285714283
2017-03-09,27.4,19.2,63.6,1008.4,261.3,294.6,22.7,0,0,2017,3,1,68,1,0.9209712877166346,0.38963044953078796,1.0,6.123233995736766e-17,433,19.9,1008.6,27.4,28.7,27.528571428571432
2017-03-10,26.7,19.9,66.9,1009.4,281.2,290.6,24.1,0,0,2017,3,1,69,1,0.9275416835791966,0.37371971479046906,1.0,6.123233995736766e-17,434,19.2,1008.4,27.4,28.0,27.342857142857138
2017-03-11,26.4,16.2,54.7,1011.9,299.2,295.8,25.9,0,0,2017,3,1,70,1,0.9338372288229252,0.35769823883312546,1.0,6.123233995736766e-17,435,19.9,1009.4,26.7,27.0,27.157142857142855
2017-03-12,25.4,12.6,46.4,1012.0,179.4,285.4,24.1,0,0,2017,3,1,71,1,0.9398560579418954,0.3415707691678556,1.0,6.123233995736766e-17,436,16.2,1011.9,26.4,27.7,27.071428571428573
2017-03-13,26.8,10.1,37.0,1011.0,142.5,296.2,18.4,0,0,2017,3,1,72,1,0.9455963874271426,0.3253420847119801,1.0,6.123233995736766e-17,437,12.6,1012.0,25.4,27.2,26.74285714285714
2017-03-14,28.3,12.3,39.7,1010.6,128.3,296.5,18.4,0,0,2017,3,1,73,1,0.9510565162951535,0.30901699437494745,1.0,6.123233995736766e-17,438,10.1,1011.0,26.8,26.7,26.685714285714287
2017-03-15,28.2,17.6,54.0,1010.6,167.2,285.1,24.5,0,0,2017,3,1,74,1,0.9562348265919056,0.29260033563334836,1.0,6.123233995736766e-17,439,12.3,1010.6,28.3,27.4,26.91428571428571
2017-03-16,28.4,17.6,55.3,1011.6,215.4,294.0,22.3,0,0,2017,3,1,75,1,0.9611297838723007,0.27609697309746883,1.0,6.123233995736766e-17,440,17.6,1010.6,28.2,27.4,27.02857142857143
2017-03-17,28.0,20.4,65.6,1011.2,210.2,291.8,20.5,0,0,2017,3,1,76,1,0.9657399376548549,0.2595117970697999,1.0,6.123233995736766e-17,441,17.6,1011.6,28.4,26.7,27.171428571428574
2017-03-18,28.6,19.0,58.2,1011.9,249.4,292.4,24.1,0,0,2017,3,1,77,1,0.9700639218515071,0.2428497220959356,1.0,6.123233995736766e-17,442,20.4,1011.2,28.0,26.4,27.357142857142858
2017-03-19,27.7,21.8,71.3,1012.3,288.1,292.0,22.3,0,0,2017,3,1,78,1,0.9741004551724205,0.22611568550828828,1.0,6.123233995736766e-17,443,19.0,1011.9,28.6,25.4,27.671428571428574
2017-03-20,28.2,22.3,71.7,1011.4,171.0,303.5,25.9,0,0,2017,3,1,79,1,0.9778483415056568,0.20931464596304847,1.0,6.123233995736766e-17,444,21.8,1012.3,27.7,26.8,28.0
2017-03-21,28.5,23.1,72.9,1012.0,229.8,300.9,22.3,0,0,2017,3,1,80,1,0.9813064702716093,0.19245158197082998,1.0,6.123233995736766e-17,445,22.3,1011.4,28.2,28.3,28.2
2017-03-22,29.1,21.8,66.5,1011.5,263.6,293.9,18.4,0,0,2017,3,1,81,1,0.9844738167520922,0.1755314904214282,1.0,6.123233995736766e-17,446,23.1,1012.0,28.5,28.2,28.22857142857143
2017-03-23,28.9,21.6,65.6,1010.4,275.2,293.3,24.1,0,0,2017,3,1,82,1,0.9873494423939864,0.15855938510313475,1.0,6.123233995736766e-17,447,21.8,1011.5,29.1,28.4,28.357142857142858
2017-03-24,28.9,22.8,70.1,1010.0,257.2,285.9,22.3,0,0,2017,3,1,83,1,0.989932495087353,0.141540295217043,1.0,6.123233995736766e-17,448,21.6,1010.4,28.9,28.0,28.428571428571427
2017-03-25,29.9,21.7,62.3,1010.0,235.4,287.2,24.1,0,0,2017,3,1,84,1,0.9922222094179323,0.12447926388678915,1.0,6.123233995736766e-17,449,22.8,1010.0,28.9,28.6,28.557142857142853
2017-03-26,30.7,21.0,59.0,1010.4,252.9,277.1,31.7,0,0,2017,3,1,85,1,0.994217906893952,0.10738134666416309,1.0,6.123233995736766e-17,450,21.7,1010.0,29.9,27.7,28.74285714285714
2017-03-27,32.3,20.2,51.3,1009.5,275.4,297.3,25.9,100,1,2017,3,1,86,1,0.995918996147179,0.09025161003104117,1.0,6.123233995736766e-17,451,21.0,1010.4,30.7,28.2,29.17142857142857
2017-03-28,30.1,25.1,75.5,1010.4,203.7,288.3,22.3,100,1,2017,3,1,87,1,0.9973249731081555,0.07309512989807777,1.0,6.123233995736766e-17,452,20.2,1009.5,32.3,28.5,29.757142857142856
2017-03-29,29.6,25.5,79.1,1010.5,202.6,282.4,20.5,0,0,2017,3,1,88,1,0.9984354211555643,0.055916990100603484,1.0,6.123233995736766e-17,453,25.1,1010.4,30.1,29.1,29.985714285714284
2017-03-30,29.4,25.3,79.2,1011.1,188.1,270.2,22.3,0,0,2017,3,1,89,1,0.9992500112396835,0.03872228089217446,1.0,6.123233995736766e-17,454,25.5,1010.5,29.6,28.9,30.057142857142853
2017-03-31,30.0,23.5,69.7,1010.6,230.6,281.3,20.8,0,0,2017,3,1,90,1,0.9997685019798909,0.021516097436222254,1.0,6.123233995736766e-17,455,25.3,1011.1,29.4,28.9,30.128571428571426
2017-04-01,29.0,23.3,71.7,1010.5,249.6,267.6,18.4,0,0,2017,4,2,91,1,0.9999907397361901,0.004303538296244289,0.8660254037844387,-0.4999999999999998,456,23.5,1010.6,30.0,29.9,30.285714285714285
2017-04-02,29.0,23.2,72.7,1009.9,210.7,298.5,18.4,0,0,2017,4,2,92,1,0.9999166586547379,-0.01291029607500882,0.8660254037844387,-0.4999999999999998,457,23.3,1010.5,29.0,30.7,30.157142857142855
2017-04-03,29.3,23.4,72.1,1009.9,247.3,312.2,20.5,0,0,2017,4,2,93,1,0.9995462806873573,-0.030120304846908114,0.8660254037844387,-0.4999999999999998,458,23.2,1009.9,29.0,32.3,29.91428571428571
2017-04-04,29.5,24.5,74.5,1010.4,215.3,311.6,22.3,0,0,2017,4,2,94,1,0.9988797155850336,-0.04732138832243185,0.8660254037844387,-0.4999999999999998,459,23.4,1009.9,29.3,30.1,29.485714285714288
2017-04-05,29.4,24.4,74.7,1009.7,213.1,309.4,20.5,0,0,2017,4,2,95,1,0.9979171608653922,-0.06450844944931623,0.8660254037844387,-0.4999999999999998,460,24.5,1010.4,29.5,29.6,29.400000000000002
2017-04-06,28.9,24.1,75.6,1009.0,228.5,311.5,20.5,0,0,2017,4,2,96,1,0.9966589017541702,-0.08167639533042241,0.8660254037844387,-0.4999999999999998,461,24.4,1009.7,29.4,29.4,29.37142857142857
2017-04-07,28.7,20.3,61.9,1010.1,283.0,306.7,22.3,0,0,2017,4,2,97,1,0.9951053111006976,-0.09882013873287143,0.8660254037844387,-0.4999999999999998,462,24.1,1009.0,28.9,30.0,29.3
2017-04-08,28.8,18.8,55.9,1009.4,236.8,319.4,23.8,0,0,2017,4,2,98,1,0.9932568492674143,-0.11593459959550041,0.8660254037844387,-0.4999999999999998,463,20.3,1010.1,28.7,29.0,29.114285714285717
2017-04-09,31.1,18.5,49.0,1008.0,261.5,310.5,18.4,0,0,2017,4,2,99,1,0.9911140639934547,-0.1330147065341959,0.8660254037844387,-0.4999999999999998,464,18.8,1009.4,28.8,29.0,29.085714285714285
2017-04-10,31.0,21.0,56.7,1007.1,185.8,299.6,20.5,0,0,2017,4,2,100,1,0.9886775902323405,-0.1500553983446526,0.8660254037844387,-0.4999999999999998,465,18.5,1008.0,31.1,29.3,29.38571428571429
2017-04-11,30.5,24.9,72.9,1007.8,215.9,291.8,22.3,0,0,2017,4,2,101,1,0.9859481499638304,-0.16705162550211924,0.8660254037844387,-0.4999999999999998,466,21.0,1007.1,31.0,29.5,29.62857142857143
2017-04-12,30.4,25.4,75.1,1008.5,224.9,315.3,20.5,0,0,2017,4,2,102,1,0.9829265519799822,-0.18399835165768005,0.8660254037844387,-0.4999999999999998,467,24.9,1007.8,30.5,29.4,29.771428571428572
2017-04-13,30.7,24.1,68.8,1008.1,159.7,316.3,18.4,0,0,2017,4,2,103,1,0.9796136916454901,-0.20089055513063506,0.8660254037844387,-0.4999999999999998,468,25.4,1008.5,30.4,28.9,29.91428571428571
2017-04-14,30.3,24.8,73.5,1008.0,216.0,311.1,22.3,0,0,2017,4,2,104,1,0.9760105506323683,-0.21772323039653177,0.8660254037844387,-0.4999999999999998,469,24.1,1008.1,30.7,28.7,30.171428571428574
2017-04-15,29.9,25.5,77.6,1007.1,213.8,305.7,20.5,0,0,2017,4,2,105,1,0.9721181966290613,-0.23449138957040985,0.8660254037844387,-0.4999999999999998,470,24.8,1008.0,30.3,28.8,30.4
2017-04-16,30.6,23.1,66.0,1007.0,191.1,310.3,20.5,0,0,2017,4,2,106,1,0.9679377830240642,-0.25119006388481935,0.8660254037844387,-0.4999999999999998,471,25.5,1007.1,29.9,31.1,30.557142857142857
2017-04-17,29.8,25.0,75.9,1008.8,218.0,301.7,22.3,0,0,2017,4,2,107,1,0.9634705485641488,-0.2678143051621742,0.8660254037844387,-0.4999999999999998,472,23.1,1007.0,30.6,31.0,30.485714285714284
2017-04-18,30.9,23.5,67.0,1008.3,217.9,300.3,24.1,0,0,2017,4,2,108,1,0.9587178169872964,-0.2843591872810034,0.8660254037844387,-0.4999999999999998,473,25.0,1008.8,29.8,30.5,30.314285714285713
2017-04-19,30.2,24.7,72.9,1007.9,264.3,304.4,20.5,0,0,2017,4,2,109,1,0.9536809966304457,-0.30081980763566735,0.8660254037844387,-0.4999999999999998,474,23.5,1008.3,30.9,30.4,30.37142857142857
2017-04-20,29.9,24.5,73.4,1008.1,223.7,316.9,20.5,0,0,2017,4,2,110,1,0.9483615800121715,-0.3171912885891061,0.8660254037844387,-0.4999999999999998,475,24.7,1007.9,30.2,30.7,30.342857142857145
2017-04-21,30.1,24.2,70.9,1008.9,220.3,316.6,24.1,0,0,2017,4,2,111,1,0.9427611433904207,-0.3334687789181868,0.8660254037844387,-0.4999999999999998,476,24.5,1008.1,29.9,30.3,30.228571428571428
2017-04-22,30.0,23.9,70.4,1009.3,202.0,321.9,20.5,0,0,2017,4,2,112,1,0.9368813462954315,-0.3496474552512284,0.8660254037844387,-0.4999999999999998,477,24.2,1008.9,30.1,29.9,30.2
2017-04-23,30.0,23.5,68.6,1009.5,219.3,314.9,18.4,0,0,2017,4,2,113,1,0.9307239310379795,-0.36572252349726897,0.8660254037844387,-0.4999999999999998,478,23.9,1009.3,30.0,30.6,30.214285714285715
2017-04-24,29.8,22.4,65.1,1010.1,234.8,308.7,20.5,0,0,2017,4,2,114,1,0.9242907221930933,-0.3816892202666588,0.8660254037844387,-0.4999999999999998,479,23.5,1009.5,30.0,29.8,30.12857142857143
2017-04-25,29.6,22.0,64.8,1010.3,228.9,311.7,22.3,0,0,2017,4,2,115,1,0.9175836260593937,-0.39754281428255595,0.8660254037844387,-0.4999999999999998,480,22.4,1010.1,29.8,30.9,30.12857142857143
2017-04-26,29.3,22.8,68.4,1010.0,230.3,318.0,25.9,0,0,2017,4,2,116,1,0.9106046300942162,-0.4132786077829042,0.8660254037844387,-0.4999999999999998,481,22.0,1010.3,29.6,30.2,29.942857142857143
2017-04-27,29.7,23.1,68.3,1010.0,252.6,323.1,25.9,0,0,2017,4,2,117,1,0.9033558023246845,-0.4288919379124835,0.8660254037844387,-0.4999999999999998,482,22.8,1010.0,29.3,29.9,29.814285714285717
2017-04-28,29.6,23.7,71.0,1010.0,243.1,314.0,29.5,0,0,2017,4,2,118,1,0.895839290734909,-0.4443781781046132,0.8660254037844387,-0.4999999999999998,483,23.1,1010.0,29.7,30.1,29.785714285714285
2017-04-29,29.5,23.5,70.6,1010.6,234.5,308.3,22.3,0,0,2017,4,2,119,1,0.8880573226294932,-0.45973273945210397,0.8660254037844387,-0.4999999999999998,484,23.7,1010.0,29.6,30.0,29.714285714285715
2017-04-30,29.3,23.4,71.3,1009.9,218.8,307.2,20.5,0,0,2017,4,2,120,1,0.8800122039735357,-0.47495107206704995,0.8660254037844387,-0.4999999999999998,485,23.5,1010.6,29.5,30.0,29.642857142857142
2017-05-01,30.0,24.4,72.6,1009.2,264.5,307.0,24.1,0,0,2017,5,2,121,1,0.8717063187093218,-0.4900286664290592,0.49999999999999994,-0.8660254037844387,486,23.4,1009.9,29.3,29.8,29.542857142857144
2017-05-02,29.4,24.7,76.3,1010.1,225.2,304.8,24.1,0,0,2017,5,2,122,1,0.8631421280499114,-0.5049610547215204,0.49999999999999994,-0.8660254037844387,487,24.4,1009.2,30.0,29.6,29.571428571428573
2017-05-03,29.8,25.0,75.9,1010.0,189.2,298.1,18.4,0,0,2017,5,2,123,1,0.854322169749827,-0.5197438121555155,0.49999999999999994,-0.8660254037844387,488,24.7,1010.1,29.4,29.3,29.542857142857144
2017-05-04,30.2,25.4,76.1,1009.9,205.5,284.2,25.9,100,1,2017,5,2,124,1,0.8452490573530633,-0.5343725582809786,0.49999999999999994,-0.8660254037844387,489,25.0,1010.0,29.8,29.7,29.61428571428571
2017-05-05,30.9,26.0,75.3,1009.5,200.0,289.6,25.9,100,1,2017,5,2,125,1,0.8359254794186372,-0.548842958284719,0.49999999999999994,-0.8660254037844387,490,25.4,1009.9,30.2,29.6,29.685714285714287
2017-05-06,30.9,25.6,73.9,1010.1,229.9,307.4,22.3,0,0,2017,5,2,126,1,0.8263541987239096,-0.5631507242749186,0.49999999999999994,-0.8660254037844387,491,26.0,1009.5,30.9,29.5,29.87142857142857
2017-05-07,30.7,24.7,70.7,1010.8,220.8,297.3,20.5,0,0,2017,5,2,127,1,0.8165380514459161,-0.5772916165517272,0.49999999999999994,-0.8660254037844387,492,25.6,1010.1,30.9,29.3,30.071428571428573
2017-05-08,31.2,24.9,70.1,1009.8,253.7,286.9,22.3,0,0,2017,5,2,128,1,0.8064799463209448,-0.5912614448635781,0.49999999999999994,-0.8660254037844387,493,24.7,1010.8,30.7,30.0,30.27142857142857
2017-05-09,30.8,24.9,71.5,1008.4,227.9,312.5,20.5,0,0,2017,5,2,129,1,0.7961828637826158,-0.6050560696488488,0.49999999999999994,-0.8660254037844387,494,24.9,1009.8,31.2,29.4,30.442857142857143
2017-05-10,30.5,25.2,74.1,1008.2,221.6,314.0,20.5,0,0,2017,5,2,130,1,0.7856498550787147,-0.6186714032625031,0.49999999999999994,-0.8660254037844387,495,24.9,1008.4,30.8,29.8,30.642857142857142
2017-05-11,30.7,25.5,74.5,1008.7,246.7,297.7,20.5,100,1,2017,5,2,131,1,0.7748840413670407,-0.6321034111873487,0.49999999999999994,-0.8660254037844387,496,25.2,1008.2,30.5,30.2,30.74285714285714
2017-05-12,31.2,26.1,74.9,1007.8,259.2,246.2,20.5,100,1,2017,5,2,132,1,0.7638886127905428,-0.6453481132295501,0.49999999999999994,-0.8660254037844387,497,25.5,1008.7,30.7,30.9,30.814285714285713
2017-05-13,31.2,24.5,67.9,1006.8,201.0,212.6,25.9,100,1,2017,5,2,133,1,0.7526668275320085,-0.6584015846980488,0.49999999999999994,-0.8660254037844387,498,26.1,1007.8,31.2,30.9,30.857142857142858
2017-05-14,31.2,25.8,73.2,1007.2,236.2,130.8,22.3,100,1,2017,5,2,134,1,0.7412220108485958,-0.6712599575675313,0.49999999999999994,-0.8660254037844387,499,24.5,1006.8,31.2,30.7,30.900000000000002
2017-05-15,30.9,25.2,71.9,1007.7,235.9,219.3,25.9,100,1,2017,5,2,135,1,0.7295575540864875,-0.6839194216246106,0.49999999999999994,-0.8660254037844387,500,25.8,1007.2,31.2,31.2,30.97142857142857
2017-05-16,30.8,25.3,72.8,1006.3,203.0,209.1,20.5,0,0,2017,5,2,136,1,0.717676913675962,-0.6963762255968722,0.49999999999999994,-0.8660254037844387,501,25.2,1007.7,30.9,30.8,30.928571428571427
2017-05-17,31.2,25.5,72.2,1006.8,241.7,256.8,22.3,0,0,2017,5,2,137,1,0.705583610107178,-0.7086266782644596,0.49999999999999994,-0.8660254037844387,502,25.3,1006.3,30.8,30.5,30.928571428571423
2017-05-18,31.1,25.4,72.1,1007.8,257.2,230.7,24.1,0,0,2017,5,2,138,1,0.6932812268869777,-0.7206671495538609,0.49999999999999994,-0.8660254037844387,503,25.5,1006.8,31.2,30.7,31.028571428571432
2017-05-19,30.8,25.1,71.8,1009.3,252.3,287.9,22.3,0,0,2017,5,2,139,1,0.6807734094770161,-0.7324940716135789,0.49999999999999994,-0.8660254037844387,504,25.4,1007.8,31.1,31.2,31.085714285714285
2017-05-20,30.8,24.3,68.4,1007.8,228.9,317.5,24.1,0,0,2017,5,2,140,1,0.6680638642135335,-0.7441039398713607,0.49999999999999994,-0.8660254037844387,505,25.1,1009.3,30.8,31.2,31.028571428571432
2017-05-21,30.7,23.4,65.5,1006.9,277.8,304.4,27.7,0,0,2017,5,2,141,1,0.6551563572090853,-0.7554933140726803,0.49999999999999994,-0.8660254037844387,506,24.3,1007.8,30.8,31.2,30.971428571428568
2017-05-22,31.0,24.5,68.7,1007.4,215.4,311.7,27.7,0,0,2017,5,2,142,1,0.6420547132365637,-0.766658819300159,0.49999999999999994,-0.8660254037844387,507,23.4,1006.9,30.7,30.9,30.900000000000002
2017-05-23,31.4,25.6,71.9,1007.2,282.8,282.7,25.9,0,0,2017,5,2,143,1,0.6287628145958344,-0.7775971469736269,0.49999999999999994,-0.8660254037844387,508,24.5,1007.4,31.0,30.8,30.914285714285715
2017-05-24,31.1,26.0,74.7,1006.6,260.0,231.5,22.3,0,0,2017,5,2,144,1,0.6152845999633276,-0.7883050558305255,0.49999999999999994,-0.8660254037844387,509,25.6,1007.2,31.4,31.2,31.0
2017-05-25,31.1,25.9,74.4,1006.2,271.6,291.1,22.3,0,0,2017,5,2,145,1,0.6016240632249226,-0.7987793728863649,0.49999999999999994,-0.8660254037844387,510,26.0,1006.6,31.1,31.1,30.985714285714288
2017-05-26,31.1,25.2,70.8,1005.9,258.8,253.6,22.3,0,0,2017,5,2,146,1,0.5877852522924732,-0.8090169943749473,0.49999999999999994,-0.8660254037844387,511,25.9,1006.2,31.1,30.8,30.985714285714288
2017-05-27,31.2,25.1,70.3,1005.9,249.1,234.7,22.3,0,0,2017,5,2,147,1,0.5737722679043246,-0.8190148866680801,0.49999999999999994,-0.8660254037844387,512,25.2,1005.9,31.1,30.8,31.02857142857143
2017-05-28,31.3,25.5,71.4,1005.8,234.6,236.1,24.1,0,0,2017,5,2,148,1,0.5595892624101765,-0.8287700871745038,0.49999999999999994,-0.8660254037844387,513,25.1,1005.9,31.2,30.7,31.08571428571429
2017-05-29,31.6,26.4,74.0,1004.5,241.4,274.4,25.9,100,1,2017,5,2,149,1,0.545240438540651,-0.8382797052177744,0.49999999999999994,-0.8660254037844387,514,25.5,1005.8,31.3,31.0,31.17142857142857
2017-05-30,31.7,26.6,74.8,1002.7,250.1,275.5,29.5,100,1,2017,5,2,150,1,0.5307300481619334,-0.8475409228928311,0.49999999999999994,-0.8660254037844387,515,26.4,1004.5,31.6,31.4,31.257142857142856
2017-05-31,31.7,26.3,73.3,1002.0,252.1,261.0,22.3,100,1,2017,5,2,151,1,0.5160623910158528,-0.8565509959010036,0.49999999999999994,-0.8660254037844387,516,26.6,1002.7,31.7,31.1,31.300000000000004
2017-06-01,31.4,26.3,74.8,1002.6,210.4,136.5,25.9,100,1,2017,6,2,152,2,0.5012418134457758,-0.865307254363206,1.2246467991473532e-16,-1.0,517,26.3,1002.0,31.7,31.1,31.385714285714283
2017-06-02,30.8,26.0,76.1,1003.5,186.7,119.0,22.3,100,1,2017,6,2,153,2,0.48627270710868997,-0.8738071036110808,1.2246467991473532e-16,-1.0,518,26.3,1002.6,31.4,31.1,31.428571428571427
2017-06-03,31.3,25.5,71.7,1005.3,197.1,293.3,33.5,100,1,2017,6,2,154,2,0.4711595076738638,-0.8820480249558537,1.2246467991473532e-16,-1.0,519,26.0,1003.5,30.8,31.2,31.385714285714283
2017-06-04,31.2,25.5,72.3,1006.0,197.0,233.2,27.7,100,1,2017,6,2,155,2,0.4559066935084588,-0.8900275764346767,1.2246467991473532e-16,-1.0,520,25.5,1005.3,31.3,31.3,31.400000000000002
2017-06-05,31.3,26.0,73.6,1006.5,206.4,191.3,24.1,100,1,2017,6,2,156,2,0.440518784350495,-0.8977433935342337,1.2246467991473532e-16,-1.0,521,25.5,1006.0,31.2,31.6,31.385714285714283
2017-06-06,31.5,25.7,71.8,1007.2,213.0,228.5,24.1,100,1,2017,6,2,157,2,0.42500033996955416,-0.9051931898913974,1.2246467991473532e-16,-1.0,522,26.0,1006.5,31.3,31.7,31.342857142857145
2017-06-07,29.6,24.7,75.4,1008.1,198.8,172.4,27.7,100,1,2017,6,2,158,2,0.4093559588156213,-0.9123747579707273,1.2246467991473532e-16,-1.0,523,25.7,1007.2,31.5,31.7,31.314285714285713
2017-06-08,28.6,24.7,80.3,1007.4,213.8,188.6,16.6,100,1,2017,6,2,159,2,0.39359027665646673,-0.9192859697186104,1.2246467991473532e-16,-1.0,524,24.7,1008.1,29.6,31.4,31.014285714285712
2017-06-09,28.3,25.0,83.0,1005.8,219.5,128.8,22.3,100,1,2017,6,2,160,2,0.3777079652039649,-0.9259247771938498,1.2246467991473532e-16,-1.0,525,24.7,1007.4,28.6,30.8,30.614285714285717
2017-06-10,27.9,24.8,83.5,1004.1,204.4,127.5,18.4,100,1,2017,6,2,161,2,0.36171373072976765,-0.9322892131745133,1.2246467991473532e-16,-1.0,526,25.0,1005.8,28.3,31.3,30.257142857142856
2017-06-11,28.4,25.5,84.4,1002.9,187.5,110.1,28.4,100,1,2017,6,2,162,2,0.3456123126707335,-0.9383773917408641,1.2246467991473532e-16,-1.0,527,24.8,1004.1,27.9,31.2,29.771428571428572
2017-06-12,28.3,25.5,85.2,1003.1,189.3,167.2,22.3,100,1,2017,6,2,163,2,0.3294084822245304,-0.9441875088341993,1.2246467991473532e-16,-1.0,528,25.5,1002.9,28.4,31.3,29.37142857142857
2017-06-13,28.3,25.4,84.5,1004.3,178.6,153.5,18.4,100,1,2017,6,2,164,2,0.3131070409358269,-0.9497178427914316,1.2246467991473532e-16,-1.0,529,25.5,1003.1,28.3,31.5,28.942857142857143
2017-06-14,30.0,26.0,79.5,1006.0,189.8,233.8,20.5,100,1,2017,6,2,165,2,0.29671281927349075,-0.9549667548552551,1.2246467991473532e-16,-1.0,530,25.4,1004.3,28.3,29.6,28.485714285714288
2017-06-15,29.1,25.8,82.5,1006.5,184.9,168.6,22.3,100,1,2017,6,2,166,2,0.28023067519921585,-0.9599326896597447,1.2246467991473532e-16,-1.0,531,26.0,1006.0,30.0,28.6,28.542857142857144
2017-06-16,30.1,26.1,79.5,1005.5,195.0,117.6,25.9,100,1,2017,6,2,167,2,0.26366549272800704,-0.9646141756912435,1.2246467991473532e-16,-1.0,532,25.8,1006.5,29.1,28.3,28.61428571428571
2017-06-17,30.2,25.7,76.9,1005.6,204.5,170.2,25.9,100,1,2017,6,2,168,2,0.24702218048093552,-0.9690098257244062,1.2246467991473532e-16,-1.0,533,26.1,1005.5,30.1,27.9,28.871428571428574
2017-06-18,31.0,26.0,75.2,1005.3,255.8,162.7,24.1,100,1,2017,6,2,169,2,0.23030567023061221,-0.9731183372332619,1.2246467991473532e-16,-1.0,534,25.7,1005.6,30.2,28.4,29.2
2017-06-19,30.8,26.0,75.6,1004.5,240.3,277.7,20.5,100,1,2017,6,2,170,2,0.21352091543979612,-0.9769384927771817,1.2246467991473532e-16,-1.0,535,26.0,1005.3,31.0,28.3,29.571428571428573
2017-06-20,30.8,25.7,74.1,1004.5,232.0,294.5,25.9,100,1,2017,6,2,171,2,0.19667288979357647,-0.980469160361632,1.2246467991473532e-16,-1.0,536,26.0,1004.5,30.8,28.3,29.928571428571427
2017-06-21,30.1,25.5,76.4,1004.9,223.3,291.3,27.7,100,1,2017,6,2,172,2,0.1797665857255624,-0.9837092937736097,1.2246467991473532e-16,-1.0,537,25.7,1004.5,30.8,30.0,30.285714285714285
2017-06-22,29.5,25.8,80.7,1005.3,218.6,266.4,33.5,100,1,2017,6,2,173,2,0.16280701293851715,-0.986657932891657,1.2246467991473532e-16,-1.0,538,25.5,1004.9,30.1,29.1,30.3
2017-06-23,30.5,26.1,77.5,1004.9,252.5,266.2,29.5,100,1,2017,6,2,174,2,0.1457991969198751,-0.9893142039703663,1.2246467991473532e-16,-1.0,539,25.8,1005.3,29.5,30.1,30.357142857142858
2017-06-24,30.4,26.0,77.2,1001.8,248.6,248.6,31.7,100,1,2017,6,2,175,2,0.12874817745258132,-0.99167731989929,1.2246467991473532e-16,-1.0,540,26.1,1004.9,30.5,30.2,30.41428571428571
2017-06-25,26.4,24.4,89.2,1000.4,140.8,178.8,24.1,100,1,2017,6,2,176,2,0.11165900712169512,-0.993746580436178,1.2246467991473532e-16,-1.0,541,26.0,1001.8,30.4,31.0,30.442857142857143
2017-06-26,27.8,25.5,87.7,1001.0,200.8,125.8,25.9,100,1,2017,6,2,177,2,0.09453674981719912,-0.9955213724144752,1.2246467991473532e-16,-1.0,542,24.4,1000.4,26.4,30.8,29.785714285714285
2017-06-27,27.8,25.7,88.5,1001.7,198.7,145.8,25.9,100,1,2017,6,2,178,2,0.07738647923346301,-0.9970011699250151,1.2246467991473532e-16,-1.0,543,25.5,1001.0,27.8,30.8,29.357142857142858
2017-06-28,27.4,25.7,90.8,1001.7,227.9,194.6,25.9,100,1,2017,6,2,179,2,0.06021327736579302,-0.9981855344718586,1.2246467991473532e-16,-1.0,544,25.7,1001.7,27.8,30.1,28.928571428571427
2017-06-29,28.5,26.0,86.7,1002.2,225.4,218.4,25.9,100,1,2017,6,2,180,2,0.04302223300453059,-0.99907411510223,1.2246467991473532e-16,-1.0,545,25.7,1001.7,27.4,29.5,28.542857142857144
2017-06-30,29.6,26.1,81.5,1002.2,236.7,259.2,33.5,100,1,2017,6,2,181,2,0.02581844022713308,-0.9996666485105112,1.2246467991473532e-16,-1.0,546,26.0,1002.2,28.5,30.5,28.400000000000002
2017-07-01,28.4,25.7,85.9,1002.4,245.8,254.8,31.7,100,1,2017,7,3,182,2,0.008606996888688698,-0.9999629591162655,-0.4999999999999997,-0.8660254037844388,547,26.1,1002.2,29.6,30.4,28.271428571428572
2017-07-02,27.9,25.7,88.1,1003.3,247.7,192.5,31.7,100,1,2017,7,3,183,2,-0.008606996888688009,-0.9999629591162655,-0.4999999999999997,-0.8660254037844388,548,25.7,1002.4,28.4,26.4,27.985714285714288
2017-07-03,29.7,25.9,80.7,1005.2,243.5,249.8,32.4,100,1,2017,7,3,184,2,-0.02581844022713239,-0.9996666485105112,-0.4999999999999997,-0.8660254037844388,549,25.7,1003.3,27.9,27.8,28.2
2017-07-04,29.2,25.7,81.5,1005.8,246.2,249.2,22.3,100,1,2017,7,3,185,2,-0.04302223300453034,-0.99907411510223,-0.4999999999999997,-0.8660254037844388,550,25.9,1005.2,29.7,27.8,28.47142857142857
2017-07-05,29.7,25.8,79.5,1005.9,251.8,229.5,27.7,100,1,2017,7,3,186,2,-0.060213277365792774,-0.9981855344718586,-0.4999999999999997,-0.8660254037844388,551,25.7,1005.8,29.2,27.4,28.67142857142857
2017-07-06,29.5,25.6,79.8,1006.2,248.9,218.1,33.5,100,1,2017,7,3,187,2,-0.07738647923346322,-0.9970011699250151,-0.4999999999999997,-0.8660254037844388,552,25.8,1005.9,29.7,28.5,29.0
2017-07-07,29.8,25.8,79.3,1006.7,246.8,281.6,27.7,100,1,2017,7,3,188,2,-0.09453674981719933,-0.9955213724144752,-0.4999999999999997,-0.8660254037844388,553,25.6,1006.2,29.5,29.6,29.142857142857142
2017-07-08,29.7,25.4,78.0,1006.8,256.2,269.2,24.1,100,1,2017,7,3,189,2,-0.11165900712169444,-0.9937465804361781,-0.4999999999999997,-0.8660254037844388,554,25.8,1006.7,29.8,28.4,29.17142857142857
2017-07-09,29.0,25.2,80.6,1006.3,239.5,272.9,27.7,100,1,2017,7,3,190,2,-0.12874817745258066,-0.99167731989929,-0.4999999999999997,-0.8660254037844388,555,25.4,1006.8,29.7,27.9,29.357142857142858
2017-07-10,29.3,25.4,79.8,1007.3,214.5,189.7,22.3,100,1,2017,7,3,191,2,-0.14579919691987442,-0.9893142039703664,-0.4999999999999997,-0.8660254037844388,556,25.2,1006.3,29.0,29.7,29.514285714285712
2017-07-11,29.7,25.2,76.9,1007.3,257.8,180.9,27.7,100,1,2017,7,3,192,2,-0.16280701293851646,-0.9866579328916572,-0.4999999999999997,-0.8660254037844388,557,25.4,1007.3,29.3,29.2,29.457142857142856
2017-07-12,29.8,24.8,74.5,1006.6,249.9,215.4,25.9,100,1,2017,7,3,193,2,-0.17976658572556214,-0.9837092937736098,-0.4999999999999997,-0.8660254037844388,558,25.2,1007.3,29.7,29.7,29.528571428571432
2017-07-13,28.6,25.3,82.9,1005.2,262.0,201.6,27.7,100,1,2017,7,3,194,2,-0.19667288979357622,-0.9804691603616321,-0.4999999999999997,-0.8660254037844388,559,24.8,1006.6,29.8,29.5,29.54285714285714
2017-07-14,28.0,25.2,85.0,1004.5,251.7,258.4,31.7,100,1,2017,7,3,195,2,-0.2135209154397959,-0.9769384927771817,-0.4999999999999997,-0.8660254037844388,560,25.3,1005.2,28.6,29.8,29.414285714285715
2017-07-15,27.5,25.1,87.2,1004.6,251.0,269.6,37.1,100,1,2017,7,3,196,2,-0.23030567023061196,-0.973118337233262,-0.4999999999999997,-0.8660254037844388,561,25.2,1004.5,28.0,29.7,29.157142857142862
2017-07-16,28.2,25.0,82.9,1004.1,254.1,267.6,29.5,100,1,2017,7,3,197,2,-0.24702218048093527,-0.9690098257244063,-0.4999999999999997,-0.8660254037844388,562,25.1,1004.6,27.5,29.0,28.842857142857145
2017-07-17,25.7,24.6,93.6,1003.8,214.5,215.1,27.7,100,1,2017,7,3,198,2,-0.2636654927280072,-0.9646141756912435,-0.4999999999999997,-0.8660254037844388,563,25.0,1004.1,28.2,29.3,28.728571428571428
2017-07-18,26.1,25.1,94.1,1002.1,219.6,107.0,24.1,100,1,2017,7,3,199,2,-0.2802306751992161,-0.9599326896597445,-0.4999999999999997,-0.8660254037844388,564,24.6,1003.8,25.7,29.7,28.214285714285715
2017-07-19,26.9,25.5,92.2,1000.4,213.5,96.9,20.5,100,1,2017,7,3,200,2,-0.2967128192734901,-0.9549667548552553,-0.4999999999999997,-0.8660254037844388,565,25.1,1002.1,26.1,29.8,27.7
2017-07-20,27.5,25.6,89.5,1000.4,234.3,175.2,27.7,100,1,2017,7,3,201,2,-0.3131070409358267,-0.9497178427914317,-0.4999999999999997,-0.8660254037844388,566,25.5,1000.4,26.9,28.6,27.285714285714285
2017-07-21,27.5,25.8,90.4,1000.8,239.1,253.9,37.1,100,1,2017,7,3,202,2,-0.3294084822245302,-0.9441875088341994,-0.4999999999999997,-0.8660254037844388,567,25.6,1000.4,27.5,28.0,27.128571428571426
2017-07-22,27.4,25.6,90.2,1002.9,239.0,252.5,37.1,100,1,2017,7,3,203,2,-0.3456123126707333,-0.9383773917408642,-0.4999999999999997,-0.8660254037844388,568,25.8,1000.8,27.5,27.5,27.057142857142853
2017-07-23,28.3,25.5,85.1,1003.6,239.7,153.1,25.9,100,1,2017,7,3,204,2,-0.3617137307297674,-0.9322892131745134,-0.4999999999999997,-0.8660254037844388,569,25.6,1002.9,27.4,28.2,27.04285714285714
2017-07-24,28.7,25.7,83.7,1004.5,241.0,244.5,33.5,100,1,2017,7,3,205,2,-0.37770796520396466,-0.9259247771938499,-0.4999999999999997,-0.8660254037844388,570,25.5,1003.6,28.3,25.7,27.057142857142857
2017-07-25,28.3,25.4,84.4,1004.3,244.1,238.4,25.9,100,1,2017,7,3,206,2,-0.39359027665646645,-0.9192859697186105,-0.4999999999999997,-0.8660254037844388,571,25.7,1004.5,28.7,26.1,27.485714285714288
2017-07-26,28.6,25.3,82.3,1004.5,243.2,283.5,25.9,100,1,2017,7,3,207,2,-0.4093559588156211,-0.9123747579707274,-0.4999999999999997,-0.8660254037844388,572,25.4,1004.3,28.3,26.9,27.8
2017-07-27,28.2,25.5,85.4,1005.2,247.4,275.8,27.7,100,1,2017,7,3,208,2,-0.42500033996955394,-0.9051931898913975,-0.4999999999999997,-0.8660254037844388,573,25.3,1004.5,28.6,27.5,28.042857142857144
2017-07-28,28.5,25.4,83.6,1006.3,247.7,280.8,27.7,100,1,2017,7,3,209,2,-0.4405187843504952,-0.8977433935342336,-0.4999999999999997,-0.8660254037844388,574,25.5,1005.2,28.2,27.5,28.142857142857142
2017-07-29,28.6,25.4,83.1,1007.3,240.3,293.6,25.9,100,1,2017,7,3,210,2,-0.455906693508459,-0.8900275764346766,-0.4999999999999997,-0.8660254037844388,575,25.4,1006.3,28.5,27.4,28.285714285714285
2017-07-30,28.2,25.0,82.8,1007.6,234.0,272.9,29.5,100,1,2017,7,3,211,2,-0.47115950767386394,-0.8820480249558535,-0.4999999999999997,-0.8660254037844388,576,25.4,1007.3,28.6,28.3,28.45714285714286
2017-07-31,27.9,25.2,85.3,1007.2,229.2,276.8,24.1,100,1,2017,7,3,212,2,-0.4862727071086902,-0.8738071036110807,-0.4999999999999997,-0.8660254037844388,577,25.0,1007.6,28.2,28.7,28.442857142857143
2017-08-01,28.2,25.3,84.2,1007.5,235.6,298.2,26.2,100,1,2017,8,3,213,2,-0.5012418134457756,-0.8653072543632061,-0.8660254037844385,-0.5000000000000004,578,25.2,1007.2,27.9,28.3,28.32857142857143
2017-08-02,28.7,25.1,81.4,1007.5,227.3,298.0,22.3,100,1,2017,8,3,214,2,-0.5160623910158526,-0.8565509959010037,-0.8660254037844385,-0.5000000000000004,579,25.3,1007.5,28.2,28.6,28.314285714285713
2017-08-03,28.5,25.1,82.2,1006.0,238.0,283.4,25.9,100,1,2017,8,3,215,2,-0.5307300481619331,-0.8475409228928312,-0.8660254037844385,-0.5000000000000004,580,25.1,1007.5,28.7,28.2,28.32857142857143
2017-08-04,29.1,25.3,80.4,1004.2,249.7,242.0,31.7,100,1,2017,8,3,216,2,-0.5452404385406507,-0.8382797052177745,-0.8660254037844385,-0.5000000000000004,581,25.1,1006.0,28.5,28.5,28.371428571428574
2017-08-05,29.0,25.1,79.7,1004.1,241.9,159.7,24.1,100,1,2017,8,3,217,2,-0.5595892624101763,-0.828770087174504,-0.8660254037844385,-0.5000000000000004,582,25.3,1004.2,29.1,28.6,28.45714285714286
2017-08-06,29.1,24.9,78.5,1004.0,250.4,259.6,20.5,100,1,2017,8,3,218,2,-0.5737722679043243,-0.8190148866680802,-0.8660254037844385,-0.5000000000000004,583,25.1,1004.1,29.0,28.2,28.514285714285712
2017-08-07,28.7,25.1,81.2,1005.1,236.8,252.2,22.3,100,1,2017,8,3,219,2,-0.5877852522924734,-0.8090169943749472,-0.8660254037844385,-0.5000000000000004,584,24.9,1004.0,29.1,27.9,28.642857142857142
2017-08-08,29.1,24.9,78.2,1006.1,237.8,256.2,22.3,100,1,2017,8,3,220,2,-0.6016240632249227,-0.7987793728863648,-0.8660254037844385,-0.5000000000000004,585,25.1,1005.1,28.7,28.2,28.757142857142856
2017-08-09,28.9,24.9,79.4,1005.9,235.2,219.2,25.9,100,1,2017,8,3,221,2,-0.6152845999633277,-0.7883050558305253,-0.8660254037844385,-0.5000000000000004,586,24.9,1006.1,29.1,28.7,28.88571428571429
2017-08-10,29.1,24.9,78.6,1006.3,244.4,257.1,24.1,100,1,2017,8,3,222,2,-0.6287628145958345,-0.7775971469736268,-0.8660254037844385,-0.5000000000000004,587,24.9,1005.9,28.9,28.5,28.91428571428571
2017-08-11,29.1,24.8,77.7,1007.2,251.3,257.3,25.9,100,1,2017,8,3,223,2,-0.6420547132365636,-0.7666588193001592,-0.8660254037844385,-0.5000000000000004,588,24.9,1006.3,29.1,29.1,29.0
2017-08-12,29.0,24.8,78.2,1007.9,252.1,258.6,27.7,100,1,2017,8,3,224,2,-0.655156357209085,-0.7554933140726804,-0.8660254037844385,-0.5000000000000004,589,24.8,1007.2,29.1,29.0,29.0
2017-08-13,28.2,24.9,82.5,1008.2,240.0,222.8,24.1,100,1,2017,8,3,225,2,-0.6680638642135333,-0.7441039398713608,-0.8660254037844385,-0.5000000000000004,590,24.8,1007.9,29.0,29.1,29.0
2017-08-14,27.3,25.0,87.2,1009.4,223.8,214.5,20.5,100,1,2017,8,3,226,2,-0.6807734094770159,-0.7324940716135792,-0.8660254037844385,-0.5000000000000004,591,24.9,1008.2,28.2,28.7,28.87142857142857
2017-08-15,27.5,25.0,86.6,1009.1,203.8,204.0,16.6,100,1,2017,8,3,227,2,-0.6932812268869771,-0.7206671495538615,-0.8660254037844385,-0.5000000000000004,592,25.0,1009.4,27.3,29.1,28.671428571428574
2017-08-16,28.5,25.1,82.0,1007.5,229.0,193.2,24.1,100,1,2017,8,3,228,2,-0.7055836101071774,-0.70862667826446,-0.8660254037844385,-0.5000000000000004,593,25.0,1009.1,27.5,28.9,28.442857142857143
2017-08-17,29.1,25.0,78.4,1005.4,277.8,230.9,25.9,100,1,2017,8,3,229,2,-0.7176769136759615,-0.6963762255968726,-0.8660254037844385,-0.5000000000000004,594,25.1,1007.5,28.5,29.1,28.38571428571429
2017-08-18,29.1,25.0,78.6,1004.3,281.8,162.8,24.1,100,1,2017,8,3,230,2,-0.7295575540864876,-0.6839194216246105,-0.8660254037844385,-0.5000000000000004,595,25.0,1005.4,29.1,29.1,28.385714285714283
2017-08-19,27.4,25.0,86.8,1004.3,234.9,221.9,22.3,100,1,2017,8,3,231,2,-0.7412220108485957,-0.6712599575675315,-0.8660254037844385,-0.5000000000000004,596,25.0,1004.3,29.1,29.0,28.385714285714283
2017-08-20,25.6,23.9,90.5,1003.2,209.5,105.4,24.1,100,1,2017,8,3,232,2,-0.7526668275320083,-0.6584015846980489,-0.8660254037844385,-0.5000000000000004,597,25.0,1004.3,27.4,28.2,28.157142857142855
2017-08-21,25.3,23.8,91.6,1002.0,143.1,116.2,16.6,100,1,2017,8,3,233,2,-0.7638886127905429,-0.64534811322955,-0.8660254037844385,-0.5000000000000004,598,23.9,1003.2,25.6,27.3,27.785714285714285
2017-08-22,27.3,24.3,84.1,1003.5,187.7,265.1,22.3,100,1,2017,8,3,234,2,-0.7748840413670406,-0.6321034111873488,-0.8660254037844385,-0.5000000000000004,599,23.8,1002.0,25.3,27.5,27.5
2017-08-23,28.5,25.4,83.9,1006.3,214.3,289.3,22.3,100,1,2017,8,3,235,2,-0.7856498550787144,-0.6186714032625032,-0.8660254037844385,-0.5000000000000004,600,24.3,1003.5,27.3,28.5,27.47142857142857
2017-08-24,28.9,25.2,80.5,1006.5,266.6,276.0,29.5,100,1,2017,8,3,236,2,-0.7961828637826154,-0.6050560696488494,-0.8660254037844385,-0.5000000000000004,601,25.4,1006.3,28.5,29.1,27.47142857142857
2017-08-25,26.9,25.2,90.6,1004.9,261.1,200.9,29.5,100,1,2017,8,3,237,2,-0.8064799463209447,-0.5912614448635782,-0.8660254037844385,-0.5000000000000004,602,25.2,1006.5,28.9,29.1,27.442857142857143
2017-08-26,27.4,25.4,88.9,1002.9,288.5,150.7,16.6,100,1,2017,8,3,238,2,-0.8165380514459157,-0.5772916165517278,-0.8660254037844385,-0.5000000000000004,603,25.2,1004.9,26.9,27.4,27.12857142857143
2017-08-27,28.0,25.6,86.6,1001.9,286.8,120.5,22.3,100,1,2017,8,3,239,2,-0.8263541987239094,-0.5631507242749187,-0.8660254037844385,-0.5000000000000004,604,25.4,1002.9,27.4,25.6,27.12857142857143
2017-08-28,26.9,25.4,91.2,1000.4,254.3,141.0,18.4,100,1,2017,8,3,240,2,-0.8359254794186365,-0.5488429582847199,-0.8660254037844385,-0.5000000000000004,605,25.6,1001.9,28.0,25.3,27.47142857142857
2017-08-29,25.7,24.9,95.1,1000.4,265.7,147.2,46.4,100,1,2017,8,3,241,2,-0.8452490573530634,-0.5343725582809785,-0.8660254037844385,-0.5000000000000004,606,25.4,1000.4,26.9,27.3,27.7
2017-08-30,27.2,25.0,87.7,1002.6,224.1,265.5,26.2,100,1,2017,8,3,242,2,-0.8543221697498269,-0.5197438121555157,-0.8660254037844385,-0.5000000000000004,607,24.9,1000.4,25.7,28.5,27.471428571428568
2017-08-31,28.6,24.9,81.1,1006.7,209.2,296.8,27.7,100,1,2017,8,3,243,2,-0.8631421280499115,-0.5049610547215202,-0.8660254037844385,-0.5000000000000004,608,25.0,1002.6,27.2,28.9,27.28571428571428
2017-09-01,28.1,24.9,83.0,1007.8,190.2,287.8,24.1,100,1,2017,9,3,244,2,-0.8717063187093217,-0.4900286664290594,-1.0,-1.8369701987210297e-16,609,24.9,1006.7,28.6,26.9,27.242857142857144
2017-09-02,28.0,25.0,84.1,1007.3,184.6,279.8,22.3,100,1,2017,9,3,245,2,-0.8800122039735356,-0.4749510720670502,-1.0,-1.8369701987210297e-16,610,24.9,1007.8,28.1,27.4,27.414285714285715
2017-09-03,27.2,25.2,89.3,1007.9,178.8,283.8,16.6,100,1,2017,9,3,246,2,-0.888057322629493,-0.4597327394521046,-1.0,-1.8369701987210297e-16,611,25.0,1007.3,28.0,28.0,27.5
2017-09-04,28.9,25.0,80.0,1009.3,223.9,280.9,18.4,100,1,2017,9,3,247,2,-0.8958392907349089,-0.4443781781046134,-1.0,-1.8369701987210297e-16,612,25.2,1007.9,27.2,26.9,27.385714285714283
2017-09-05,28.8,24.2,76.6,1009.2,242.0,229.3,24.1,100,1,2017,9,3,248,2,-0.9033558023246842,-0.4288919379124841,-1.0,-1.8369701987210297e-16,613,25.0,1009.3,28.9,25.7,27.67142857142857
2017-09-06,28.9,24.3,76.7,1007.9,212.8,279.0,18.4,100,1,2017,9,3,249,2,-0.9106046300942162,-0.41327860778290443,-1.0,-1.8369701987210297e-16,614,24.2,1009.2,28.8,27.2,28.114285714285717
2017-09-07,29.2,24.7,77.2,1007.0,226.1,249.9,22.3,100,1,2017,9,3,250,2,-0.9175836260593934,-0.3975428142825566,-1.0,-1.8369701987210297e-16,615,24.3,1007.9,28.9,28.6,28.357142857142858
2017-09-08,29.5,25.6,79.9,1006.7,207.4,149.5,20.5,100,1,2017,9,3,251,2,-0.9242907221930934,-0.3816892202666586,-1.0,-1.8369701987210297e-16,616,24.7,1007.0,29.2,28.1,28.442857142857143
2017-09-09,29.1,25.7,82.3,1005.8,181.0,140.4,16.6,100,1,2017,9,3,252,2,-0.9307239310379793,-0.3657225234972692,-1.0,-1.8369701987210297e-16,617,25.6,1006.7,29.5,28.0,28.642857142857142
2017-09-10,29.3,26.2,83.5,1006.1,205.6,137.4,20.5,100,1,2017,9,3,253,2,-0.9368813462954315,-0.34964745525122826,-1.0,-1.8369701987210297e-16,618,25.7,1005.8,29.1,27.2,28.8
2017-09-11,30.8,26.6,80.0,1006.5,164.9,225.7,18.4,100,1,2017,9,3,254,2,-0.9427611433904206,-0.33346877891818705,-1.0,-1.8369701987210297e-16,619,26.2,1006.1,29.3,28.9,29.1
2017-09-12,31.0,25.9,74.7,1007.1,149.4,203.7,18.4,100,1,2017,9,3,255,2,-0.9483615800121716,-0.31719128858910595,-1.0,-1.8369701987210297e-16,620,26.6,1006.5,30.8,28.8,29.37142857142857
2017-09-13,28.3,25.4,84.8,1008.0,190.0,206.7,27.7,100,1,2017,9,3,256,2,-0.9536809966304455,-0.300819807635668,-1.0,-1.8369701987210297e-16,621,25.9,1007.1,31.0,28.9,29.685714285714283
2017-09-14,29.1,25.6,82.1,1007.4,134.0,193.9,20.5,100,1,2017,9,3,257,2,-0.9587178169872964,-0.2843591872810036,-1.0,-1.8369701987210297e-16,622,25.4,1008.0,28.3,29.2,29.6
2017-09-15,28.0,24.9,83.9,1006.7,164.9,194.0,16.6,100,1,2017,9,3,258,2,-0.9634705485641486,-0.26781430516217486,-1.0,-1.8369701987210297e-16,623,25.6,1007.4,29.1,29.5,29.585714285714285
2017-09-16,28.1,25.0,83.5,1005.8,177.2,272.1,16.6,100,1,2017,9,3,259,2,-0.9679377830240642,-0.25119006388481957,-1.0,-1.8369701987210297e-16,624,24.9,1006.7,28.0,29.1,29.37142857142857
2017-09-17,27.0,24.8,88.0,1005.8,161.0,249.6,16.6,100,1,2017,9,3,260,2,-0.9721181966290612,-0.23449138957041052,-1.0,-1.8369701987210297e-16,625,25.0,1005.8,28.1,29.3,29.228571428571428
2017-09-18,28.2,24.5,80.8,1004.8,142.0,98.7,24.1,100,1,2017,9,3,261,2,-0.9760105506323682,-0.21772323039653224,-1.0,-1.8369701987210297e-16,626,24.8,1005.8,27.0,30.8,28.9
2017-09-19,27.6,25.1,86.6,1003.4,236.3,91.2,37.4,100,1,2017,9,3,262,2,-0.9796136916454901,-0.20089055513063528,-1.0,-1.8369701987210297e-16,627,24.5,1004.8,28.2,31.0,28.528571428571432
2017-09-20,24.8,23.8,94.3,1005.1,215.5,181.9,22.3,100,1,2017,9,3,263,2,-0.9829265519799822,-0.18399835165767986,-1.0,-1.8369701987210297e-16,628,25.1,1003.4,27.6,28.3,28.042857142857144
2017-09-21,26.8,24.8,89.1,1005.8,178.3,175.2,22.3,100,1,2017,9,3,264,2,-0.9859481499638303,-0.1670516255021195,-1.0,-1.8369701987210297e-16,629,23.8,1005.1,24.8,29.1,27.542857142857144
2017-09-22,27.3,24.5,84.8,1007.7,170.2,247.6,22.3,100,1,2017,9,3,265,2,-0.9886775902323404,-0.15005539834465262,-1.0,-1.8369701987210297e-16,630,24.8,1005.8,26.8,28.0,27.214285714285715
2017-09-23,28.3,24.4,79.9,1009.6,199.6,272.7,20.5,100,1,2017,9,3,266,2,-0.9911140639934546,-0.13301470653419636,-1.0,-1.8369701987210297e-16,631,24.5,1007.7,27.3,28.1,27.114285714285717
2017-09-24,28.5,24.5,79.7,1009.9,213.3,276.3,20.5,100,1,2017,9,3,267,2,-0.9932568492674143,-0.11593459959550066,-1.0,-1.8369701987210297e-16,632,24.4,1009.6,28.3,27.0,27.142857142857142
2017-09-25,28.5,24.5,78.9,1008.7,244.4,257.6,22.3,0,0,2017,9,3,268,2,-0.9951053111006974,-0.09882013873287211,-1.0,-1.8369701987210297e-16,633,24.5,1009.9,28.5,28.2,27.357142857142858
2017-09-26,28.8,24.5,78.3,1008.1,240.8,275.2,20.9,100,1,2017,9,3,269,2,-0.99665890175417,-0.08167639533042288,-1.0,-1.8369701987210297e-16,634,24.5,1008.7,28.5,27.6,27.400000000000002
2017-09-27,29.8,25.6,78.9,1008.0,260.4,216.3,18.7,100,1,2017,9,3,270,2,-0.9979171608653922,-0.06450844944931625,-1.0,-1.8369701987210297e-16,635,24.5,1008.1,28.8,24.8,27.571428571428573
2017-09-28,29.9,26.3,81.5,1007.1,280.6,227.6,22.3,100,1,2017,9,3,271,2,-0.9988797155850335,-0.04732138832243232,-1.0,-1.8369701987210297e-16,636,25.6,1008.0,29.8,26.8,28.285714285714285
2017-09-29,28.9,25.8,83.7,1007.4,269.2,160.5,20.5,100,1,2017,9,3,272,2,-0.9995462806873573,-0.03012030484690836,-1.0,-1.8369701987210297e-16,637,26.3,1007.1,29.9,27.3,28.72857142857143
2017-09-30,29.3,25.7,81.3,1008.6,191.1,181.5,22.3,100,1,2017,9,3,273,2,-0.9999166586547379,-0.012910296075008843,-1.0,-1.8369701987210297e-16,638,25.8,1007.4,28.9,28.3,28.957142857142856
2017-10-01,30.1,25.9,78.5,1008.0,211.8,209.7,20.5,100,1,2017,10,4,274,3,-0.9999907397361901,0.004303538296243821,-0.8660254037844386,0.5000000000000001,639,25.7,1008.6,29.3,28.5,29.099999999999998
2017-10-02,30.4,25.7,76.4,1006.7,210.6,213.6,22.3,100,1,2017,10,4,275,3,-0.9997685019798909,0.021516097436222233,-0.8660254037844386,0.5000000000000001,640,25.9,1008.0,30.1,28.5,29.328571428571426
2017-10-03,30.6,25.1,72.9,1007.0,264.7,232.8,20.5,100,1,2017,10,4,276,3,-0.9992500112396835,0.03872228089217399,-0.8660254037844386,0.5000000000000001,641,25.7,1006.7,30.4,28.8,29.6
2017-10-04,31.4,24.5,69.3,1007.3,184.0,245.0,20.5,0,0,2017,10,4,277,3,-0.9984354211555643,0.05591699010060302,-0.8660254037844386,0.5000000000000001,642,25.1,1007.0,30.6,29.8,29.857142857142858
2017-10-05,31.2,25.4,72.5,1006.0,204.4,263.2,18.4,100,1,2017,10,4,278,3,-0.9973249731081555,0.07309512989807776,-0.8660254037844386,0.5000000000000001,643,24.5,1007.3,31.4,29.9,30.085714285714285
2017-10-06,30.3,24.1,71.5,1005.5,145.5,188.3,29.5,100,1,2017,10,4,279,3,-0.9959189961471792,0.0902516100310407,-0.8660254037844386,0.5000000000000001,644,25.4,1006.0,31.2,28.9,30.27142857142857
2017-10-07,28.1,24.9,83.6,1006.2,148.0,221.5,20.5,100,1,2017,10,4,280,3,-0.994217906893952,0.10738134666416306,-0.8660254037844386,0.5000000000000001,645,24.1,1005.5,30.3,29.3,30.47142857142857
2017-10-08,28.3,24.5,80.7,1005.5,149.5,155.5,20.5,100,1,2017,10,4,281,3,-0.9922222094179324,0.12447926388678869,-0.8660254037844386,0.5000000000000001,646,24.9,1006.2,28.1,30.1,30.3
2017-10-09,28.5,25.3,83.0,1005.0,139.1,127.6,18.4,100,1,2017,10,4,282,3,-0.989932495087353,0.141540295217043,-0.8660254037844386,0.5000000000000001,647,24.5,1005.5,28.3,30.4,30.042857142857144
2017-10-10,28.0,25.5,86.9,1004.7,135.9,146.5,16.6,100,1,2017,10,4,283,3,-0.9873494423939864,0.15855938510313475,-0.8660254037844386,0.5000000000000001,648,25.3,1005.0,28.5,30.6,29.771428571428572
2017-10-11,27.9,25.5,87.1,1005.0,134.8,195.0,21.7,100,1,2017,10,4,284,3,-0.9844738167520923,0.17553149042142777,-0.8660254037844386,0.5000000000000001,649,25.5,1004.7,28.0,31.4,29.400000000000002
2017-10-12,29.5,25.7,80.7,1006.0,169.1,255.7,21.3,100,1,2017,10,4,285,3,-0.9813064702716093,0.19245158197082995,-0.8660254037844386,0.5000000000000001,650,25.5,1005.0,27.9,31.2,28.900000000000002
2017-10-13,29.1,25.8,82.9,1005.9,130.2,167.3,16.1,100,1,2017,10,4,286,3,-0.9778483415056567,0.20931464596304888,-0.8660254037844386,0.5000000000000001,651,25.7,1006.0,29.5,30.3,28.657142857142862
2017-10-14,28.2,25.7,86.7,1005.7,152.8,85.1,17.8,100,1,2017,10,4,287,3,-0.9741004551724206,0.22611568550828803,-0.8660254037844386,0.5000000000000001,652,25.8,1005.9,29.1,28.1,28.485714285714288
2017-10-15,28.2,25.7,86.5,1006.9,140.3,85.0,16.6,100,1,2017,10,4,288,3,-0.970063921851507,0.2428497220959358,-0.8660254037844386,0.5000000000000001,653,25.7,1005.7,28.2,28.3,28.5
2017-10-16,29.1,26.5,86.0,1007.6,169.8,209.7,37.1,100,1,2017,10,4,289,3,-0.965739937654855,0.25951179706979943,-0.8660254037844386,0.5000000000000001,654,25.7,1006.9,28.2,28.5,28.485714285714284
2017-10-17,29.7,26.4,82.9,1007.8,163.8,245.2,17.1,100,1,2017,10,4,290,3,-0.9611297838723007,0.27609697309746883,-0.8660254037844386,0.5000000000000001,655,26.5,1007.6,29.1,28.0,28.571428571428573
2017-10-18,29.9,25.8,79.3,1007.4,154.5,244.2,19.6,0,0,2017,10,4,291,3,-0.9562348265919058,0.2926003356333479,-0.8660254037844386,0.5000000000000001,656,26.4,1007.8,29.7,27.9,28.814285714285713
2017-10-19,29.8,25.0,76.3,1006.8,143.6,249.2,20.5,0,0,2017,10,4,292,3,-0.9510565162951536,0.30901699437494723,-0.8660254037844386,0.5000000000000001,657,25.8,1007.4,29.9,29.5,29.1
2017-10-20,28.8,23.9,75.1,1007.4,164.7,231.1,16.6,0,0,2017,10,4,293,3,-0.9455963874271428,0.3253420847119795,-0.8660254037844386,0.5000000000000001,658,25.0,1006.8,29.8,29.1,29.142857142857142
2017-10-21,29.1,25.3,80.6,1008.5,157.9,195.4,21.1,0,0,2017,10,4,294,3,-0.9398560579418953,0.341570769167856,-0.8660254037844386,0.5000000000000001,659,23.9,1007.4,28.8,28.2,29.099999999999998
2017-10-22,29.7,25.7,79.3,1009.1,176.1,218.7,18.4,100,1,2017,10,4,295,3,-0.9338372288229252,0.35769823883312546,-0.8660254037844386,0.5000000000000001,660,25.3,1008.5,29.1,28.2,29.228571428571428
2017-10-23,30.0,24.9,74.9,1010.3,162.9,220.6,15.2,100,1,2017,10,4,296,3,-0.9275416835791965,0.3737197147904692,-0.8660254037844386,0.5000000000000001,661,25.7,1009.1,29.7,29.1,29.442857142857143
2017-10-24,30.3,19.9,56.5,1011.6,132.5,258.4,19.6,0,0,2017,10,4,297,3,-0.9209712877166347,0.38963044953078774,-0.8660254037844386,0.5000000000000001,662,24.9,1010.3,30.0,29.7,29.571428571428573
2017-10-25,30.0,19.4,54.7,1012.3,145.1,261.9,22.8,0,0,2017,10,4,298,3,-0.9141279881853337,0.4054257283599973,-0.8660254037844386,0.5000000000000001,663,19.9,1011.6,30.3,29.9,29.657142857142855
2017-10-26,30.6,19.5,52.9,1012.0,128.8,250.1,18.4,0,0,2017,10,4,299,3,-0.9070138128026362,0.42110087079608916,-0.8660254037844386,0.5000000000000001,664,19.4,1012.3,30.0,29.8,29.67142857142857
2017-10-27,29.9,22.3,64.5,1011.9,154.6,226.2,18.4,0,0,2017,10,4,300,3,-0.8996308696522434,0.4366512319560638,-0.8660254037844386,0.5000000000000001,665,19.5,1012.0,30.6,28.8,29.785714285714285
2017-10-28,30.1,20.0,57.7,1012.0,130.2,243.8,20.5,0,0,2017,10,4,301,3,-0.8919813464595487,0.45207220393230374,-0.8660254037844386,0.5000000000000001,666,22.3,1011.9,29.9,29.1,29.942857142857143
2017-10-29,29.7,20.3,58.6,1012.4,143.8,236.1,16.6,0,0,2017,10,4,302,3,-0.8840675099433637,0.46735921715800205,-0.8660254037844386,0.5000000000000001,667,20.0,1012.0,30.1,29.7,30.08571428571429
2017-10-30,30.1,19.2,54.5,1012.5,127.6,240.6,20.5,0,0,2017,10,4,303,3,-0.8758917051442433,0.48250774176121763,-0.8660254037844386,0.5000000000000001,668,20.3,1012.4,29.7,30.0,30.085714285714285
2017-10-31,30.6,17.7,48.7,1011.2,132.0,232.8,15.3,0,0,2017,10,4,304,3,-0.8674563547295971,0.4975132889071803,-0.8660254037844386,0.5000000000000001,669,19.2,1012.5,30.1,30.3,30.099999999999998
2017-11-01,30.3,16.1,44.6,1011.5,100.6,237.0,17.1,0,0,2017,11,4,305,3,-0.858763958275803,0.5123714121284235,-0.5000000000000004,0.8660254037844384,670,17.7,1011.2,30.6,30.0,30.142857142857142
2017-11-02,30.2,14.4,39.5,1011.1,100.6,234.9,19.0,0,0,2017,11,4,306,3,-0.8498170915275277,0.5270777086423724,-0.5000000000000004,0.8660254037844384,671,16.1,1011.5,30.3,30.6,30.185714285714287
2017-11-03,29.7,14.9,42.2,1010.3,118.1,237.7,18.4,0,0,2017,11,4,307,3,-0.8406184056344783,0.5416278206559811,-0.5000000000000004,0.8660254037844384,672,14.4,1011.1,30.2,29.9,30.128571428571426
2017-11-04,29.4,15.2,43.4,1010.5,101.3,232.9,21.7,0,0,2017,11,4,308,3,-0.8311706263658079,0.5560174366570446,-0.5000000000000004,0.8660254037844384,673,14.9,1010.3,29.7,30.1,30.1
2017-11-05,29.5,15.6,43.9,1010.7,130.1,238.5,20.5,0,0,2017,11,4,309,3,-0.8214765533024145,0.5702422926917867,-0.5000000000000004,0.8660254037844384,674,15.2,1010.5,29.4,29.7,30.0
2017-11-06,30.4,19.2,52.5,1010.9,133.1,237.6,20.5,0,0,2017,11,4,310,3,-0.8115390590073611,0.5842981736283683,-0.5000000000000004,0.8660254037844384,675,15.6,1010.7,29.5,30.1,29.97142857142857
2017-11-07,29.9,20.5,58.7,1011.3,139.2,236.2,18.4,0,0,2017,11,4,311,3,-0.801361088174677,0.5981809144059158,-0.5000000000000004,0.8660254037844384,676,19.2,1010.9,30.4,30.6,30.014285714285712
2017-11-08,29.4,20.5,60.2,1011.5,152.1,222.1,15.9,0,0,2017,11,4,312,3,-0.7909456567567774,0.6118864012687242,-0.5000000000000004,0.8660254037844384,677,20.5,1011.3,29.9,30.3,29.914285714285715
2017-11-09,29.6,18.2,52.2,1010.7,155.2,233.3,18.9,0,0,2017,11,4,313,3,-0.780295851070776,0.6254105729852457,-0.5000000000000004,0.8660254037844384,678,20.5,1011.5,29.4,30.2,29.785714285714285
2017-11-10,29.3,19.0,55.3,1010.8,133.6,227.7,17.8,0,0,2017,11,4,314,3,-0.7694148268839381,0.6387494220515268,-0.5000000000000004,0.8660254037844384,679,18.2,1010.7,29.6,29.7,29.7
2017-11-11,29.0,18.6,55.7,1011.3,134.5,213.3,18.4,0,0,2017,11,4,315,3,-0.7583058084785625,0.6518989958787125,-0.5000000000000004,0.8660254037844384,680,19.0,1010.8,29.3,29.4,29.642857142857142
2017-11-12,28.4,15.2,47.2,1009.9,131.3,224.0,19.6,0,0,2017,11,4,316,3,-0.7469720876965551,0.6648553979642866,-0.5000000000000004,0.8660254037844384,681,18.6,1011.3,29.0,29.5,29.585714285714285
2017-11-13,27.7,16.4,52.5,1008.6,136.3,220.5,17.1,0,0,2017,11,4,317,3,-0.7354170229639858,0.6776147890466887,-0.5000000000000004,0.8660254037844384,682,15.2,1009.9,28.4,30.4,29.428571428571427
2017-11-14,27.4,18.3,59.6,1008.4,122.6,217.1,19.5,0,0,2017,11,4,318,3,-0.7236440382959124,0.690173388242972,-0.5000000000000004,0.8660254037844384,683,16.4,1008.6,27.7,29.9,29.042857142857144
2017-11-15,27.9,16.3,51.6,1009.0,90.3,216.3,16.6,0,0,2017,11,4,319,3,-0.711656622281775,0.7025274741691566,-0.5000000000000004,0.8660254037844384,684,18.3,1008.4,27.4,29.4,28.685714285714287
2017-11-16,27.9,16.5,51.1,1009.4,150.6,203.8,20.6,0,0,2017,11,4,320,3,-0.6994583270516471,0.7146733860429608,-0.5000000000000004,0.8660254037844384,685,16.3,1009.0,27.9,29.6,28.471428571428568
2017-11-17,28.0,16.8,51.9,1009.6,166.2,204.4,20.1,0,0,2017,11,4,321,3,-0.6870527672236675,0.7266075247685652,-0.5000000000000004,0.8660254037844384,686,16.5,1009.4,27.9,29.3,28.228571428571428
2017-11-18,28.1,18.5,57.2,1010.2,140.3,203.5,20.2,0,0,2017,11,4,322,3,-0.6744436188329457,0.7383263540031063,-0.5000000000000004,0.8660254037844384,687,16.8,1009.6,28.0,29.0,28.04285714285714
2017-11-19,29.0,16.6,48.9,1011.4,158.5,204.1,15.9,0,0,2017,11,4,323,3,-0.661634618242279,0.749826401204568,-0.5000000000000004,0.8660254037844384,688,18.5,1010.2,28.1,28.4,27.91428571428571
2017-11-20,29.1,19.5,57.2,1011.6,78.3,169.1,15.3,0,0,2017,11,4,324,3,-0.6486295610349818,0.7611042586607742,-0.5000000000000004,0.8660254037844384,689,16.6,1011.4,29.0,27.7,28.0
2017-11-21,29.6,22.0,64.2,1010.7,138.0,185.7,17.1,0,0,2017,11,4,325,3,-0.6354323008901775,0.7721565844991641,-0.5000000000000004,0.8660254037844384,690,19.5,1011.6,29.1,27.4,28.2
2017-11-22,30.0,20.5,58.5,1010.2,146.7,195.6,19.5,0,0,2017,11,4,326,3,-0.622046748440868,0.7829801036770624,-0.5000000000000004,0.8660254037844384,691,22.0,1010.7,29.6,27.9,28.514285714285712
2017-11-23,28.6,16.9,50.6,1010.3,170.0,220.2,18.4,0,0,2017,11,4,327,3,-0.6084768701151264,0.7935716089521472,-0.5000000000000004,0.8660254037844384,692,20.5,1010.2,30.0,27.9,28.814285714285717
2017-11-24,27.6,18.4,58.2,1012.2,176.2,226.0,20.1,0,0,2017,11,4,328,3,-0.594726686960764,0.8039279618328208,-0.5000000000000004,0.8660254037844384,693,16.9,1010.3,28.6,28.0,28.914285714285715
2017-11-25,27.6,19.8,63.6,1012.7,163.8,212.9,19.5,0,0,2017,11,4,329,3,-0.5808002734538013,0.8140460935082175,-0.5000000000000004,0.8660254037844384,694,18.4,1012.2,27.6,28.1,28.857142857142858
2017-11-26,28.9,19.6,59.0,1012.7,135.9,198.6,17.9,0,0,2017,11,4,330,3,-0.5667017562911184,0.8239230057575536,-0.5000000000000004,0.8660254037844384,695,19.8,1012.7,27.6,29.0,28.78571428571429
2017-11-27,28.5,18.1,55.2,1011.9,128.0,208.7,15.9,0,0,2017,11,4,331,3,-0.5524353131676203,0.8335557718385695,-0.5000000000000004,0.8660254037844384,696,19.6,1012.7,28.9,29.1,28.771428571428572
2017-11-28,27.9,17.9,56.3,1011.5,157.8,214.4,17.1,0,0,2017,11,4,332,3,-0.5380051715382992,0.8429415373547832,-0.5000000000000004,0.8660254037844384,697,18.1,1011.9,28.5,29.6,28.685714285714283
2017-11-29,27.8,17.6,55.6,1012.0,141.8,211.4,15.9,0,0,2017,11,4,333,3,-0.5234156073655503,0.8520775211013093,-0.5000000000000004,0.8660254037844384,698,17.9,1011.5,27.9,30.0,28.442857142857143
2017-11-30,28.1,16.4,50.9,1011.1,149.7,209.9,18.4,0,0,2017,11,4,334,3,-0.5086709438521042,0.8609610158889945,-0.5000000000000004,0.8660254037844384,699,17.6,1012.0,27.8,28.6,28.12857142857143
2017-12-01,28.7,15.6,45.8,1009.7,65.9,202.6,19.6,0,0,2017,12,4,335,0,-0.49377555015997737,0.8695893893466109,-2.4492935982947064e-16,1.0,700,16.4,1011.1,28.1,27.6,28.057142857142857
2017-12-02,29.1,16.5,47.3,1010.1,69.3,159.2,20.7,0,0,2017,12,4,336,0,-0.4787338401157883,0.8779600847008883,-2.4492935982947064e-16,1.0,701,15.6,1009.7,28.7,27.6,28.214285714285715
2017-12-03,28.7,19.2,57.2,1010.1,105.4,167.9,18.4,0,0,2017,12,4,337,0,-0.4635502709028512,0.8860706215341378,-2.4492935982947064e-16,1.0,702,16.5,1010.1,29.1,28.9,28.428571428571427
2017-12-04,28.4,20.2,63.4,1008.8,161.8,84.74,20.5,100,1,2017,12,4,338,0,-0.4482293417404106,0.893918596519257,-2.4492935982947064e-16,1.0,703,19.2,1010.1,28.7,28.5,28.400000000000002
2017-12-05,23.3,21.8,91.2,1005.9,104.9,122.3,22.8,100,1,2017,12,4,339,0,-0.4327755925504317,0.9015016841318838,-2.4492935982947064e-16,1.0,704,20.2,1008.8,28.4,27.9,28.38571428571429
2017-12-06,25.0,22.1,84.2,1009.3,227.8,108.6,16.6,100,1,2017,12,4,340,0,-0.41719360261231697,0.9088176373395028,-2.4492935982947064e-16,1.0,705,21.8,1005.9,23.3,27.8,27.728571428571428
2017-12-07,23.8,19.4,77.0,1011.4,187.9,145.4,20.5,0,0,2017,12,4,341,0,-0.4014879892059737,0.9158642882672868,-2.4492935982947064e-16,1.0,706,22.1,1009.3,25.0,28.1,27.328571428571426
2017-12-08,25.2,20.9,77.7,1011.0,193.6,184.8,18.9,0,0,2017,12,4,342,0,-0.38566340624360745,0.9226395488404875,-2.4492935982947064e-16,1.0,707,19.4,1011.4,23.8,28.7,26.714285714285715
2017-12-09,26.3,23.7,86.0,1011.3,142.3,168.9,22.2,0,0,2017,12,4,343,0,-0.3697245428906732,0.9291414114031743,-2.4492935982947064e-16,1.0,708,20.9,1011.0,25.2,29.1,26.214285714285715
2017-12-10,26.2,22.9,82.2,1012.2,170.8,182.9,15.3,0,0,2017,12,4,344,0,-0.3536761221763721,0.935367949313148,-2.4492935982947064e-16,1.0,709,23.7,1011.3,26.3,28.7,25.814285714285713
2017-12-11,25.9,20.9,74.8,1013.7,206.3,188.6,21.0,0,0,2017,12,4,345,0,-0.33752289959411347,0.941317317512847,-2.4492935982947064e-16,1.0,710,22.9,1012.2,26.2,28.4,25.457142857142856
2017-12-12,25.0,19.2,70.7,1014.3,147.8,207.3,20.7,100,1,2017,12,4,346,0,-0.32126966169236515,0.9469877530760751,-2.4492935982947064e-16,1.0,711,20.9,1013.7,25.9,23.3,25.099999999999998
2017-12-13,24.3,16.8,63.8,1014.5,192.0,208.5,19.6,0,0,2017,12,4,347,0,-0.3049212246562894,0.9523775757303973,-2.4492935982947064e-16,1.0,712,19.2,1014.3,25.0,25.0,25.342857142857145
2017-12-14,23.9,17.0,65.8,1014.4,151.6,204.2,18.4,0,0,2017,12,4,348,0,-0.2884824328806098,0.9574851883550389,-2.4492935982947064e-16,1.0,713,16.8,1014.5,24.3,23.8,25.242857142857144
2017-12-15,25.0,19.1,70.2,1014.5,168.5,184.2,15.9,0,0,2017,12,4,349,0,-0.27195815753410524,0.9623090774541487,-2.4492935982947064e-16,1.0,714,17.0,1014.4,23.9,25.2,25.25714285714286
2017-12-16,26.8,20.7,70.1,1014.7,123.9,185.7,17.2,0,0,2017,12,4,350,0,-0.2553532951161881,0.9668478136052773,-2.4492935982947064e-16,1.0,715,19.1,1014.5,25.0,26.3,25.22857142857143
2017-12-17,28.1,17.6,54.9,1015.6,94.8,194.0,17.1,0,0,2017,12,4,351,0,-0.23867276600594997,0.9711000518829505,-2.4492935982947064e-16,1.0,716,20.7,1014.7,26.8,26.2,25.3
2017-12-18,27.3,14.9,47.9,1015.72,107.7,101.1,17.7,0,0,2017,12,4,352,0,-0.22192151300416674,0.9750645322571945,-2.4492935982947064e-16,1.0,717,17.6,1015.6,28.1,25.9,25.571428571428573
2017-12-19,27.6,14.3,45.7,1015.3,100.8,158.2,20.7,0,0,2017,12,4,353,0,-0.20510449986861926,0.9787400799669153,-2.4492935982947064e-16,1.0,718,14.9,1015.72,27.3,25.0,25.771428571428572
2017-12-20,26.8,12.8,44.7,1015.5,97.6,138.0,17.8,0,0,2017,12,4,354,0,-0.1882267098432439,0.9821256058680006,-2.4492935982947064e-16,1.0,719,14.3,1015.3,27.6,24.3,26.142857142857142
2017-12-21,27.0,13.7,46.1,1015.6,176.2,215.8,19.0,0,0,2017,12,4,355,0,-0.1712931441814778,0.9852201067560606,-2.4492935982947064e-16,1.0,720,12.8,1015.5,26.8,23.9,26.5
2017-12-22,27.0,15.2,50.2,1014.2,133.8,168.6,14.8,0,0,2017,12,4,356,0,-0.154308820664281,0.9880226656636976,-2.4492935982947064e-16,1.0,721,13.7,1015.6,27.0,25.0,26.942857142857147
2017-12-23,26.8,14.8,49.3,1012.4,144.2,195.7,19.0,0,0,2017,12,4,357,0,-0.13727877211326517,0.9905324521322227,-2.4492935982947064e-16,1.0,722,15.2,1014.2,27.0,26.8,27.22857142857143
2017-12-24,25.9,17.5,61.3,1012.1,167.8,195.0,21.9,0,0,2017,12,4,358,0,-0.12020804489935275,0.9927487224577402,-2.4492935982947064e-16,1.0,723,14.8,1012.4,26.8,28.1,27.22857142857143
2017-12-25,25.8,18.0,64.0,1013.1,139.5,197.8,16.6,0,0,2017,12,4,359,0,-0.10310169744743544,0.9946708199115211,-2.4492935982947064e-16,1.0,724,17.5,1012.1,25.9,27.3,26.914285714285715
2017-12-26,27.4,15.6,50.3,1013.4,128.3,199.1,21.7,0,0,2017,12,4,360,0,-0.0859647987374467,0.9962981749346077,-2.4492935982947064e-16,1.0,725,18.0,1013.1,25.8,27.6,26.7
2017-12-27,26.5,14.5,48.9,1013.1,137.0,191.2,17.7,0,0,2017,12,4,361,0,-0.06880242680232064,0.9976303053065857,-2.4492935982947064e-16,1.0,726,15.6,1013.4,27.4,26.8,26.671428571428574
2017-12-28,25.9,14.6,51.3,1012.4,146.0,205.7,17.1,0,0,2017,12,4,362,0,-0.05161966722325418,0.9986668162884759,-2.4492935982947064e-16,1.0,727,14.5,1013.1,26.5,27.0,26.62857142857143
2017-12-29,25.6,16.5,58.2,1012.8,144.9,203.7,17.8,0,0,2017,12,4,363,0,-0.034421611622745804,0.9994074007397048,-2.4492935982947064e-16,1.0,728,14.6,1012.4,25.9,27.0,26.471428571428568
2017-12-30,25.5,16.7,59.5,1012.7,155.9,181.6,50.9,0,0,2017,12,4,364,0,-0.01721335615583528,0.9998518392091162,-2.4492935982947064e-16,1.0,729,16.5,1012.8,25.6,26.8,26.271428571428572
2017-12-31,25.4,17.2,61.6,1011.4,153.4,198.8,20.5,0,0,2017,12,4,365,0,6.432490598706546e-16,1.0,-2.4492935982947064e-16,1.0,730,16.7,1012.7,25.5,25.9,26.08571428571429
2018-01-01,25.0,16.0,58.9,1010.4,173.5,197.1,15.9,0,0,2018,1,1,1,0,0.017213356155834685,0.9998518392091162,0.49999999999999994,0.8660254037844387,731,17.2,1011.4,25.4,25.8,26.014285714285712
2018-01-02,24.4,15.1,57.3,1010.3,174.6,204.8,17.8,0,0,2018,1,1,2,0,0.03442161162274574,0.9994074007397048,0.49999999999999994,0.8660254037844387,732,16.0,1010.4,25.0,27.4,25.9
2018-01-03,25.0,18.9,70.3,1011.3,162.4,192.5,17.8,0,0,2018,1,1,3,0,0.051619667223253764,0.998666816288476,0.49999999999999994,0.8660254037844387,733,15.1,1010.3,24.4,26.5,25.471428571428568
2018-01-04,25.2,18.9,69.8,1012.4,192.6,184.8,18.4,0,0,2018,1,1,4,0,0.06880242680231986,0.9976303053065857,0.49999999999999994,0.8660254037844387,734,18.9,1011.3,25.0,25.9,25.257142857142856
2018-01-05,25.2,17.6,64.3,1011.3,203.7,191.5,20.7,0,0,2018,1,1,5,0,0.08596479873744647,0.9962981749346078,0.49999999999999994,0.8660254037844387,735,18.9,1012.4,25.2,25.6,25.157142857142862
2018-01-06,24.7,13.4,51.3,1011.2,180.3,198.2,18.4,0,0,2018,1,1,6,0,0.10310169744743485,0.9946708199115211,0.49999999999999994,0.8660254037844387,736,17.6,1011.3,25.2,25.5,25.099999999999998
2018-01-07,23.6,11.4,47.5,1012.5,130.2,209.2,20.7,0,0,2018,1,1,7,0,0.1202080448993527,0.9927487224577402,0.49999999999999994,0.8660254037844387,737,13.4,1011.2,24.7,25.4,24.985714285714284
2018-01-08,23.6,15.4,60.9,1012.5,182.2,194.4,18.4,0,0,2018,1,1,8,0,0.13727877211326478,0.9905324521322229,0.49999999999999994,0.8660254037844387,738,11.4,1012.5,23.6,25.0,24.72857142857143
2018-01-09,25.4,17.8,64.4,1013.8,150.9,181.3,17.1,0,0,2018,1,1,9,0,0.15430882066428117,0.9880226656636976,0.49999999999999994,0.8660254037844387,739,15.4,1012.5,23.6,24.4,24.528571428571432
2018-01-10,27.0,16.7,55.8,1013.7,133.2,181.4,14.7,0,0,2018,1,1,10,0,0.1712931441814776,0.9852201067560606,0.49999999999999994,0.8660254037844387,740,17.8,1013.8,25.4,25.0,24.67142857142857
2018-01-11,28.0,15.9,48.9,1013.5,172.3,189.2,14.7,0,0,2018,1,1,11,0,0.1882267098432442,0.9821256058680006,0.49999999999999994,0.8660254037844387,741,16.7,1013.7,27.0,25.2,24.957142857142856
2018-01-12,28.5,17.4,52.4,1012.5,142.8,187.5,14.7,0,0,2018,1,1,12,0,0.2051044998686192,0.9787400799669153,0.49999999999999994,0.8660254037844387,742,15.9,1013.5,28.0,25.2,25.357142857142858
2018-01-13,28.6,18.6,56.5,1012.1,170.0,183.7,17.1,0,0,2018,1,1,13,0,0.2219215130041655,0.9750645322571948,0.49999999999999994,0.8660254037844387,743,17.4,1012.5,28.5,24.7,25.82857142857143
2018-01-14,28.1,20.1,62.9,1012.5,119.3,183.0,18.4,0,0,2018,1,1,14,0,0.2386727660059501,0.9711000518829505,0.49999999999999994,0.8660254037844387,744,18.6,1012.1,28.6,23.6,26.38571428571429
2018-01-15,28.7,20.6,62.6,1012.3,185.0,180.4,17.8,0,0,2018,1,1,15,0,0.255353295116187,0.9668478136052775,0.49999999999999994,0.8660254037844387,745,20.1,1012.5,28.1,23.6,27.028571428571432
2018-01-16,29.6,19.0,55.0,1011.1,156.1,203.1,18.4,0,0,2018,1,1,16,0,0.2719581575341055,0.9623090774541486,0.49999999999999994,0.8660254037844387,746,20.6,1012.3,28.7,25.4,27.757142857142856
2018-01-17,28.7,18.2,54.8,1011.3,225.3,218.8,18.8,0,0,2018,1,1,17,0,0.288482432880609,0.9574851883550393,0.49999999999999994,0.8660254037844387,747,19.0,1011.1,29.6,27.0,28.357142857142858
2018-01-18,28.8,16.9,50.9,1012.1,153.8,223.5,19.6,0,0,2018,1,1,18,0,0.30492122465628907,0.9523775757303974,0.49999999999999994,0.8660254037844387,748,18.2,1011.3,28.7,28.0,28.599999999999998
2018-01-19,27.3,15.0,48.5,1013.1,182.1,223.1,29.2,0,0,2018,1,1,19,0,0.3212696616923644,0.9469877530760753,0.49999999999999994,0.8660254037844387,749,16.9,1012.1,28.8,28.5,28.714285714285715
2018-01-20,27.2,15.9,51.6,1012.2,162.7,224.3,20.9,0,0,2018,1,1,20,0,0.3375228995941133,0.9413173175128471,0.49999999999999994,0.8660254037844387,750,15.0,1013.1,27.3,28.6,28.54285714285714
2018-01-21,27.3,15.7,51.0,1010.7,149.4,223.4,16.6,0,0,2018,1,1,21,0,0.3536761221763716,0.9353679493131483,0.49999999999999994,0.8660254037844387,751,15.9,1012.2,27.2,28.1,28.342857142857145
2018-01-22,26.3,17.3,59.9,1009.7,183.8,214.3,19.0,0,0,2018,1,1,22,0,0.3697245428906731,0.9291414114031743,0.49999999999999994,0.8660254037844387,752,15.7,1010.7,27.3,28.7,28.228571428571428
2018-01-23,24.7,17.6,66.5,1011.0,227.1,217.9,25.2,100,1,2018,1,1,23,0,0.38566340624360707,0.9226395488404876,0.49999999999999994,0.8660254037844387,753,17.3,1009.7,26.3,29.6,27.88571428571429
2018-01-24,24.1,14.6,56.9,1011.5,203.2,233.7,47.8,0,0,2018,1,1,24,0,0.401487989205973,0.9158642882672872,0.49999999999999994,0.8660254037844387,754,17.6,1011.0,24.7,28.7,27.185714285714283
2018-01-25,25.1,14.9,54.8,1010.6,184.7,235.4,23.8,0,0,2018,1,1,25,0,0.4171936026123168,0.9088176373395029,0.49999999999999994,0.8660254037844387,755,14.6,1011.5,24.1,28.8,26.52857142857143
2018-01-26,25.5,14.0,50.4,1010.5,157.9,236.5,19.6,0,0,2018,1,1,26,0,0.4327755925504312,0.901501684131884,0.49999999999999994,0.8660254037844387,756,14.9,1010.6,25.1,27.3,26.0
2018-01-27,25.3,13.2,48.7,1010.8,210.7,233.5,20.7,0,0,2018,1,1,27,0,0.4482293417404106,0.893918596519257,0.49999999999999994,0.8660254037844387,757,14.0,1010.5,25.5,27.2,25.742857142857144
2018-01-28,24.9,13.6,51.2,1011.9,221.9,218.6,18.3,0,0,2018,1,1,28,0,0.4635502709028509,0.886070621534138,0.49999999999999994,0.8660254037844387,758,13.2,1010.8,25.3,27.3,25.471428571428568
2018-01-29,25.9,16.3,56.8,1012.5,125.1,212.6,15.3,0,0,2018,1,1,29,0,0.47873384011578846,0.8779600847008882,0.49999999999999994,0.8660254037844387,759,13.6,1011.9,24.9,26.3,25.12857142857143
2018-01-30,28.2,14.1,45.8,1013.0,129.3,226.8,18.9,0,0,2018,1,1,30,0,0.49377555015997715,0.869589389346611,0.49999999999999994,0.8660254037844387,760,16.3,1012.5,25.9,24.7,25.071428571428573
2018-01-31,28.0,12.6,42.3,1013.4,144.3,240.4,16.6,0,0,2018,1,1,31,0,0.5086709438521044,0.8609610158889943,0.49999999999999994,0.8660254037844387,761,14.1,1013.0,28.2,24.1,25.571428571428573
2018-02-01,27.0,14.5,48.1,1013.2,156.4,243.6,18.9,0,0,2018,2,1,32,0,0.5234156073655503,0.8520775211013093,0.8660254037844386,0.5000000000000001,762,12.6,1013.4,28.0,25.1,26.128571428571426
2018-02-02,27.1,16.7,54.5,1011.8,223.4,238.9,18.8,100,1,2018,2,1,33,0,0.5380051715382996,0.8429415373547828,0.8660254037844386,0.5000000000000001,763,14.5,1013.2,27.0,25.5,26.4
2018-02-03,27.1,16.8,54.6,1011.4,253.7,233.2,21.7,0,0,2018,2,1,34,0,0.5524353131676196,0.8335557718385699,0.8660254037844386,0.5000000000000001,764,16.7,1011.8,27.1,25.3,26.628571428571426
2018-02-04,27.3,15.8,50.5,1011.4,170.8,230.8,19.0,0,0,2018,2,1,35,0,0.5667017562911176,0.8239230057575542,0.8660254037844386,0.5000000000000001,765,16.8,1011.4,27.1,24.9,26.88571428571429
2018-02-05,27.0,17.4,56.8,1013.0,185.6,220.4,17.7,0,0,2018,2,1,36,0,0.5808002734538009,0.8140460935082178,0.8660254037844386,0.5000000000000001,766,15.8,1011.4,27.3,25.9,27.228571428571428
2018-02-06,27.4,18.0,58.0,1013.1,152.4,107.2,20.2,100,1,2018,2,1,37,0,0.5947266869607634,0.8039279618328213,0.8660254037844386,0.5000000000000001,767,17.4,1013.0,27.0,28.2,27.385714285714283
2018-02-07,26.9,19.4,64.9,1012.3,202.0,200.4,18.4,100,1,2018,2,1,38,0,0.6084768701151261,0.7935716089521474,0.8660254037844386,0.5000000000000001,768,18.0,1013.1,27.4,28.0,27.271428571428572
2018-02-08,26.1,20.1,71.6,1012.2,197.1,241.7,23.5,100,1,2018,2,1,39,0,0.6220467484408675,0.7829801036770629,0.8660254037844386,0.5000000000000001,769,19.4,1012.3,26.9,27.0,27.114285714285717
2018-02-09,26.1,16.1,57.1,1012.3,178.6,244.0,20.2,0,0,2018,2,1,40,0,0.6354323008901774,0.7721565844991642,0.8660254037844386,0.5000000000000001,770,20.1,1012.2,26.1,27.1,26.985714285714288
2018-02-10,25.5,14.6,52.0,1012.7,179.8,251.2,23.3,0,0,2018,2,1,41,0,0.6486295610349814,0.7611042586607747,0.8660254037844386,0.5000000000000001,771,16.1,1012.3,26.1,27.1,26.842857142857145
2018-02-11,24.9,18.3,67.0,1013.3,186.5,254.2,25.3,100,1,2018,2,1,42,0,0.6616346182422783,0.7498264012045686,0.8660254037844386,0.5000000000000001,772,14.6,1012.7,25.5,27.3,26.61428571428571
2018-02-12,24.3,16.9,64.8,1015.7,167.5,260.2,24.0,0,0,2018,2,1,43,0,0.6744436188329455,0.7383263540031065,0.8660254037844386,0.5000000000000001,773,18.3,1013.3,24.9,27.0,26.271428571428572
2018-02-13,25.2,17.0,61.2,1015.72,163.7,259.8,24.0,0,0,2018,2,1,44,0,0.6870527672236669,0.7266075247685656,0.8660254037844386,0.5000000000000001,774,16.9,1015.7,24.3,27.4,25.88571428571429
2018-02-14,28.3,17.7,53.9,1015.4,122.4,250.9,27.1,0,0,2018,2,1,45,0,0.699458327051647,0.7146733860429609,0.8660254037844386,0.5000000000000001,775,17.0,1015.72,25.2,26.9,25.571428571428573
2018-02-15,30.0,17.3,46.8,1015.72,162.0,238.9,20.7,0,0,2018,2,1,46,0,0.7116566222817746,0.7025274741691571,0.8660254037844386,0.5000000000000001,776,17.7,1015.4,28.3,26.1,25.771428571428572
2018-02-16,29.2,17.0,49.7,1015.2,171.6,237.9,22.2,0,0,2018,2,1,47,0,0.7236440382959124,0.6901733882429719,0.8660254037844386,0.5000000000000001,777,17.3,1015.72,30.0,26.1,26.32857142857143
2018-02-17,29.0,15.1,45.0,1012.2,228.5,254.4,23.7,0,0,2018,2,1,48,0,0.7354170229639855,0.6776147890466889,0.8660254037844386,0.5000000000000001,778,17.0,1015.2,29.2,25.5,26.771428571428572
2018-02-18,28.2,13.4,41.4,1010.4,208.1,258.7,19.5,100,1,2018,2,1,49,0,0.7469720876965552,0.6648553979642865,0.8660254037844386,0.5000000000000001,779,15.1,1012.2,29.0,24.9,27.271428571428572
2018-02-19,28.1,15.7,48.5,1010.3,204.5,259.0,23.5,0,0,2018,2,1,50,0,0.7583058084785624,0.6518989958787126,0.8660254037844386,0.5000000000000001,780,13.4,1010.4,28.2,24.3,27.74285714285714
2018-02-20,27.6,19.3,61.6,1010.6,243.4,250.4,21.3,100,1,2018,2,1,51,0,0.7694148268839378,0.6387494220515272,0.8660254037844386,0.5000000000000001,781,15.7,1010.3,28.1,25.2,28.285714285714285
2018-02-21,28.1,17.3,54.6,1009.6,193.7,249.5,18.4,0,0,2018,2,1,52,0,0.7802958510707755,0.6254105729852463,0.8660254037844386,0.5000000000000001,782,19.3,1010.6,27.6,28.3,28.62857142857143
2018-02-22,28.6,17.0,51.6,1008.6,182.1,242.1,22.3,0,0,2018,2,1,53,0,0.7909456567567772,0.6118864012687243,0.8660254037844386,0.5000000000000001,783,17.3,1009.6,28.1,30.0,28.599999999999998
2018-02-23,28.3,20.0,63.0,1009.5,182.7,238.0,22.9,0,0,2018,2,1,54,0,0.8013610881746766,0.5981809144059165,0.8660254037844386,0.5000000000000001,784,17.0,1008.6,28.6,29.2,28.400000000000002
2018-02-24,29.5,16.4,46.9,1011.2,159.5,234.2,18.8,0,0,2018,2,1,55,0,0.8115390590073611,0.5842981736283684,0.8660254037844386,0.5000000000000001,785,20.0,1009.5,28.3,29.0,28.271428571428572
2018-02-25,30.8,16.2,43.3,1011.6,179.3,250.9,20.2,0,0,2018,2,1,56,0,0.8214765533024142,0.5702422926917871,0.8660254037844386,0.5000000000000001,786,16.4,1011.2,29.5,28.2,28.342857142857145
2018-02-26,30.6,16.2,43.6,1010.9,165.2,256.5,20.5,0,0,2018,2,1,57,0,0.8311706263658079,0.5560174366570446,0.8660254037844386,0.5000000000000001,787,16.2,1011.6,30.8,28.1,28.714285714285715
2018-02-27,30.8,14.9,40.1,1009.9,178.5,262.1,20.2,0,0,2018,2,1,58,0,0.8406184056344782,0.5416278206559814,0.8660254037844386,0.5000000000000001,788,16.2,1010.9,30.6,27.6,29.071428571428573
2018-02-28,30.6,17.0,45.3,1009.7,143.6,254.8,19.3,0,0,2018,2,1,59,0,0.8498170915275278,0.5270777086423722,0.8660254037844386,0.5000000000000001,789,14.9,1009.9,30.8,28.1,29.528571428571432
2018-03-01,28.9,18.6,55.3,1009.6,167.1,250.6,16.6,0,0,2018,3,1,60,1,0.8587639582758029,0.5123714121284237,1.0,6.123233995736766e-17,790,17.0,1009.7,30.6,28.6,29.88571428571429
2018-03-02,29.0,20.6,61.7,1009.1,187.4,246.2,19.5,0,0,2018,3,1,61,1,0.8674563547295969,0.49751328890718066,1.0,6.123233995736766e-17,791,18.6,1009.6,28.9,28.3,29.928571428571434
2018-03-03,29.1,21.6,66.1,1008.6,196.2,246.2,18.3,0,0,2018,3,1,62,1,0.8758917051442429,0.48250774176121847,1.0,6.123233995736766e-17,792,20.6,1009.1,29.0,29.5,30.028571428571432
2018-03-04,28.5,22.5,70.6,1008.9,223.6,247.9,19.6,0,0,2018,3,1,63,1,0.8840675099433636,0.4673592171580022,1.0,6.123233995736766e-17,793,21.6,1008.6,29.1,30.8,29.97142857142857
2018-03-05,28.4,19.2,58.6,1010.1,223.8,265.6,24.6,0,0,2018,3,1,64,1,0.8919813464595485,0.45207220393230435,1.0,6.123233995736766e-17,794,22.5,1008.9,28.5,30.6,29.642857142857142
2018-03-06,29.6,18.2,52.3,1009.7,250.3,264.7,22.2,0,0,2018,3,1,65,1,0.8996308696522433,0.43665123195606403,1.0,6.123233995736766e-17,795,19.2,1010.1,28.4,30.8,29.32857142857143
2018-03-07,28.7,20.0,60.3,1009.4,261.9,249.2,23.5,100,1,2018,3,1,66,1,0.9070138128026359,0.4211008707960896,1.0,6.123233995736766e-17,796,18.2,1009.7,29.6,30.6,29.157142857142855
2018-03-08,27.3,20.1,65.6,1010.4,215.5,268.0,27.1,0,0,2018,3,1,67,1,0.9141279881853337,0.40542572835999735,1.0,6.123233995736766e-17,797,20.0,1009.4,28.7,28.9,28.885714285714283
2018-03-09,28.6,16.0,47.8,1010.5,282.3,266.8,25.8,0,0,2018,3,1,68,1,0.9209712877166346,0.38963044953078796,1.0,6.123233995736766e-17,798,20.1,1010.4,27.3,29.0,28.657142857142855
2018-03-10,28.6,20.7,62.8,1010.2,297.7,263.7,22.8,100,1,2018,3,1,69,1,0.9275416835791966,0.37371971479046906,1.0,6.123233995736766e-17,799,16.0,1010.5,28.6,29.1,28.599999999999998
2018-03-11,30.9,16.6,46.5,1010.2,199.0,276.6,24.7,0,0,2018,3,1,70,1,0.9338372288229252,0.35769823883312546,1.0,6.123233995736766e-17,800,20.7,1010.2,28.6,28.5,28.52857142857143
2018-03-12,30.5,14.7,40.6,1010.4,238.3,269.4,25.2,0,0,2018,3,1,71,1,0.9398560579418954,0.3415707691678556,1.0,6.123233995736766e-17,801,16.6,1010.2,30.9,28.4,28.87142857142857
2018-03-13,31.1,9.6,28.6,1010.3,273.8,264.2,23.7,100,1,2018,3,1,72,1,0.9455963874271426,0.3253420847119801,1.0,6.123233995736766e-17,802,14.7,1010.4,30.5,29.6,29.17142857142857
2018-03-14,31.2,10.9,32.5,1009.8,232.1,268.7,24.0,0,0,2018,3,1,73,1,0.9510565162951535,0.30901699437494745,1.0,6.123233995736766e-17,803,9.6,1010.3,31.1,28.7,29.385714285714283
2018-03-15,28.1,18.7,57.3,1010.1,245.8,145.9,18.4,100,1,2018,3,1,74,1,0.9562348265919056,0.29260033563334836,1.0,6.123233995736766e-17,804,10.9,1009.8,31.2,27.3,29.742857142857144
2018-03-16,28.8,17.9,53.3,1009.4,175.0,251.6,23.3,100,1,2018,3,1,75,1,0.9611297838723007,0.27609697309746883,1.0,6.123233995736766e-17,805,18.7,1010.1,28.1,28.6,29.857142857142858
2018-03-17,28.9,19.0,57.4,1009.3,206.9,257.9,24.0,0,0,2018,3,1,76,1,0.9657399376548549,0.2595117970697999,1.0,6.123233995736766e-17,806,17.9,1009.4,28.8,28.6,29.88571428571429
2018-03-18,28.6,21.2,65.8,1009.8,246.2,257.2,23.3,100,1,2018,3,1,77,1,0.9700639218515071,0.2428497220959356,1.0,6.123233995736766e-17,807,19.0,1009.3,28.9,30.9,29.928571428571427
2018-03-19,28.5,20.3,61.9,1011.8,240.8,299.9,24.0,0,0,2018,3,1,78,1,0.9741004551724205,0.22611568550828828,1.0,6.123233995736766e-17,808,21.2,1009.8,28.6,30.5,29.6
2018-03-20,28.1,22.0,70.6,1011.4,226.5,301.1,24.0,0,0,2018,3,1,79,1,0.9778483415056568,0.20931464596304847,1.0,6.123233995736766e-17,809,20.3,1011.8,28.5,31.1,29.314285714285717
2018-03-21,28.0,20.2,64.9,1011.2,255.0,304.6,28.9,0,0,2018,3,1,80,1,0.9813064702716093,0.19245158197082998,1.0,6.123233995736766e-17,810,22.0,1011.4,28.1,31.2,28.88571428571429
2018-03-22,27.1,18.8,62.2,1010.6,252.9,313.7,27.1,0,0,2018,3,1,81,1,0.9844738167520922,0.1755314904214282,1.0,6.123233995736766e-17,811,20.2,1011.2,28.0,28.1,28.428571428571427
2018-03-23,27.1,19.7,64.8,1010.5,210.7,198.6,29.0,0,0,2018,3,1,82,1,0.9873494423939864,0.15855938510313475,1.0,6.123233995736766e-17,812,18.8,1010.6,27.1,28.8,28.285714285714285
2018-03-24,28.6,20.9,64.6,1010.6,287.7,288.8,24.1,0,0,2018,3,1,83,1,0.989932495087353,0.141540295217043,1.0,6.123233995736766e-17,813,19.7,1010.5,27.1,28.9,28.04285714285714
2018-03-25,31.9,18.8,52.2,1010.7,173.2,208.2,20.6,0,0,2018,3,1,84,1,0.9922222094179323,0.12447926388678915,1.0,6.123233995736766e-17,814,20.9,1010.6,28.6,28.6,28.000000000000004
2018-03-26,32.4,15.8,41.5,1010.5,198.3,287.4,25.9,0,0,2018,3,1,85,1,0.994217906893952,0.10738134666416309,1.0,6.123233995736766e-17,815,18.8,1010.7,31.9,28.5,28.471428571428568
2018-03-27,29.2,25.1,79.5,1010.4,227.1,252.7,24.1,0,0,2018,3,1,86,1,0.995918996147179,0.09025161003104117,1.0,6.123233995736766e-17,816,15.8,1010.5,32.4,28.1,29.02857142857143
2018-03-28,28.6,24.1,77.2,1010.3,189.4,284.9,24.1,0,0,2018,3,1,87,1,0.9973249731081555,0.07309512989807777,1.0,6.123233995736766e-17,817,25.1,1010.4,29.2,28.0,29.185714285714283
2018-03-29,28.0,23.7,78.3,1010.0,217.6,307.9,24.0,0,0,2018,3,1,88,1,0.9984354211555643,0.055916990100603484,1.0,6.123233995736766e-17,818,24.1,1010.3,28.6,27.1,29.271428571428572
2018-03-30,28.3,23.5,75.5,1009.2,237.8,301.7,25.8,0,0,2018,3,1,89,1,0.9992500112396835,0.03872228089217446,1.0,6.123233995736766e-17,819,23.7,1010.0,28.0,27.1,29.400000000000002
2018-03-31,28.5,23.6,75.2,1008.9,215.4,248.6,22.9,0,0,2018,3,1,90,1,0.9997685019798909,0.021516097436222254,1.0,6.123233995736766e-17,820,23.5,1009.2,28.3,28.6,29.571428571428573
2018-04-01,28.4,22.6,71.9,1008.3,211.7,283.0,21.7,0,0,2018,4,2,91,1,0.9999907397361901,0.004303538296244289,0.8660254037844387,-0.4999999999999998,821,23.6,1008.9,28.5,31.9,29.557142857142853
2018-04-02,28.7,21.9,67.6,1009.4,180.3,306.0,22.5,0,0,2018,4,2,92,1,0.9999166586547379,-0.01291029607500882,0.8660254037844387,-0.4999999999999998,822,22.6,1008.3,28.4,32.4,29.057142857142857
2018-04-03,28.9,21.8,66.7,1009.0,201.5,297.6,22.4,0,0,2018,4,2,93,1,0.9995462806873573,-0.030120304846908114,0.8660254037844387,-0.4999999999999998,823,21.9,1009.4,28.7,29.2,28.52857142857143
2018-04-04,29.3,22.8,68.8,1007.0,219.3,292.6,23.1,0,0,2018,4,2,94,1,0.9988797155850336,-0.04732138832243185,0.8660254037844387,-0.4999999999999998,824,21.8,1009.0,28.9,28.6,28.485714285714288
2018-04-05,29.5,23.2,69.8,1006.2,211.8,229.6,21.9,0,0,2018,4,2,95,1,0.9979171608653922,-0.06450844944931623,0.8660254037844387,-0.4999999999999998,825,22.8,1007.0,29.3,28.0,28.585714285714285
2018-04-06,29.4,22.8,68.4,1007.6,240.0,185.0,28.3,0,0,2018,4,2,96,1,0.9966589017541702,-0.08167639533042241,0.8660254037844387,-0.4999999999999998,826,23.2,1006.2,29.5,28.3,28.8
2018-04-07,29.6,23.0,68.7,1008.7,207.9,275.5,24.6,0,0,2018,4,2,97,1,0.9951053111006976,-0.09882013873287143,0.8660254037844387,-0.4999999999999998,827,22.8,1007.6,29.4,28.5,28.957142857142856
2018-04-08,29.3,22.8,69.0,1009.0,174.7,300.7,24.0,0,0,2018,4,2,98,1,0.9932568492674143,-0.11593459959550041,0.8660254037844387,-0.4999999999999998,828,23.0,1008.7,29.6,28.4,29.114285714285717
2018-04-09,29.6,20.7,61.1,1009.4,222.3,307.6,29.0,0,0,2018,4,2,99,1,0.9911140639934547,-0.1330147065341959,0.8660254037844387,-0.4999999999999998,829,22.8,1009.0,29.3,28.7,29.24285714285714
2018-04-10,29.3,23.2,71.0,1008.3,191.1,301.5,25.8,0,0,2018,4,2,100,1,0.9886775902323405,-0.1500553983446526,0.8660254037844387,-0.4999999999999998,830,20.7,1009.4,29.6,28.9,29.371428571428574
2018-04-11,29.4,23.8,72.3,1009.0,219.7,286.5,24.7,0,0,2018,4,2,101,1,0.9859481499638304,-0.16705162550211924,0.8660254037844387,-0.4999999999999998,831,23.2,1008.3,29.3,29.3,29.428571428571427
2018-04-12,29.3,24.1,73.9,1008.4,227.0,309.6,26.5,0,0,2018,4,2,102,1,0.9829265519799822,-0.18399835165768005,0.8660254037844387,-0.4999999999999998,832,23.8,1009.0,29.4,29.5,29.442857142857143
2018-04-13,29.3,24.6,76.2,1008.3,211.3,314.0,26.5,0,0,2018,4,2,103,1,0.9796136916454901,-0.20089055513063506,0.8660254037844387,-0.4999999999999998,833,24.1,1008.4,29.3,29.4,29.414285714285715
2018-04-14,29.4,24.5,75.8,1008.0,213.4,297.1,25.9,0,0,2018,4,2,104,1,0.9760105506323683,-0.21772323039653177,0.8660254037844387,-0.4999999999999998,834,24.6,1008.3,29.3,29.6,29.4
2018-04-15,29.6,24.7,75.3,1008.6,208.1,277.7,25.9,0,0,2018,4,2,105,1,0.9721181966290613,-0.23449138957040985,0.8660254037844387,-0.4999999999999998,835,24.5,1008.0,29.4,29.3,29.37142857142857
2018-04-16,30.4,25.1,73.6,1009.3,242.7,299.0,25.9,0,0,2018,4,2,106,1,0.9679377830240642,-0.25119006388481935,0.8660254037844387,-0.4999999999999998,836,24.7,1008.6,29.6,29.6,29.414285714285715
2018-04-17,31.6,25.7,71.8,1009.6,227.2,289.1,24.0,0,0,2018,4,2,107,1,0.9634705485641488,-0.2678143051621742,0.8660254037844387,-0.4999999999999998,837,25.1,1009.3,30.4,29.3,29.52857142857143
2018-04-18,31.8,25.4,70.2,1009.8,225.8,297.9,21.7,0,0,2018,4,2,108,1,0.9587178169872964,-0.2843591872810034,0.8660254037844387,-0.4999999999999998,838,25.7,1009.6,31.6,29.4,29.857142857142858
2018-04-19,31.5,23.7,64.8,1007.5,207.3,265.2,23.5,0,0,2018,4,2,109,1,0.9536809966304457,-0.30081980763566735,0.8660254037844387,-0.4999999999999998,839,25.4,1009.8,31.8,29.3,30.2
2018-04-20,30.4,23.6,67.5,1008.6,213.6,313.6,23.6,0,0,2018,4,2,110,1,0.9483615800121715,-0.3171912885891061,0.8660254037844387,-0.4999999999999998,840,23.7,1007.5,31.5,29.3,30.514285714285712
2018-04-21,30.2,24.3,71.2,1008.5,243.2,297.5,25.8,0,0,2018,4,2,111,1,0.9427611433904207,-0.3334687789181868,0.8660254037844387,-0.4999999999999998,841,23.6,1008.6,30.4,29.4,30.671428571428574
2018-04-22,31.2,21.6,60.1,1008.4,259.7,322.0,22.8,0,0,2018,4,2,112,1,0.9368813462954315,-0.3496474552512284,0.8660254037844387,-0.4999999999999998,842,24.3,1008.5,30.2,29.6,30.785714285714285
2018-04-23,30.1,23.5,68.4,1008.7,198.6,322.8,27.1,0,0,2018,4,2,113,1,0.9307239310379795,-0.36572252349726897,0.8660254037844387,-0.4999999999999998,843,21.6,1008.4,31.2,30.4,31.014285714285712
2018-04-24,31.0,23.5,66.8,1008.6,225.2,323.78000000000003,27.1,0,0,2018,4,2,114,1,0.9242907221930933,-0.3816892202666588,0.8660254037844387,-0.4999999999999998,844,23.5,1008.7,30.1,31.6,30.97142857142857
2018-04-25,30.3,23.3,67.5,1008.1,254.1,323.78000000000003,27.1,0,0,2018,4,2,115,1,0.9175836260593937,-0.39754281428255595,0.8660254037844387,-0.4999999999999998,845,23.5,1008.6,31.0,31.8,30.88571428571429
2018-04-26,29.3,23.5,71.4,1007.8,217.4,323.78000000000003,25.8,0,0,2018,4,2,116,1,0.9106046300942162,-0.4132786077829042,0.8660254037844387,-0.4999999999999998,846,23.3,1008.1,30.3,31.5,30.67142857142857
2018-04-27,29.4,23.9,73.0,1008.5,215.0,323.78000000000003,25.3,0,0,2018,4,2,117,1,0.9033558023246845,-0.4288919379124835,0.8660254037844387,-0.4999999999999998,847,23.5,1007.8,29.3,30.4,30.357142857142858
2018-04-28,29.5,24.1,73.2,1008.9,223.7,312.4,22.2,0,0,2018,4,2,118,1,0.895839290734909,-0.4443781781046132,0.8660254037844387,-0.4999999999999998,848,23.9,1008.5,29.4,30.2,30.214285714285715
2018-04-29,30.0,24.3,72.1,1008.7,223.0,312.8,24.7,0,0,2018,4,2,119,1,0.8880573226294932,-0.45973273945210397,0.8660254037844387,-0.4999999999999998,849,24.1,1008.9,29.5,31.2,30.114285714285717
2018-04-30,29.8,24.2,72.2,1007.8,234.9,312.6,22.2,0,0,2018,4,2,120,1,0.8800122039735357,-0.47495107206704995,0.8660254037844387,-0.4999999999999998,850,24.3,1008.7,30.0,30.1,29.942857142857147
2018-05-01,29.9,24.4,72.7,1008.2,217.0,315.3,25.9,0,0,2018,5,2,121,1,0.8717063187093218,-0.4900286664290592,0.49999999999999994,-0.8660254037844387,851,24.2,1007.8,29.8,31.0,29.9
2018-05-02,29.8,24.3,72.8,1008.4,222.2,320.6,22.3,0,0,2018,5,2,122,1,0.8631421280499114,-0.5049610547215204,0.49999999999999994,-0.8660254037844387,852,24.4,1008.2,29.9,30.3,29.74285714285714
2018-05-03,30.3,24.5,72.0,1008.0,195.3,300.5,22.3,0,0,2018,5,2,123,1,0.854322169749827,-0.5197438121555155,0.49999999999999994,-0.8660254037844387,853,24.3,1008.4,29.8,29.3,29.671428571428574
2018-05-04,30.5,24.7,71.6,1008.2,193.6,292.9,24.1,0,0,2018,5,2,124,1,0.8452490573530633,-0.5343725582809786,0.49999999999999994,-0.8660254037844387,854,24.5,1008.0,30.3,29.4,29.814285714285713
2018-05-05,30.6,24.5,70.6,1008.6,244.6,177.7,22.9,0,0,2018,5,2,125,1,0.8359254794186372,-0.548842958284719,0.49999999999999994,-0.8660254037844387,855,24.7,1008.2,30.5,29.5,29.971428571428568
2018-05-06,30.6,25.4,74.2,1009.1,198.8,274.7,22.3,0,0,2018,5,2,126,1,0.8263541987239096,-0.5631507242749186,0.49999999999999994,-0.8660254037844387,856,24.5,1008.6,30.6,30.0,30.128571428571426
2018-05-07,30.9,24.1,67.9,1009.0,232.4,253.3,22.3,0,0,2018,5,2,127,1,0.8165380514459161,-0.5772916165517272,0.49999999999999994,-0.8660254037844387,857,25.4,1009.1,30.6,29.8,30.214285714285715
2018-05-08,30.5,24.3,70.2,1007.2,223.0,308.7,25.8,0,0,2018,5,2,128,1,0.8064799463209448,-0.5912614448635781,0.49999999999999994,-0.8660254037844387,858,24.1,1009.0,30.9,29.9,30.371428571428574
2018-05-09,31.0,24.8,70.0,1007.6,222.2,312.9,27.1,0,0,2018,5,2,129,1,0.7961828637826158,-0.6050560696488488,0.49999999999999994,-0.8660254037844387,859,24.3,1007.2,30.5,29.8,30.457142857142856
2018-05-10,30.9,26.0,75.4,1008.7,246.7,283.8,24.6,0,0,2018,5,2,130,1,0.7856498550787147,-0.6186714032625031,0.49999999999999994,-0.8660254037844387,860,24.8,1007.6,31.0,30.3,30.628571428571426
2018-05-11,31.3,25.2,70.3,1008.4,256.7,285.4,22.8,0,0,2018,5,2,131,1,0.7748840413670407,-0.6321034111873487,0.49999999999999994,-0.8660254037844387,861,26.0,1008.7,30.9,30.5,30.714285714285715
2018-05-12,31.0,24.1,67.4,1008.7,264.0,200.5,22.8,0,0,2018,5,2,132,1,0.7638886127905428,-0.6453481132295501,0.49999999999999994,-0.8660254037844387,862,25.2,1008.4,31.3,30.6,30.82857142857143
2018-05-13,30.8,25.2,72.7,1007.6,199.0,293.0,24.0,0,0,2018,5,2,133,1,0.7526668275320085,-0.6584015846980488,0.49999999999999994,-0.8660254037844387,863,24.1,1008.7,31.0,30.6,30.885714285714283
2018-05-14,31.2,25.0,70.3,1008.2,259.3,302.1,25.9,0,0,2018,5,2,134,1,0.7412220108485958,-0.6712599575675313,0.49999999999999994,-0.8660254037844387,864,25.2,1007.6,30.8,30.9,30.91428571428571
2018-05-15,31.0,24.9,70.3,1007.5,256.0,299.8,25.8,0,0,2018,5,2,135,1,0.7295575540864875,-0.6839194216246106,0.49999999999999994,-0.8660254037844387,865,25.0,1008.2,31.2,30.5,30.95714285714286
2018-05-16,31.0,25.3,72.4,1006.3,236.8,240.2,22.2,0,0,2018,5,2,136,1,0.717676913675962,-0.6963762255968722,0.49999999999999994,-0.8660254037844387,866,24.9,1007.5,31.0,31.0,31.02857142857143
2018-05-17,31.5,26.4,74.8,1005.7,271.3,233.2,24.6,100,1,2018,5,2,137,1,0.705583610107178,-0.7086266782644596,0.49999999999999994,-0.8660254037844387,867,25.3,1006.3,31.0,30.9,31.02857142857143
2018-05-18,31.7,26.3,73.4,1006.7,243.5,232.9,20.5,100,1,2018,5,2,138,1,0.6932812268869777,-0.7206671495538609,0.49999999999999994,-0.8660254037844387,868,26.4,1005.7,31.5,31.3,31.114285714285717
2018-05-19,31.5,25.8,72.6,1006.0,237.5,184.6,23.6,0,0,2018,5,2,139,1,0.6807734094770161,-0.7324940716135789,0.49999999999999994,-0.8660254037844387,869,26.3,1006.7,31.7,31.0,31.17142857142857
2018-05-20,31.2,25.2,70.7,1006.4,203.2,242.1,21.1,0,0,2018,5,2,140,1,0.6680638642135335,-0.7441039398713607,0.49999999999999994,-0.8660254037844387,870,25.8,1006.0,31.5,30.8,31.24285714285714
2018-05-21,31.4,25.0,69.3,1006.6,240.3,151.4,23.5,0,0,2018,5,2,141,1,0.6551563572090853,-0.7554933140726803,0.49999999999999994,-0.8660254037844387,871,25.2,1006.4,31.2,31.2,31.3
2018-05-22,31.0,24.7,69.5,1007.0,215.1,272.3,24.1,0,0,2018,5,2,142,1,0.6420547132365637,-0.766658819300159,0.49999999999999994,-0.8660254037844387,872,25.0,1006.6,31.4,31.0,31.328571428571426
2018-05-23,30.9,25.0,71.0,1006.1,269.8,291.7,16.6,0,0,2018,5,2,143,1,0.6287628145958344,-0.7775971469736269,0.49999999999999994,-0.8660254037844387,873,24.7,1007.0,31.0,31.0,31.328571428571426
2018-05-24,31.5,24.9,68.4,1006.3,255.3,229.4,22.9,0,0,2018,5,2,144,1,0.6152845999633276,-0.7883050558305255,0.49999999999999994,-0.8660254037844387,874,25.0,1006.1,30.9,31.5,31.314285714285713
2018-05-25,31.1,24.8,69.2,1006.1,296.3,271.6,26.5,0,0,2018,5,2,145,1,0.6016240632249226,-0.7987793728863649,0.49999999999999994,-0.8660254037844387,875,24.9,1006.3,31.5,31.7,31.314285714285713
2018-05-26,31.6,26.0,72.7,1004.5,306.2,221.6,21.9,100,1,2018,5,2,146,1,0.5877852522924732,-0.8090169943749473,0.49999999999999994,-0.8660254037844387,876,24.8,1006.1,31.1,31.5,31.228571428571428
2018-05-27,31.8,26.6,75.1,1004.2,292.2,144.3,24.6,100,1,2018,5,2,147,1,0.5737722679043246,-0.8190148866680801,0.49999999999999994,-0.8660254037844387,877,26.0,1004.5,31.6,31.2,31.242857142857144
2018-05-28,31.4,26.0,73.3,1003.5,281.0,182.7,28.3,100,1,2018,5,2,148,1,0.5595892624101765,-0.8287700871745038,0.49999999999999994,-0.8660254037844387,878,26.6,1004.2,31.8,31.4,31.328571428571426
2018-05-29,31.6,25.7,71.3,1004.0,266.1,158.1,25.3,100,1,2018,5,2,149,1,0.545240438540651,-0.8382797052177744,0.49999999999999994,-0.8660254037844387,879,26.0,1003.5,31.4,31.0,31.32857142857143
2018-05-30,31.7,25.8,71.7,1003.8,253.8,219.4,21.1,100,1,2018,5,2,150,1,0.5307300481619334,-0.8475409228928311,0.49999999999999994,-0.8660254037844387,880,25.7,1004.0,31.6,30.9,31.414285714285715
2018-05-31,31.8,25.8,70.8,1004.4,252.9,249.5,23.0,100,1,2018,5,2,151,1,0.5160623910158528,-0.8565509959010036,0.49999999999999994,-0.8660254037844387,881,25.8,1003.8,31.7,31.5,31.528571428571432
2018-06-01,32.2,25.9,69.8,1005.5,257.5,203.1,28.3,100,1,2018,6,2,152,2,0.5012418134457758,-0.865307254363206,1.2246467991473532e-16,-1.0,882,25.8,1004.4,31.8,31.1,31.571428571428573
2018-06-02,31.3,26.0,73.8,1006.4,208.8,179.6,23.1,100,1,2018,6,2,153,2,0.48627270710868997,-0.8738071036110808,1.2246467991473532e-16,-1.0,883,25.9,1005.5,32.2,31.6,31.72857142857143
2018-06-03,30.2,24.9,74.2,1005.5,195.9,111.6,18.4,100,1,2018,6,2,154,2,0.4711595076738638,-0.8820480249558537,1.2246467991473532e-16,-1.0,884,26.0,1006.4,31.3,31.8,31.685714285714283
2018-06-04,30.7,25.6,74.9,1004.5,201.8,116.8,23.3,100,1,2018,6,2,155,2,0.4559066935084588,-0.8900275764346767,1.2246467991473532e-16,-1.0,885,24.9,1005.5,30.2,31.4,31.45714285714286
2018-06-05,29.7,24.4,74.0,1004.6,179.8,169.0,18.9,100,1,2018,6,2,156,2,0.440518784350495,-0.8977433935342337,1.2246467991473532e-16,-1.0,886,25.6,1004.5,30.7,31.6,31.357142857142858
2018-06-06,31.6,26.6,75.3,1006.4,239.8,148.8,25.3,100,1,2018,6,2,157,2,0.42500033996955416,-0.9051931898913974,1.2246467991473532e-16,-1.0,887,24.4,1004.6,29.7,31.7,31.08571428571429
2018-06-07,28.5,26.3,88.0,1004.8,211.1,104.9,18.3,100,1,2018,6,2,158,2,0.4093559588156213,-0.9123747579707273,1.2246467991473532e-16,-1.0,888,26.6,1006.4,31.6,31.8,31.071428571428573
2018-06-08,30.6,26.6,79.6,1001.6,198.8,88.9,24.7,100,1,2018,6,2,159,2,0.39359027665646673,-0.9192859697186104,1.2246467991473532e-16,-1.0,889,26.3,1004.8,28.5,32.2,30.6
2018-06-09,27.4,26.2,93.0,1001.1,182.3,117.7,31.0,100,1,2018,6,2,160,2,0.3777079652039649,-0.9259247771938498,1.2246467991473532e-16,-1.0,890,26.6,1001.6,30.6,31.3,30.37142857142857
2018-06-10,30.9,26.6,81.4,1001.7,246.5,178.2,30.0,100,1,2018,6,2,161,2,0.36171373072976765,-0.9322892131745133,1.2246467991473532e-16,-1.0,891,26.2,1001.1,27.4,30.2,29.814285714285717
2018-06-11,31.1,26.6,79.0,1003.2,247.3,168.7,31.7,100,1,2018,6,2,162,2,0.3456123126707335,-0.9383773917408641,1.2246467991473532e-16,-1.0,892,26.6,1001.7,30.9,30.7,29.91428571428571
2018-06-12,31.0,26.6,77.6,1003.4,238.5,210.9,27.7,100,1,2018,6,2,163,2,0.3294084822245304,-0.9441875088341993,1.2246467991473532e-16,-1.0,893,26.6,1003.2,31.1,29.7,29.97142857142857
2018-06-13,31.2,26.0,74.0,1004.0,238.4,221.2,25.4,100,1,2018,6,2,164,2,0.3131070409358269,-0.9497178427914316,1.2246467991473532e-16,-1.0,894,26.6,1003.4,31.0,31.6,30.157142857142862
2018-06-14,31.2,25.8,73.5,1005.1,232.0,249.4,22.3,100,1,2018,6,2,165,2,0.29671281927349075,-0.9549667548552551,1.2246467991473532e-16,-1.0,895,26.0,1004.0,31.2,28.5,30.099999999999998
2018-06-15,30.5,24.8,71.7,1005.6,224.0,272.5,26.6,100,1,2018,6,2,166,2,0.28023067519921585,-0.9599326896597447,1.2246467991473532e-16,-1.0,896,25.8,1005.1,31.2,30.6,30.485714285714284
2018-06-16,27.5,24.4,83.6,1006.8,158.8,255.4,18.4,100,1,2018,6,2,167,2,0.26366549272800704,-0.9646141756912435,1.2246467991473532e-16,-1.0,897,24.8,1005.6,30.5,27.4,30.47142857142857
2018-06-17,27.2,25.2,88.8,1005.9,184.8,287.3,33.5,100,1,2018,6,2,168,2,0.24702218048093552,-0.9690098257244062,1.2246467991473532e-16,-1.0,898,24.4,1006.8,27.5,30.9,30.485714285714284
2018-06-18,27.5,25.2,87.4,1004.4,172.2,194.4,21.8,100,1,2018,6,2,169,2,0.23030567023061221,-0.9731183372332619,1.2246467991473532e-16,-1.0,899,25.2,1005.9,27.2,31.1,29.95714285714286
2018-06-19,29.2,25.5,80.9,1003.8,188.9,183.3,22.3,100,1,2018,6,2,170,2,0.21352091543979612,-0.9769384927771817,1.2246467991473532e-16,-1.0,900,25.2,1004.4,27.5,31.0,29.442857142857143
2018-06-20,30.6,26.2,77.7,1003.7,248.3,108.4,20.1,100,1,2018,6,2,171,2,0.19667288979357647,-0.980469160361632,1.2246467991473532e-16,-1.0,901,25.5,1003.8,29.2,31.2,29.185714285714283
2018-06-21,30.9,26.1,75.8,1004.1,287.8,151.9,23.3,100,1,2018,6,2,172,2,0.1797665857255624,-0.9837092937736097,1.2246467991473532e-16,-1.0,902,26.2,1003.7,30.6,31.2,29.099999999999998
2018-06-22,30.7,26.3,77.5,1004.0,262.3,129.3,29.0,100,1,2018,6,2,173,2,0.16280701293851715,-0.986657932891657,1.2246467991473532e-16,-1.0,903,26.1,1004.1,30.9,30.5,29.057142857142857
2018-06-23,26.6,24.8,90.3,1004.0,186.3,115.9,20.5,100,1,2018,6,2,174,2,0.1457991969198751,-0.9893142039703663,1.2246467991473532e-16,-1.0,904,26.3,1004.0,30.7,27.5,29.085714285714285
2018-06-24,25.9,24.7,92.9,1003.7,213.2,132.7,25.9,100,1,2018,6,2,175,2,0.12874817745258132,-0.99167731989929,1.2246467991473532e-16,-1.0,905,24.8,1004.0,26.6,27.2,28.95714285714286
2018-06-25,27.3,25.7,91.6,1002.3,254.7,123.8,27.7,100,1,2018,6,2,176,2,0.11165900712169512,-0.993746580436178,1.2246467991473532e-16,-1.0,906,24.7,1003.7,25.9,27.5,28.771428571428572
2018-06-26,29.3,25.7,81.2,1001.7,241.8,186.1,29.0,100,1,2018,6,2,177,2,0.09453674981719912,-0.9955213724144752,1.2246467991473532e-16,-1.0,907,25.7,1002.3,27.3,29.2,28.74285714285714
2018-06-27,30.0,25.9,78.9,1001.2,237.5,228.5,25.9,100,1,2018,6,2,178,2,0.07738647923346301,-0.9970011699250151,1.2246467991473532e-16,-1.0,908,25.7,1001.7,29.3,30.6,28.75714285714286
2018-06-28,27.1,25.2,89.6,1001.6,172.7,220.4,22.4,100,1,2018,6,2,179,2,0.06021327736579302,-0.9981855344718586,1.2246467991473532e-16,-1.0,909,25.9,1001.2,30.0,30.9,28.67142857142857
2018-06-29,28.0,25.7,87.7,1002.3,175.1,153.9,17.2,100,1,2018,6,2,180,2,0.04302223300453059,-0.99907411510223,1.2246467991473532e-16,-1.0,910,25.2,1001.6,27.1,30.7,28.12857142857143
2018-06-30,28.0,24.9,83.9,1004.2,168.4,188.2,24.1,100,1,2018,6,2,181,2,0.02581844022713308,-0.9996666485105112,1.2246467991473532e-16,-1.0,911,25.7,1002.3,28.0,26.6,27.74285714285714
2018-07-01,28.7,24.6,79.1,1005.0,176.3,243.8,22.9,100,1,2018,7,3,182,2,0.008606996888688698,-0.9999629591162655,-0.4999999999999997,-0.8660254037844388,912,24.9,1004.2,28.0,25.9,27.942857142857143
2018-07-02,27.7,25.1,86.4,1004.6,192.5,174.0,22.3,100,1,2018,7,3,183,2,-0.008606996888688009,-0.9999629591162655,-0.4999999999999997,-0.8660254037844388,913,24.6,1005.0,28.7,27.3,28.342857142857138
2018-07-03,25.9,24.9,94.6,1004.8,156.3,184.0,27.2,100,1,2018,7,3,184,2,-0.02581844022713239,-0.9996666485105112,-0.4999999999999997,-0.8660254037844388,914,25.1,1004.6,27.7,29.3,28.400000000000002
2018-07-04,27.6,25.2,86.8,1004.6,225.8,169.7,31.3,100,1,2018,7,3,185,2,-0.04302223300453034,-0.99907411510223,-0.4999999999999997,-0.8660254037844388,915,24.9,1004.8,25.9,30.0,27.914285714285715
2018-07-05,28.7,26.3,87.0,1004.9,252.8,133.5,22.3,100,1,2018,7,3,186,2,-0.060213277365792774,-0.9981855344718586,-0.4999999999999997,-0.8660254037844388,916,25.2,1004.6,27.6,27.1,27.571428571428573
2018-07-06,28.9,26.1,85.2,1004.8,256.0,183.0,24.6,100,1,2018,7,3,187,2,-0.07738647923346322,-0.9970011699250151,-0.4999999999999997,-0.8660254037844388,917,26.3,1004.9,28.7,28.0,27.8
2018-07-07,27.8,25.7,88.6,1003.8,259.1,84.8,26.4,100,1,2018,7,3,188,2,-0.09453674981719933,-0.9955213724144752,-0.4999999999999997,-0.8660254037844388,918,26.1,1004.8,28.9,28.0,27.928571428571427
2018-07-08,25.8,24.8,94.3,1003.2,172.8,172.3,21.1,100,1,2018,7,3,189,2,-0.11165900712169444,-0.9937465804361781,-0.4999999999999997,-0.8660254037844388,919,25.7,1003.8,27.8,28.7,27.900000000000002
2018-07-09,25.5,24.8,95.9,1003.0,178.6,128.0,23.7,100,1,2018,7,3,190,2,-0.12874817745258066,-0.99167731989929,-0.4999999999999997,-0.8660254037844388,920,24.8,1003.2,25.8,27.7,27.485714285714288
2018-07-10,26.4,25.3,93.8,1003.0,246.0,156.7,25.8,100,1,2018,7,3,191,2,-0.14579919691987442,-0.9893142039703664,-0.4999999999999997,-0.8660254037844388,921,24.8,1003.0,25.5,25.9,27.17142857142857
2018-07-11,28.8,26.1,85.4,1002.9,254.2,207.3,24.1,100,1,2018,7,3,192,2,-0.16280701293851646,-0.9866579328916572,-0.4999999999999997,-0.8660254037844388,922,25.3,1003.0,26.4,27.6,27.24285714285714
2018-07-12,28.7,25.8,84.2,1002.2,252.5,120.8,28.3,100,1,2018,7,3,193,2,-0.17976658572556214,-0.9837092937736098,-0.4999999999999997,-0.8660254037844388,923,26.1,1002.9,28.8,28.7,27.414285714285715
2018-07-13,28.1,25.6,86.8,1001.5,247.7,156.1,32.3,100,1,2018,7,3,194,2,-0.19667288979357622,-0.9804691603616321,-0.4999999999999997,-0.8660254037844388,924,25.8,1002.2,28.7,28.9,27.414285714285715
2018-07-14,28.2,25.9,87.4,1000.8,248.5,260.2,35.3,100,1,2018,7,3,195,2,-0.2135209154397959,-0.9769384927771817,-0.4999999999999997,-0.8660254037844388,925,25.6,1001.5,28.1,27.8,27.3
2018-07-15,27.3,25.7,91.2,1000.4,250.3,87.8,35.4,100,1,2018,7,3,196,2,-0.23030567023061196,-0.973118337233262,-0.4999999999999997,-0.8660254037844388,926,25.9,1000.8,28.2,25.8,27.357142857142858
2018-07-16,27.5,25.7,90.3,1000.5,255.3,166.6,116.7,100,1,2018,7,3,197,2,-0.24702218048093527,-0.9690098257244063,-0.4999999999999997,-0.8660254037844388,927,25.7,1000.4,27.3,25.5,27.571428571428573
2018-07-17,27.7,25.2,86.4,1001.6,247.4,209.1,30.2,100,1,2018,7,3,198,2,-0.2636654927280072,-0.9646141756912435,-0.4999999999999997,-0.8660254037844388,928,25.7,1000.5,27.5,26.4,27.857142857142858
2018-07-18,28.3,25.2,83.5,1003.2,250.1,202.0,27.8,100,1,2018,7,3,199,2,-0.2802306751992161,-0.9599326896597445,-0.4999999999999997,-0.8660254037844388,929,25.2,1001.6,27.7,28.8,28.042857142857144
2018-07-19,28.6,25.3,82.7,1003.6,249.8,224.1,26.5,100,1,2018,7,3,200,2,-0.2967128192734901,-0.9549667548552553,-0.4999999999999997,-0.8660254037844388,930,25.2,1003.2,28.3,28.7,27.971428571428568
2018-07-20,27.8,25.1,85.6,1003.2,247.9,138.5,24.6,100,1,2018,7,3,201,2,-0.3131070409358267,-0.9497178427914317,-0.4999999999999997,-0.8660254037844388,931,25.3,1003.6,28.6,28.1,27.957142857142856
2018-07-21,27.8,25.2,85.8,1004.2,244.0,193.2,25.9,100,1,2018,7,3,202,2,-0.3294084822245302,-0.9441875088341994,-0.4999999999999997,-0.8660254037844388,932,25.1,1003.2,27.8,28.2,27.914285714285715
2018-07-22,28.0,25.1,84.5,1004.3,248.0,173.9,29.5,100,1,2018,7,3,203,2,-0.3456123126707333,-0.9383773917408642,-0.4999999999999997,-0.8660254037844388,933,25.2,1004.2,27.8,27.3,27.857142857142858
2018-07-23,27.9,25.2,85.3,1003.8,240.6,191.8,34.9,100,1,2018,7,3,204,2,-0.3617137307297674,-0.9322892131745134,-0.4999999999999997,-0.8660254037844388,934,25.1,1004.3,28.0,27.5,27.95714285714286
2018-07-24,28.1,25.2,84.6,1005.2,242.3,195.1,22.9,100,1,2018,7,3,205,2,-0.37770796520396466,-0.9259247771938499,-0.4999999999999997,-0.8660254037844388,935,25.2,1003.8,27.9,27.7,28.014285714285716
2018-07-25,28.6,24.6,79.5,1005.9,241.8,172.1,24.2,100,1,2018,7,3,206,2,-0.39359027665646645,-0.9192859697186105,-0.4999999999999997,-0.8660254037844388,936,25.2,1005.2,28.1,28.3,28.071428571428573
2018-07-26,28.1,24.9,83.0,1006.5,238.6,214.9,24.1,100,1,2018,7,3,207,2,-0.4093559588156211,-0.9123747579707274,-0.4999999999999997,-0.8660254037844388,937,24.6,1005.9,28.6,28.6,28.114285714285717
2018-07-27,27.9,24.9,83.9,1005.5,227.9,230.9,27.0,100,1,2018,7,3,208,2,-0.42500033996955394,-0.9051931898913975,-0.4999999999999997,-0.8660254037844388,938,24.9,1006.5,28.1,27.8,28.04285714285714
2018-07-28,28.6,25.2,82.3,1005.7,231.9,246.8,30.0,100,1,2018,7,3,209,2,-0.4405187843504952,-0.8977433935342336,-0.4999999999999997,-0.8660254037844388,939,24.9,1005.5,27.9,27.8,28.057142857142857
2018-07-29,28.7,25.2,81.7,1005.8,230.6,224.6,25.9,0,0,2018,7,3,210,2,-0.455906693508459,-0.8900275764346766,-0.4999999999999997,-0.8660254037844388,940,25.2,1005.7,28.6,28.0,28.17142857142857
2018-07-30,28.7,25.0,80.2,1005.4,233.3,265.5,27.1,100,1,2018,7,3,211,2,-0.47115950767386394,-0.8820480249558535,-0.4999999999999997,-0.8660254037844388,941,25.2,1005.8,28.7,27.9,28.271428571428572
2018-07-31,28.7,24.9,80.3,1005.6,238.1,251.6,27.3,100,1,2018,7,3,212,2,-0.4862727071086902,-0.8738071036110807,-0.4999999999999997,-0.8660254037844388,942,25.0,1005.4,28.7,28.1,28.385714285714283
2018-08-01,28.6,25.1,81.5,1006.1,237.8,212.2,28.7,100,1,2018,8,3,213,2,-0.5012418134457756,-0.8653072543632061,-0.8660254037844385,-0.5000000000000004,943,24.9,1005.6,28.7,28.6,28.471428571428568
2018-08-02,28.5,25.1,81.8,1007.6,240.3,257.8,24.1,100,1,2018,8,3,214,2,-0.5160623910158526,-0.8565509959010037,-0.8660254037844385,-0.5000000000000004,944,25.1,1006.1,28.6,28.1,28.47142857142857
2018-08-03,28.4,25.1,82.6,1008.5,243.3,214.8,24.7,100,1,2018,8,3,215,2,-0.5307300481619331,-0.8475409228928312,-0.8660254037844385,-0.5000000000000004,945,25.1,1007.6,28.5,27.9,28.528571428571432
2018-08-04,27.9,24.8,83.7,1008.0,248.8,180.5,27.7,100,1,2018,8,3,216,2,-0.5452404385406507,-0.8382797052177745,-0.8660254037844385,-0.5000000000000004,946,25.1,1008.5,28.4,28.6,28.599999999999998
2018-08-05,28.6,24.7,79.4,1007.8,247.1,273.4,27.7,100,1,2018,8,3,217,2,-0.5595892624101763,-0.828770087174504,-0.8660254037844385,-0.5000000000000004,947,24.8,1008.0,27.9,28.7,28.5
2018-08-06,28.0,24.5,81.5,1006.3,243.2,253.4,26.5,100,1,2018,8,3,218,2,-0.5737722679043243,-0.8190148866680802,-0.8660254037844385,-0.5000000000000004,948,24.7,1007.8,28.6,28.7,28.485714285714284
2018-08-07,28.3,24.5,80.0,1004.4,240.0,237.7,25.9,100,1,2018,8,3,219,2,-0.5877852522924734,-0.8090169943749472,-0.8660254037844385,-0.5000000000000004,949,24.5,1006.3,28.0,28.7,28.385714285714283
2018-08-08,28.5,25.0,81.2,1003.6,241.6,168.4,27.7,100,1,2018,8,3,220,2,-0.6016240632249227,-0.7987793728863648,-0.8660254037844385,-0.5000000000000004,950,24.5,1004.4,28.3,28.6,28.32857142857143
2018-08-09,27.9,24.9,84.1,1006.5,245.7,249.1,26.7,100,1,2018,8,3,221,2,-0.6152845999633277,-0.7883050558305253,-0.8660254037844385,-0.5000000000000004,951,25.0,1003.6,28.5,28.5,28.314285714285713
2018-08-10,28.2,25.1,83.7,1008.4,252.9,283.0,29.5,100,1,2018,8,3,222,2,-0.6287628145958345,-0.7775971469736268,-0.8660254037844385,-0.5000000000000004,952,24.9,1006.5,27.9,28.4,28.228571428571428
2018-08-11,27.7,25.1,85.8,1007.0,259.9,260.5,29.5,100,1,2018,8,3,223,2,-0.6420547132365636,-0.7666588193001592,-0.8660254037844385,-0.5000000000000004,953,25.1,1008.4,28.2,27.9,28.2
2018-08-12,27.3,24.5,84.9,1003.8,244.7,264.3,29.5,100,1,2018,8,3,224,2,-0.655156357209085,-0.7554933140726804,-0.8660254037844385,-0.5000000000000004,954,25.1,1007.0,27.7,28.6,28.17142857142857
2018-08-13,27.2,24.7,86.2,1003.0,247.1,206.0,26.0,100,1,2018,8,3,225,2,-0.6680638642135333,-0.7441039398713608,-0.8660254037844385,-0.5000000000000004,955,24.5,1003.8,27.3,28.0,27.985714285714288
2018-08-14,28.5,25.1,82.3,1004.0,261.0,259.6,28.4,100,1,2018,8,3,226,2,-0.6807734094770159,-0.7324940716135792,-0.8660254037844385,-0.5000000000000004,956,24.7,1003.0,27.2,28.3,27.871428571428574
2018-08-15,27.4,24.7,85.3,1003.9,265.7,172.0,33.5,100,1,2018,8,3,227,2,-0.6932812268869771,-0.7206671495538615,-0.8660254037844385,-0.5000000000000004,957,25.1,1004.0,28.5,28.5,27.900000000000002
2018-08-16,27.4,24.9,86.6,1003.3,276.2,210.3,30.7,100,1,2018,8,3,228,2,-0.7055836101071774,-0.70862667826446,-0.8660254037844385,-0.5000000000000004,958,24.7,1003.9,27.4,27.9,27.74285714285714
2018-08-17,27.3,24.7,85.9,1002.6,260.0,188.1,32.5,100,1,2018,8,3,229,2,-0.7176769136759615,-0.6963762255968726,-0.8660254037844385,-0.5000000000000004,959,24.9,1003.3,27.4,28.2,27.67142857142857
2018-08-18,27.3,24.7,86.1,1004.0,249.8,233.7,31.1,100,1,2018,8,3,230,2,-0.7295575540864876,-0.6839194216246105,-0.8660254037844385,-0.5000000000000004,960,24.7,1002.6,27.3,27.7,27.542857142857144
2018-08-19,27.7,25.0,85.8,1004.9,258.7,277.5,28.3,100,1,2018,8,3,231,2,-0.7412220108485957,-0.6712599575675315,-0.8660254037844385,-0.5000000000000004,961,24.7,1004.0,27.3,27.3,27.485714285714288
2018-08-20,27.3,24.5,85.0,1005.4,261.1,247.5,33.0,100,1,2018,8,3,232,2,-0.7526668275320083,-0.6584015846980489,-0.8660254037844385,-0.5000000000000004,962,25.0,1004.9,27.7,27.2,27.542857142857144
2018-08-21,26.9,24.6,87.4,1005.3,251.7,102.5,25.9,100,1,2018,8,3,233,2,-0.7638886127905429,-0.64534811322955,-0.8660254037844385,-0.5000000000000004,963,24.5,1005.4,27.3,28.5,27.557142857142857
2018-08-22,27.1,24.8,87.5,1006.4,244.4,269.2,22.3,100,1,2018,8,3,234,2,-0.7748840413670406,-0.6321034111873488,-0.8660254037844385,-0.5000000000000004,964,24.6,1005.3,26.9,27.4,27.328571428571426
2018-08-23,27.4,24.7,85.1,1007.6,247.5,231.6,24.0,100,1,2018,8,3,235,2,-0.7856498550787144,-0.6186714032625032,-0.8660254037844385,-0.5000000000000004,965,24.8,1006.4,27.1,27.4,27.285714285714285
2018-08-24,27.5,24.5,84.1,1007.4,248.7,245.8,22.2,100,1,2018,8,3,236,2,-0.7961828637826154,-0.6050560696488494,-0.8660254037844385,-0.5000000000000004,966,24.7,1007.6,27.4,27.3,27.285714285714285
2018-08-25,27.4,24.3,83.2,1006.7,248.5,211.9,25.9,100,1,2018,8,3,237,2,-0.8064799463209447,-0.5912614448635782,-0.8660254037844385,-0.5000000000000004,967,24.5,1007.4,27.5,27.3,27.314285714285713
2018-08-26,27.1,24.4,85.1,1005.0,243.1,217.7,23.1,100,1,2018,8,3,238,2,-0.8165380514459157,-0.5772916165517278,-0.8660254037844385,-0.5000000000000004,968,24.3,1006.7,27.4,27.7,27.32857142857143
2018-08-27,27.3,24.3,83.9,1005.1,236.5,181.9,24.7,100,1,2018,8,3,239,2,-0.8263541987239094,-0.5631507242749187,-0.8660254037844385,-0.5000000000000004,969,24.4,1005.0,27.1,27.3,27.24285714285714
2018-08-28,27.1,23.8,82.4,1005.5,249.8,198.9,20.5,100,1,2018,8,3,240,2,-0.8359254794186365,-0.5488429582847199,-0.8660254037844385,-0.5000000000000004,970,24.3,1005.1,27.3,26.9,27.242857142857144
2018-08-29,28.1,24.3,80.1,1007.1,247.4,270.2,21.1,100,1,2018,8,3,241,2,-0.8452490573530634,-0.5343725582809785,-0.8660254037844385,-0.5000000000000004,971,23.8,1005.5,27.1,27.1,27.271428571428572
2018-08-30,28.1,24.4,80.2,1007.5,265.7,283.2,25.8,100,1,2018,8,3,242,2,-0.8543221697498269,-0.5197438121555157,-0.8660254037844385,-0.5000000000000004,972,24.3,1007.1,28.1,27.4,27.414285714285715
2018-08-31,28.3,24.2,78.6,1007.9,258.8,279.5,27.7,100,1,2018,8,3,243,2,-0.8631421280499115,-0.5049610547215202,-0.8660254037844385,-0.5000000000000004,973,24.4,1007.5,28.1,27.5,27.514285714285712
2018-09-01,28.1,24.3,80.4,1008.5,252.5,279.8,25.3,100,1,2018,9,3,244,2,-0.8717063187093217,-0.4900286664290594,-1.0,-1.8369701987210297e-16,974,24.2,1007.9,28.3,27.4,27.62857142857143
2018-09-02,27.7,24.1,80.7,1008.5,248.7,284.2,24.8,100,1,2018,9,3,245,2,-0.8800122039735356,-0.4749510720670502,-1.0,-1.8369701987210297e-16,975,24.3,1008.5,28.1,27.1,27.728571428571428
2018-09-03,27.9,24.1,79.7,1008.6,258.3,262.4,28.3,100,1,2018,9,3,246,2,-0.888057322629493,-0.4597327394521046,-1.0,-1.8369701987210297e-16,976,24.1,1008.5,27.7,27.3,27.814285714285717
2018-09-04,28.1,24.0,78.3,1009.6,259.6,280.6,26.5,100,1,2018,9,3,247,2,-0.8958392907349089,-0.4443781781046134,-1.0,-1.8369701987210297e-16,977,24.1,1008.6,27.9,27.1,27.9
2018-09-05,28.2,23.8,77.2,1009.2,268.3,207.3,27.7,100,1,2018,9,3,248,2,-0.9033558023246842,-0.4288919379124841,-1.0,-1.8369701987210297e-16,978,24.0,1009.6,28.1,28.1,28.042857142857144
2018-09-06,28.3,23.3,74.4,1008.2,270.5,222.2,24.6,0,0,2018,9,3,249,2,-0.9106046300942162,-0.41327860778290443,-1.0,-1.8369701987210297e-16,979,23.8,1009.2,28.2,28.1,28.057142857142857
2018-09-07,28.0,22.8,73.7,1008.0,264.5,258.8,24.7,100,1,2018,9,3,250,2,-0.9175836260593934,-0.3975428142825566,-1.0,-1.8369701987210297e-16,980,23.3,1008.2,28.3,28.3,28.08571428571429
2018-09-08,28.3,22.7,72.1,1008.1,249.0,275.3,24.7,100,1,2018,9,3,251,2,-0.9242907221930934,-0.3816892202666586,-1.0,-1.8369701987210297e-16,981,22.8,1008.0,28.0,28.1,28.042857142857144
2018-09-09,27.8,23.0,75.6,1009.2,199.0,296.4,21.1,0,0,2018,9,3,252,2,-0.9307239310379793,-0.3657225234972692,-1.0,-1.8369701987210297e-16,982,22.7,1008.1,28.3,27.7,28.071428571428573
2018-09-10,28.1,23.1,74.9,1011.8,231.1,286.1,21.1,0,0,2018,9,3,253,2,-0.9368813462954315,-0.34964745525122826,-1.0,-1.8369701987210297e-16,983,23.0,1009.2,27.8,27.9,28.085714285714285
2018-09-11,28.1,23.1,74.6,1012.4,220.7,285.5,25.3,0,0,2018,9,3,254,2,-0.9427611433904206,-0.33346877891818705,-1.0,-1.8369701987210297e-16,984,23.1,1011.8,28.1,28.1,28.114285714285717
2018-09-12,28.0,23.1,75.1,1010.7,238.5,281.9,24.1,0,0,2018,9,3,255,2,-0.9483615800121716,-0.31719128858910595,-1.0,-1.8369701987210297e-16,985,23.1,1012.4,28.1,28.2,28.11428571428571
2018-09-13,28.0,23.3,75.6,1009.3,215.1,256.9,19.4,100,1,2018,9,3,256,2,-0.9536809966304455,-0.300819807635668,-1.0,-1.8369701987210297e-16,986,23.1,1010.7,28.0,28.3,28.085714285714285
2018-09-14,27.5,23.8,80.3,1009.8,173.0,245.9,13.0,100,1,2018,9,3,257,2,-0.9587178169872964,-0.2843591872810036,-1.0,-1.8369701987210297e-16,987,23.3,1009.3,28.0,28.0,28.04285714285714
2018-09-15,28.3,24.6,80.7,1010.4,185.8,264.6,21.1,100,1,2018,9,3,258,2,-0.9634705485641486,-0.26781430516217486,-1.0,-1.8369701987210297e-16,988,23.8,1009.8,27.5,28.3,27.971428571428568
2018-09-16,28.0,24.4,81.0,1009.0,184.2,283.0,21.1,100,1,2018,9,3,259,2,-0.9679377830240642,-0.25119006388481957,-1.0,-1.8369701987210297e-16,989,24.6,1010.4,28.3,27.8,27.97142857142857
2018-09-17,28.5,23.5,75.0,1008.2,195.4,296.4,25.1,0,0,2018,9,3,260,2,-0.9721181966290612,-0.23449138957041052,-1.0,-1.8369701987210297e-16,990,24.4,1009.0,28.0,28.1,28.0
2018-09-18,28.5,23.2,73.5,1008.8,210.3,288.1,24.1,100,1,2018,9,3,261,2,-0.9760105506323682,-0.21772323039653224,-1.0,-1.8369701987210297e-16,991,23.5,1008.2,28.5,28.1,28.057142857142857
2018-09-19,27.3,23.2,78.7,1008.8,281.3,245.4,14.8,100,1,2018,9,3,262,2,-0.9796136916454901,-0.20089055513063528,-1.0,-1.8369701987210297e-16,992,23.2,1008.8,28.5,28.0,28.114285714285717
2018-09-20,27.9,24.3,80.7,1006.8,270.1,249.4,20.5,100,1,2018,9,3,263,2,-0.9829265519799822,-0.18399835165767986,-1.0,-1.8369701987210297e-16,993,23.2,1008.8,27.3,28.0,28.014285714285716
2018-09-21,28.8,25.0,80.3,1005.6,188.2,212.6,22.9,100,1,2018,9,3,264,2,-0.9859481499638303,-0.1670516255021195,-1.0,-1.8369701987210297e-16,994,24.3,1006.8,27.9,27.5,28.0
2018-09-22,28.9,25.7,83.3,1007.4,236.3,131.1,24.2,100,1,2018,9,3,265,2,-0.9886775902323404,-0.15005539834465262,-1.0,-1.8369701987210297e-16,995,25.0,1005.6,28.8,28.3,28.185714285714287
2018-09-23,28.8,25.0,80.6,1011.0,201.8,240.1,19.9,0,0,2018,9,3,266,2,-0.9911140639934546,-0.13301470653419636,-1.0,-1.8369701987210297e-16,996,25.7,1007.4,28.9,28.0,28.271428571428572
2018-09-24,28.8,25.1,80.7,1011.2,218.7,254.7,19.6,0,0,2018,9,3,267,2,-0.9932568492674143,-0.11593459959550066,-1.0,-1.8369701987210297e-16,997,25.0,1011.0,28.8,28.5,28.385714285714283
2018-09-25,28.9,24.2,76.2,1010.7,215.4,276.0,24.7,0,0,2018,9,3,268,2,-0.9951053111006974,-0.09882013873287211,-1.0,-1.8369701987210297e-16,998,25.1,1011.2,28.8,28.5,28.428571428571427
2018-09-26,29.3,24.3,75.2,1008.8,196.2,263.8,22.2,100,1,2018,9,3,269,2,-0.99665890175417,-0.08167639533042288,-1.0,-1.8369701987210297e-16,999,24.2,1010.7,28.9,27.3,28.485714285714288
2018-09-27,29.3,24.9,77.5,1008.6,243.7,233.4,25.9,100,1,2018,9,3,270,2,-0.9979171608653922,-0.06450844944931625,-1.0,-1.8369701987210297e-16,1000,24.3,1008.8,29.3,27.9,28.77142857142857
2018-09-28,29.2,24.7,77.2,1009.0,161.1,123.2,19.0,100,1,2018,9,3,271,2,-0.9988797155850335,-0.04732138832243232,-1.0,-1.8369701987210297e-16,1001,24.9,1008.6,29.3,28.8,28.97142857142857
2018-09-29,29.5,24.8,76.3,1009.7,181.4,158.1,21.9,100,1,2018,9,3,272,2,-0.9995462806873573,-0.03012030484690836,-1.0,-1.8369701987210297e-16,1002,24.7,1009.0,29.2,28.9,29.02857142857143
2018-09-30,31.5,24.3,67.1,1008.8,122.2,245.4,19.6,100,1,2018,9,3,273,2,-0.9999166586547379,-0.012910296075008843,-1.0,-1.8369701987210297e-16,1003,24.8,1009.7,29.5,28.8,29.11428571428571
2018-10-01,31.3,23.1,62.6,1008.4,202.4,251.9,76.9,100,1,2018,10,4,274,3,-0.9999907397361901,0.004303538296243821,-0.8660254037844386,0.5000000000000001,1004,24.3,1008.8,31.5,28.8,29.5
2018-10-02,30.9,23.5,65.5,1009.3,183.8,229.3,17.1,100,1,2018,10,4,275,3,-0.9997685019798909,0.021516097436222233,-0.8660254037844386,0.5000000000000001,1005,23.1,1008.4,31.3,28.9,29.857142857142858
2018-10-03,30.7,24.0,67.8,1009.1,187.6,107.8,20.5,100,1,2018,10,4,276,3,-0.9992500112396835,0.03872228089217399,-0.8660254037844386,0.5000000000000001,1006,23.5,1009.3,30.9,29.3,30.142857142857142
2018-10-04,30.4,23.2,66.1,1009.1,151.1,104.3,22.3,100,1,2018,10,4,277,3,-0.9984354211555643,0.05591699010060302,-0.8660254037844386,0.5000000000000001,1007,24.0,1009.1,30.7,29.3,30.342857142857145
2018-10-05,31.3,22.6,60.8,1009.3,114.9,129.3,16.6,100,1,2018,10,4,278,3,-0.9973249731081555,0.07309512989807776,-0.8660254037844386,0.5000000000000001,1008,23.2,1009.1,30.4,29.2,30.5
2018-10-06,31.7,21.9,57.8,1009.2,131.7,144.8,17.1,100,1,2018,10,4,279,3,-0.9959189961471792,0.0902516100310407,-0.8660254037844386,0.5000000000000001,1009,22.6,1009.3,31.3,29.5,30.800000000000004
2018-10-07,32.1,23.5,62.4,1008.6,148.7,232.5,22.3,0,0,2018,10,4,280,3,-0.994217906893952,0.10738134666416306,-0.8660254037844386,0.5000000000000001,1010,21.9,1009.2,31.7,31.5,31.114285714285717
2018-10-08,31.4,25.5,72.2,1008.4,189.1,204.3,18.4,100,1,2018,10,4,281,3,-0.9922222094179324,0.12447926388678869,-0.8660254037844386,0.5000000000000001,1011,23.5,1008.6,32.1,31.3,31.2
2018-10-09,30.6,26.2,77.9,1008.7,206.3,177.3,21.1,0,0,2018,10,4,282,3,-0.989932495087353,0.141540295217043,-0.8660254037844386,0.5000000000000001,1012,25.5,1008.4,31.4,30.9,31.214285714285715
2018-10-10,30.2,25.9,77.8,1008.5,250.8,215.7,22.9,0,0,2018,10,4,283,3,-0.9873494423939864,0.15855938510313475,-0.8660254037844386,0.5000000000000001,1013,26.2,1008.7,30.6,30.7,31.17142857142857
2018-10-11,30.4,25.5,75.7,1008.5,238.6,244.1,23.5,0,0,2018,10,4,284,3,-0.9844738167520923,0.17553149042142777,-0.8660254037844386,0.5000000000000001,1014,25.9,1008.5,30.2,30.4,31.099999999999998
2018-10-12,30.8,25.2,73.3,1008.8,176.3,225.3,21.1,0,0,2018,10,4,285,3,-0.9813064702716093,0.19245158197082995,-0.8660254037844386,0.5000000000000001,1015,25.5,1008.5,30.4,31.3,31.099999999999998
2018-10-13,31.8,24.7,68.0,1010.2,142.4,237.1,19.0,0,0,2018,10,4,286,3,-0.9778483415056567,0.20931464596304888,-0.8660254037844386,0.5000000000000001,1016,25.2,1008.8,30.8,31.7,31.02857142857143
2018-10-14,31.4,22.0,59.6,1011.3,178.7,243.8,20.2,0,0,2018,10,4,287,3,-0.9741004551724206,0.22611568550828803,-0.8660254037844386,0.5000000000000001,1017,24.7,1010.2,31.8,32.1,31.04285714285714
2018-10-15,31.5,21.5,57.1,1011.4,143.6,205.0,22.3,0,0,2018,10,4,288,3,-0.970063921851507,0.2428497220959358,-0.8660254037844386,0.5000000000000001,1018,22.0,1011.3,31.4,31.4,30.942857142857143
2018-10-16,31.1,21.4,57.3,1011.5,162.6,212.1,19.0,100,1,2018,10,4,289,3,-0.965739937654855,0.25951179706979943,-0.8660254037844386,0.5000000000000001,1019,21.5,1011.4,31.5,30.6,30.957142857142856
2018-10-17,30.1,24.0,70.4,1011.4,168.5,150.7,20.5,100,1,2018,10,4,290,3,-0.9611297838723007,0.27609697309746883,-0.8660254037844386,0.5000000000000001,1020,21.4,1011.5,31.1,30.2,31.02857142857143
2018-10-18,28.9,23.9,74.8,1011.3,194.7,91.0,22.9,100,1,2018,10,4,291,3,-0.9562348265919058,0.2926003356333479,-0.8660254037844386,0.5000000000000001,1021,24.0,1011.4,30.1,30.4,31.014285714285716
2018-10-19,28.8,23.1,71.9,1011.3,139.2,168.3,20.2,100,1,2018,10,4,292,3,-0.9510565162951536,0.30901699437494723,-0.8660254037844386,0.5000000000000001,1022,23.9,1011.3,28.9,30.8,30.8
2018-10-20,30.3,24.3,71.1,1012.1,181.9,225.4,19.3,100,1,2018,10,4,293,3,-0.9455963874271428,0.3253420847119795,-0.8660254037844386,0.5000000000000001,1023,23.1,1011.3,28.8,31.8,30.514285714285712
2018-10-21,30.2,25.4,76.2,1012.9,215.4,221.4,18.4,100,1,2018,10,4,294,3,-0.9398560579418953,0.341570769167856,-0.8660254037844386,0.5000000000000001,1024,24.3,1012.1,30.3,31.4,30.300000000000004
2018-10-22,31.1,24.6,70.0,1012.1,182.5,207.1,16.6,100,1,2018,10,4,295,3,-0.9338372288229252,0.35769823883312546,-0.8660254037844386,0.5000000000000001,1025,25.4,1012.9,30.2,31.5,30.12857142857143
2018-10-23,31.0,18.0,49.5,1011.7,198.8,251.0,19.5,0,0,2018,10,4,296,3,-0.9275416835791965,0.3737197147904692,-0.8660254037844386,0.5000000000000001,1026,24.6,1012.1,31.1,31.1,30.071428571428573
2018-10-24,30.7,15.6,43.0,1011.2,137.7,259.7,18.8,0,0,2018,10,4,297,3,-0.9209712877166347,0.38963044953078774,-0.8660254037844386,0.5000000000000001,1027,18.0,1011.7,31.0,30.1,30.057142857142857
2018-10-25,30.3,19.9,55.1,1012.2,155.5,234.2,17.8,0,0,2018,10,4,298,3,-0.9141279881853337,0.4054257283599973,-0.8660254037844386,0.5000000000000001,1028,15.6,1011.2,30.7,28.9,30.142857142857142
2018-10-26,31.1,18.9,50.3,1013.4,157.0,186.0,17.8,100,1,2018,10,4,299,3,-0.9070138128026362,0.42110087079608916,-0.8660254037844386,0.5000000000000001,1029,19.9,1012.2,30.3,28.8,30.342857142857145
2018-10-27,30.7,19.4,52.5,1013.6,165.9,239.7,19.0,0,0,2018,10,4,300,3,-0.8996308696522434,0.4366512319560638,-0.8660254037844386,0.5000000000000001,1030,18.9,1013.4,31.1,30.3,30.67142857142857
2018-10-28,30.6,16.7,46.5,1012.4,97.9,240.7,21.3,0,0,2018,10,4,301,3,-0.8919813464595487,0.45207220393230374,-0.8660254037844386,0.5000000000000001,1031,19.4,1013.6,30.7,30.2,30.728571428571428
2018-10-29,30.4,14.4,41.0,1011.5,147.4,257.3,15.0,0,0,2018,10,4,302,3,-0.8840675099433637,0.46735921715800205,-0.8660254037844386,0.5000000000000001,1032,16.7,1012.4,30.6,31.1,30.785714285714285
2018-10-30,29.8,14.6,41.0,1010.9,169.2,245.7,19.6,0,0,2018,10,4,303,3,-0.8758917051442433,0.48250774176121763,-0.8660254037844386,0.5000000000000001,1033,14.4,1011.5,30.4,31.0,30.685714285714287
2018-10-31,29.6,15.6,44.1,1011.0,142.8,250.4,20.2,0,0,2018,10,4,304,3,-0.8674563547295971,0.4975132889071803,-0.8660254037844386,0.5000000000000001,1034,14.6,1010.9,29.8,30.7,30.514285714285716
2018-11-01,30.1,19.0,53.3,1010.6,165.5,247.5,21.1,0,0,2018,11,4,305,3,-0.858763958275803,0.5123714121284235,-0.5000000000000004,0.8660254037844384,1035,15.6,1011.0,29.6,30.3,30.357142857142858
2018-11-02,30.6,19.4,54.0,1010.0,160.5,241.5,19.0,0,0,2018,11,4,306,3,-0.8498170915275277,0.5270777086423724,-0.5000000000000004,0.8660254037844384,1036,19.0,1010.6,30.1,31.1,30.32857142857143
2018-11-03,31.1,21.8,58.9,1010.4,148.1,239.2,21.3,0,0,2018,11,4,307,3,-0.8406184056344783,0.5416278206559811,-0.5000000000000004,0.8660254037844384,1037,19.4,1010.0,30.6,30.7,30.257142857142856
2018-11-04,31.0,23.2,64.3,1011.0,177.0,169.0,22.8,100,1,2018,11,4,308,3,-0.8311706263658079,0.5560174366570446,-0.5000000000000004,0.8660254037844384,1038,21.8,1010.4,31.1,30.6,30.314285714285713
2018-11-05,30.1,22.7,65.6,1011.6,200.3,84.74,17.1,100,1,2018,11,4,309,3,-0.8214765533024145,0.5702422926917867,-0.5000000000000004,0.8660254037844384,1039,23.2,1011.0,31.0,30.4,30.371428571428574
2018-11-06,31.2,23.2,63.7,1011.7,192.6,178.2,22.9,100,1,2018,11,4,310,3,-0.8115390590073611,0.5842981736283683,-0.5000000000000004,0.8660254037844384,1040,22.7,1011.6,30.1,29.8,30.32857142857143
2018-11-07,30.3,15.8,42.8,1012.0,164.8,232.4,21.9,0,0,2018,11,4,311,3,-0.801361088174677,0.5981809144059158,-0.5000000000000004,0.8660254037844384,1041,23.2,1011.7,31.2,29.6,30.52857142857143
2018-11-08,29.4,17.8,51.0,1011.1,156.5,233.8,17.1,0,0,2018,11,4,312,3,-0.7909456567567774,0.6118864012687242,-0.5000000000000004,0.8660254037844384,1042,15.8,1012.0,30.3,30.1,30.62857142857143
2018-11-09,30.2,20.6,58.5,1010.2,184.1,227.8,18.9,0,0,2018,11,4,313,3,-0.780295851070776,0.6254105729852457,-0.5000000000000004,0.8660254037844384,1043,17.8,1011.1,29.4,30.6,30.52857142857143
2018-11-10,30.3,19.4,53.7,1011.2,163.7,222.7,18.3,0,0,2018,11,4,314,3,-0.7694148268839381,0.6387494220515268,-0.5000000000000004,0.8660254037844384,1044,20.6,1010.2,30.2,31.1,30.47142857142857
2018-11-11,29.3,18.4,53.5,1012.0,125.3,228.4,19.6,0,0,2018,11,4,315,3,-0.7583058084785625,0.6518989958787125,-0.5000000000000004,0.8660254037844384,1045,19.4,1011.2,30.3,31.0,30.357142857142858
2018-11-12,29.1,18.2,54.4,1011.4,141.2,235.1,19.6,0,0,2018,11,4,316,3,-0.7469720876965551,0.6648553979642866,-0.5000000000000004,0.8660254037844384,1046,18.4,1012.0,29.3,30.1,30.11428571428571
2018-11-13,28.3,20.1,62.1,1010.1,169.0,224.8,18.4,0,0,2018,11,4,317,3,-0.7354170229639858,0.6776147890466887,-0.5000000000000004,0.8660254037844384,1047,18.2,1011.4,29.1,31.2,29.971428571428568
2018-11-14,27.6,21.8,71.2,1010.1,188.4,219.8,22.9,0,0,2018,11,4,318,3,-0.7236440382959124,0.690173388242972,-0.5000000000000004,0.8660254037844384,1048,20.1,1010.1,28.3,30.3,29.557142857142857
2018-11-15,28.9,19.8,60.8,1011.4,140.9,224.5,19.6,0,0,2018,11,4,319,3,-0.711656622281775,0.7025274741691566,-0.5000000000000004,0.8660254037844384,1049,21.8,1010.1,27.6,29.4,29.17142857142857
2018-11-16,29.4,15.7,45.8,1011.6,157.2,234.4,20.7,0,0,2018,11,4,320,3,-0.6994583270516471,0.7146733860429608,-0.5000000000000004,0.8660254037844384,1050,19.8,1011.4,28.9,30.2,29.1
2018-11-17,29.1,16.6,49.0,1010.4,150.8,234.0,19.5,0,0,2018,11,4,321,3,-0.6870527672236675,0.7266075247685652,-0.5000000000000004,0.8660254037844384,1051,15.7,1011.6,29.4,30.3,28.985714285714288
2018-11-18,28.7,19.7,59.7,1011.0,167.1,221.6,17.1,0,0,2018,11,4,322,3,-0.6744436188329457,0.7383263540031063,-0.5000000000000004,0.8660254037844384,1052,16.6,1010.4,29.1,29.3,28.814285714285717
2018-11-19,28.8,22.6,70.3,1012.6,150.7,190.5,19.6,0,0,2018,11,4,323,3,-0.661634618242279,0.749826401204568,-0.5000000000000004,0.8660254037844384,1053,19.7,1011.0,28.7,29.1,28.728571428571428
2018-11-20,29.6,22.6,67.0,1013.2,161.9,184.7,15.9,100,1,2018,11,4,324,3,-0.6486295610349818,0.7611042586607742,-0.5000000000000004,0.8660254037844384,1054,22.6,1012.6,28.8,28.3,28.685714285714287
2018-11-21,30.2,21.2,59.9,1012.8,155.8,153.1,18.3,0,0,2018,11,4,325,3,-0.6354323008901775,0.7721565844991641,-0.5000000000000004,0.8660254037844384,1055,22.6,1013.2,29.6,27.6,28.87142857142857
2018-11-22,30.3,21.0,58.6,1012.8,145.0,182.4,17.1,0,0,2018,11,4,326,3,-0.622046748440868,0.7829801036770624,-0.5000000000000004,0.8660254037844384,1056,21.2,1012.8,30.2,28.9,29.242857142857144
2018-11-23,30.0,18.5,52.5,1014.5,127.0,217.8,22.3,0,0,2018,11,4,327,3,-0.6084768701151264,0.7935716089521472,-0.5000000000000004,0.8660254037844384,1057,21.0,1012.8,30.3,29.4,29.442857142857143
2018-11-24,29.3,17.8,51.9,1015.3,153.1,216.4,20.7,0,0,2018,11,4,328,3,-0.594726686960764,0.8039279618328208,-0.5000000000000004,0.8660254037844384,1058,18.5,1014.5,30.0,29.1,29.52857142857143
2018-11-25,28.8,18.5,55.1,1014.1,145.4,193.9,16.6,0,0,2018,11,4,329,3,-0.5808002734538013,0.8140460935082175,-0.5000000000000004,0.8660254037844384,1059,17.8,1015.3,29.3,28.7,29.557142857142857
2018-11-26,28.8,18.6,55.6,1012.1,109.7,181.6,14.7,0,0,2018,11,4,330,3,-0.5667017562911184,0.8239230057575536,-0.5000000000000004,0.8660254037844384,1060,18.5,1014.1,28.8,28.8,29.571428571428573
2018-11-27,29.0,15.9,47.5,1012.3,133.6,205.4,17.7,0,0,2018,11,4,331,3,-0.5524353131676203,0.8335557718385695,-0.5000000000000004,0.8660254037844384,1061,18.6,1012.1,28.8,29.6,29.571428571428573
2018-11-28,28.6,16.1,49.7,1013.1,160.4,161.3,19.4,0,0,2018,11,4,332,3,-0.5380051715382992,0.8429415373547832,-0.5000000000000004,0.8660254037844384,1062,15.9,1012.3,29.0,30.2,29.485714285714288
2018-11-29,28.5,15.7,49.6,1014.5,150.7,198.3,19.4,0,0,2018,11,4,333,3,-0.5234156073655503,0.8520775211013093,-0.5000000000000004,0.8660254037844384,1063,16.1,1013.1,28.6,30.3,29.257142857142856
2018-11-30,28.4,14.8,45.5,1014.5,160.3,209.3,17.1,0,0,2018,11,4,334,3,-0.5086709438521042,0.8609610158889945,-0.5000000000000004,0.8660254037844384,1064,15.7,1014.5,28.5,30.0,29.0
2018-12-01,28.0,14.7,46.2,1012.0,113.6,129.3,15.2,0,0,2018,12,4,335,0,-0.49377555015997737,0.8695893893466109,-2.4492935982947064e-16,1.0,1065,14.8,1014.5,28.4,29.3,28.771428571428572
2018-12-02,27.3,15.1,48.6,1010.5,164.9,189.4,15.9,0,0,2018,12,4,336,0,-0.4787338401157883,0.8779600847008883,-2.4492935982947064e-16,1.0,1066,14.7,1012.0,28.0,28.8,28.585714285714285
2018-12-03,27.5,17.3,54.7,1011.0,161.9,166.4,17.8,0,0,2018,12,4,337,0,-0.4635502709028512,0.8860706215341378,-2.4492935982947064e-16,1.0,1067,15.1,1010.5,27.3,28.8,28.371428571428574
2018-12-04,28.7,17.3,52.1,1012.3,134.0,111.0,20.7,0,0,2018,12,4,338,0,-0.4482293417404106,0.893918596519257,-2.4492935982947064e-16,1.0,1068,17.3,1011.0,27.5,29.0,28.185714285714287
2018-12-05,28.4,18.2,55.1,1011.4,116.8,188.6,17.1,0,0,2018,12,4,339,0,-0.4327755925504317,0.9015016841318838,-2.4492935982947064e-16,1.0,1069,17.3,1012.3,28.7,28.6,28.142857142857142
2018-12-06,28.3,15.9,48.7,1010.9,158.8,203.5,21.3,100,1,2018,12,4,340,0,-0.41719360261231697,0.9088176373395028,-2.4492935982947064e-16,1.0,1070,18.2,1011.4,28.4,28.5,28.114285714285717
2018-12-07,27.8,16.1,50.0,1011.0,183.3,203.5,18.9,0,0,2018,12,4,341,0,-0.4014879892059737,0.9158642882672868,-2.4492935982947064e-16,1.0,1071,15.9,1010.9,28.3,28.4,28.08571428571429
2018-12-08,27.5,16.1,51.1,1012.0,148.0,211.1,18.6,0,0,2018,12,4,342,0,-0.38566340624360745,0.9226395488404875,-2.4492935982947064e-16,1.0,1072,16.1,1011.0,27.8,28.0,28.0
2018-12-09,26.1,15.0,51.4,1011.6,192.8,211.6,23.5,0,0,2018,12,4,343,0,-0.3697245428906732,0.9291414114031743,-2.4492935982947064e-16,1.0,1073,16.1,1012.0,27.5,27.3,27.928571428571427
2018-12-10,25.8,13.6,49.7,1012.1,159.5,208.4,19.5,0,0,2018,12,4,344,0,-0.3536761221763721,0.935367949313148,-2.4492935982947064e-16,1.0,1074,15.0,1011.6,26.1,27.5,27.757142857142856
2018-12-11,25.5,13.5,49.3,1012.8,137.9,214.8,18.8,0,0,2018,12,4,345,0,-0.33752289959411347,0.941317317512847,-2.4492935982947064e-16,1.0,1075,13.6,1012.1,25.8,28.7,27.514285714285712
2018-12-12,26.0,17.8,61.4,1013.5,228.2,204.6,18.5,0,0,2018,12,4,346,0,-0.32126966169236515,0.9469877530760751,-2.4492935982947064e-16,1.0,1076,13.5,1012.8,25.5,28.4,27.057142857142857
2018-12-13,26.0,13.8,48.6,1014.4,144.5,210.4,26.3,0,0,2018,12,4,347,0,-0.3049212246562894,0.9523775757303973,-2.4492935982947064e-16,1.0,1077,17.8,1013.5,26.0,28.3,26.714285714285715
2018-12-14,26.9,10.9,37.2,1014.0,68.7,192.0,24.1,0,0,2018,12,4,348,0,-0.2884824328806098,0.9574851883550389,-2.4492935982947064e-16,1.0,1078,13.8,1014.4,26.0,27.8,26.385714285714283
2018-12-15,27.5,11.9,38.5,1013.9,72.7,188.1,25.9,0,0,2018,12,4,349,0,-0.27195815753410524,0.9623090774541487,-2.4492935982947064e-16,1.0,1079,10.9,1014.0,26.9,27.5,26.25714285714286
2018-12-16,27.0,13.0,43.1,1014.2,129.8,189.3,24.6,0,0,2018,12,4,350,0,-0.2553532951161881,0.9668478136052773,-2.4492935982947064e-16,1.0,1080,11.9,1013.9,27.5,26.1,26.25714285714286
2018-12-17,25.2,10.5,41.0,1013.8,156.7,202.5,22.5,0,0,2018,12,4,351,0,-0.23867276600594997,0.9711000518829505,-2.4492935982947064e-16,1.0,1081,13.0,1014.2,27.0,25.8,26.38571428571429
2018-12-18,25.5,12.9,46.7,1014.3,152.5,209.7,20.7,0,0,2018,12,4,352,0,-0.22192151300416674,0.9750645322571945,-2.4492935982947064e-16,1.0,1082,10.5,1013.8,25.2,25.5,26.3
2018-12-19,24.9,11.9,45.6,1014.8,173.3,223.9,20.6,0,0,2018,12,4,353,0,-0.20510449986861926,0.9787400799669153,-2.4492935982947064e-16,1.0,1083,12.9,1014.3,25.5,26.0,26.3
2018-12-20,24.8,12.1,47.2,1014.4,195.0,223.3,21.3,0,0,2018,12,4,354,0,-0.1882267098432439,0.9821256058680006,-2.4492935982947064e-16,1.0,1084,11.9,1014.8,24.9,26.0,26.142857142857142
2018-12-21,25.8,15.2,53.3,1013.4,152.6,215.3,15.9,0,0,2018,12,4,355,0,-0.1712931441814778,0.9852201067560606,-2.4492935982947064e-16,1.0,1085,12.1,1014.4,24.8,26.9,25.97142857142857
2018-12-22,26.1,15.1,52.6,1012.9,146.3,216.4,17.7,0,0,2018,12,4,356,0,-0.154308820664281,0.9880226656636976,-2.4492935982947064e-16,1.0,1086,15.2,1013.4,25.8,27.5,25.814285714285713
2018-12-23,26.8,15.5,51.0,1012.9,152.8,206.2,20.2,0,0,2018,12,4,357,0,-0.13727877211326517,0.9905324521322227,-2.4492935982947064e-16,1.0,1087,15.1,1012.9,26.1,27.0,25.61428571428571
2018-12-24,26.8,17.0,55.9,1012.9,151.7,194.8,16.6,0,0,2018,12,4,358,0,-0.12020804489935275,0.9927487224577402,-2.4492935982947064e-16,1.0,1088,15.5,1012.9,26.8,25.2,25.585714285714285
2018-12-25,26.5,17.0,57.3,1012.9,198.6,199.2,17.6,0,0,2018,12,4,359,0,-0.10310169744743544,0.9946708199115211,-2.4492935982947064e-16,1.0,1089,17.0,1012.9,26.8,25.5,25.814285714285717
2018-12-26,24.4,10.1,42.5,1013.9,252.6,203.3,20.6,0,0,2018,12,4,360,0,-0.0859647987374467,0.9962981749346077,-2.4492935982947064e-16,1.0,1090,17.0,1012.9,26.5,24.9,25.95714285714286
2018-12-27,23.4,9.6,34.8,1013.8,115.4,225.6,22.5,0,0,2018,12,4,361,0,-0.06880242680232064,0.9976303053065857,-2.4492935982947064e-16,1.0,1091,10.1,1013.9,24.4,24.8,25.885714285714283
2018-12-28,24.5,9.6,32.5,1012.9,92.3,222.1,21.3,0,0,2018,12,4,362,0,-0.05161966722325418,0.9986668162884759,-2.4492935982947064e-16,1.0,1092,9.6,1013.8,23.4,25.8,25.685714285714283
2018-12-29,24.8,9.6,30.3,1014.5,165.5,222.7,16.6,0,0,2018,12,4,363,0,-0.034421611622745804,0.9994074007397048,-2.4492935982947064e-16,1.0,1093,9.6,1012.9,24.5,26.1,25.5
2018-12-30,24.9,9.6,33.3,1015.72,116.2,217.3,20.2,0,0,2018,12,4,364,0,-0.01721335615583528,0.9998518392091162,-2.4492935982947064e-16,1.0,1094,9.6,1014.5,24.8,26.8,25.314285714285717
2018-12-31,25.1,9.6,37.3,1015.72,137.3,210.2,17.7,0,0,2018,12,4,365,0,6.432490598706546e-16,1.0,-2.4492935982947064e-16,1.0,1095,9.6,1015.72,24.9,26.8,25.042857142857144
2019-01-01,24.9,11.2,45.2,1015.72,122.5,217.1,19.0,0,0,2019,1,1,1,0,0.017213356155834685,0.9998518392091162,0.49999999999999994,0.8660254037844387,1096,9.6,1015.72,25.1,26.5,24.8
2019-01-02,24.8,12.8,49.0,1015.72,134.4,217.0,17.1,0,0,2019,1,1,2,0,0.03442161162274574,0.9994074007397048,0.49999999999999994,0.8660254037844387,1097,11.2,1015.72,24.9,24.4,24.571428571428573
2019-01-03,24.8,13.4,52.3,1015.72,140.5,212.4,14.7,0,0,2019,1,1,3,0,0.051619667223253764,0.998666816288476,0.49999999999999994,0.8660254037844387,1098,12.8,1015.72,24.8,23.4,24.62857142857143
2019-01-04,25.6,13.1,48.0,1015.72,122.5,214.2,17.1,0,0,2019,1,1,4,0,0.06880242680231986,0.9976303053065857,0.49999999999999994,0.8660254037844387,1099,13.4,1015.72,24.8,24.5,24.82857142857143
2019-01-05,24.6,13.8,52.9,1014.8,169.9,204.1,18.4,0,0,2019,1,1,5,0,0.08596479873744647,0.9962981749346078,0.49999999999999994,0.8660254037844387,1100,13.1,1015.72,25.6,24.8,24.985714285714288
2019-01-06,24.4,14.2,54.9,1014.0,235.8,215.4,19.6,0,0,2019,1,1,6,0,0.10310169744743485,0.9946708199115211,0.49999999999999994,0.8660254037844387,1101,13.8,1014.8,24.6,24.9,24.957142857142856
2019-01-07,24.9,11.5,44.7,1013.8,135.4,214.9,62.8,0,0,2019,1,1,7,0,0.1202080448993527,0.9927487224577402,0.49999999999999994,0.8660254037844387,1102,14.2,1014.0,24.4,25.1,24.88571428571429
2019-01-08,25.0,10.6,41.9,1013.9,160.6,219.4,21.3,0,0,2019,1,1,8,0,0.13727877211326478,0.9905324521322229,0.49999999999999994,0.8660254037844387,1103,11.5,1013.8,24.9,24.9,24.857142857142858
2019-01-09,23.6,12.7,52.2,1013.6,162.2,220.8,17.0,0,0,2019,1,1,9,0,0.15430882066428117,0.9880226656636976,0.49999999999999994,0.8660254037844387,1104,10.6,1013.9,25.0,24.8,24.871428571428574
2019-01-10,24.5,12.2,49.1,1012.6,202.9,219.4,19.6,0,0,2019,1,1,10,0,0.1712931441814776,0.9852201067560606,0.49999999999999994,0.8660254037844387,1105,12.7,1013.6,23.6,24.8,24.7
2019-01-11,24.2,14.7,57.0,1013.3,183.6,214.5,21.3,0,0,2019,1,1,11,0,0.1882267098432442,0.9821256058680006,0.49999999999999994,0.8660254037844387,1106,12.2,1012.6,24.5,25.6,24.657142857142855
2019-01-12,23.7,15.3,61.4,1013.5,175.1,217.8,20.6,0,0,2019,1,1,12,0,0.2051044998686192,0.9787400799669153,0.49999999999999994,0.8660254037844387,1107,14.7,1013.3,24.2,24.6,24.457142857142856
2019-01-13,23.8,14.3,56.6,1014.2,230.1,222.1,20.1,0,0,2019,1,1,13,0,0.2219215130041655,0.9750645322571948,0.49999999999999994,0.8660254037844387,1108,15.3,1013.5,23.7,24.4,24.32857142857143
2019-01-14,25.2,14.3,53.1,1013.2,179.4,206.7,19.5,0,0,2019,1,1,14,0,0.2386727660059501,0.9711000518829505,0.49999999999999994,0.8660254037844387,1109,14.3,1014.2,23.8,24.9,24.24285714285714
2019-01-15,27.2,14.2,45.8,1013.7,154.1,200.1,20.2,0,0,2019,1,1,15,0,0.255353295116187,0.9668478136052775,0.49999999999999994,0.8660254037844387,1110,14.3,1013.2,25.2,25.0,24.285714285714285
2019-01-16,26.7,14.8,49.8,1013.8,156.1,201.4,17.8,0,0,2019,1,1,16,0,0.2719581575341055,0.9623090774541486,0.49999999999999994,0.8660254037844387,1111,14.2,1013.7,27.2,23.6,24.599999999999998
2019-01-17,26.3,15.0,51.3,1012.8,126.4,208.8,18.3,0,0,2019,1,1,17,0,0.288482432880609,0.9574851883550393,0.49999999999999994,0.8660254037844387,1112,14.8,1013.8,26.7,24.5,25.042857142857144
2019-01-18,26.3,14.1,48.9,1012.7,161.6,217.3,22.3,0,0,2019,1,1,18,0,0.30492122465628907,0.9523775757303974,0.49999999999999994,0.8660254037844387,1113,15.0,1012.8,26.3,24.2,25.3
2019-01-19,26.8,15.7,52.9,1013.6,157.1,213.8,16.6,0,0,2019,1,1,19,0,0.3212696616923644,0.9469877530760753,0.49999999999999994,0.8660254037844387,1114,14.1,1012.7,26.3,23.7,25.6
2019-01-20,27.0,17.5,57.7,1014.0,177.6,209.2,16.6,0,0,2019,1,1,20,0,0.3375228995941133,0.9413173175128471,0.49999999999999994,0.8660254037844387,1115,15.7,1013.6,26.8,23.8,26.04285714285714
2019-01-21,25.2,17.4,63.6,1013.3,252.0,207.9,22.3,0,0,2019,1,1,21,0,0.3536761221763716,0.9353679493131483,0.49999999999999994,0.8660254037844387,1116,17.5,1014.0,27.0,25.2,26.5
2019-01-22,24.8,18.3,68.8,1013.8,163.5,180.3,14.8,0,0,2019,1,1,22,0,0.3697245428906731,0.9291414114031743,0.49999999999999994,0.8660254037844387,1117,17.4,1013.3,25.2,27.2,26.5
2019-01-23,24.1,17.1,66.1,1014.8,266.2,223.6,21.9,0,0,2019,1,1,23,0,0.38566340624360707,0.9226395488404876,0.49999999999999994,0.8660254037844387,1118,18.3,1013.8,24.8,26.7,26.157142857142855
2019-01-24,22.8,13.6,56.6,1015.0,205.2,233.0,22.3,0,0,2019,1,1,24,0,0.401487989205973,0.9158642882672872,0.49999999999999994,0.8660254037844387,1119,17.1,1014.8,24.1,26.3,25.785714285714285
2019-01-25,22.7,9.6,40.4,1015.0,220.6,240.4,29.3,0,0,2019,1,1,25,0,0.4171936026123168,0.9088176373395029,0.49999999999999994,0.8660254037844387,1120,13.6,1015.0,22.8,26.3,25.285714285714285
2019-01-26,22.8,9.6,40.7,1015.0,240.2,232.8,21.1,0,0,2019,1,1,26,0,0.4327755925504312,0.901501684131884,0.49999999999999994,0.8660254037844387,1121,9.6,1015.0,22.7,26.8,24.771428571428572
2019-01-27,24.3,11.2,44.1,1015.5,162.2,214.4,23.3,0,0,2019,1,1,27,0,0.4482293417404106,0.893918596519257,0.49999999999999994,0.8660254037844387,1122,9.6,1015.0,22.8,27.0,24.2
2019-01-28,24.6,9.6,39.2,1015.72,104.7,228.1,23.5,0,0,2019,1,1,28,0,0.4635502709028509,0.886070621534138,0.49999999999999994,0.8660254037844387,1123,11.2,1015.5,24.3,25.2,23.814285714285717
2019-01-29,24.8,9.6,35.5,1015.72,121.2,233.6,21.9,0,0,2019,1,1,29,0,0.47873384011578846,0.8779600847008882,0.49999999999999994,0.8660254037844387,1124,9.6,1015.72,24.6,24.8,23.728571428571428
2019-01-30,25.2,9.6,36.6,1015.1,152.0,239.1,20.2,0,0,2019,1,1,30,0,0.49377555015997715,0.869589389346611,0.49999999999999994,0.8660254037844387,1125,9.6,1015.72,24.8,24.1,23.72857142857143
2019-01-31,24.5,11.8,46.4,1014.1,141.0,235.6,21.3,0,0,2019,1,1,31,0,0.5086709438521044,0.8609610158889943,0.49999999999999994,0.8660254037844387,1126,9.6,1015.1,25.2,22.8,23.885714285714283
2019-02-01,24.6,13.9,52.8,1014.0,239.3,232.3,20.2,0,0,2019,2,1,32,0,0.5234156073655503,0.8520775211013093,0.8660254037844386,0.5000000000000001,1127,11.8,1014.1,24.5,22.7,24.12857142857143
2019-02-02,24.1,14.0,54.1,1012.9,177.7,228.7,18.8,0,0,2019,2,1,33,0,0.5380051715382996,0.8429415373547828,0.8660254037844386,0.5000000000000001,1128,13.9,1014.0,24.6,22.8,24.4
2019-02-03,25.6,15.9,56.8,1013.6,184.3,216.5,21.7,0,0,2019,2,1,34,0,0.5524353131676196,0.8335557718385699,0.8660254037844386,0.5000000000000001,1129,14.0,1012.9,24.1,24.3,24.58571428571429
2019-02-04,27.4,16.6,54.4,1015.2,166.9,230.3,21.1,0,0,2019,2,1,35,0,0.5667017562911176,0.8239230057575542,0.8660254037844386,0.5000000000000001,1130,15.9,1013.6,25.6,24.6,24.771428571428572
2019-02-05,26.8,19.0,64.1,1015.1,177.0,225.1,19.6,0,0,2019,2,1,36,0,0.5808002734538009,0.8140460935082178,0.8660254037844386,0.5000000000000001,1131,16.6,1015.2,27.4,24.8,25.171428571428574
2019-02-06,24.9,17.4,64.2,1013.1,242.0,235.3,24.0,0,0,2019,2,1,37,0,0.5947266869607634,0.8039279618328213,0.8660254037844386,0.5000000000000001,1132,19.0,1015.1,26.8,25.2,25.457142857142856
2019-02-07,23.4,15.7,63.3,1014.9,245.3,242.9,27.1,100,1,2019,2,1,38,0,0.6084768701151261,0.7935716089521474,0.8660254037844386,0.5000000000000001,1133,17.4,1013.1,24.9,24.5,25.414285714285715
2019-02-08,21.1,9.6,48.5,1015.72,180.8,247.9,30.5,0,0,2019,2,1,39,0,0.6220467484408675,0.7829801036770629,0.8660254037844386,0.5000000000000001,1134,15.7,1014.9,23.4,24.6,25.25714285714286
2019-02-09,21.7,9.6,35.4,1015.4,153.3,264.6,29.0,0,0,2019,2,1,40,0,0.6354323008901774,0.7721565844991642,0.8660254037844386,0.5000000000000001,1135,9.6,1015.72,21.1,24.1,24.75714285714286
2019-02-10,24.3,9.6,32.0,1014.7,151.1,265.2,18.4,0,0,2019,2,1,41,0,0.6486295610349814,0.7611042586607747,0.8660254037844386,0.5000000000000001,1136,9.6,1015.4,21.7,25.6,24.41428571428571
2019-02-11,26.0,10.9,40.4,1014.2,182.2,259.8,22.2,0,0,2019,2,1,42,0,0.6616346182422783,0.7498264012045686,0.8660254037844386,0.5000000000000001,1137,9.6,1014.7,24.3,27.4,24.228571428571428
2019-02-12,28.1,12.3,39.6,1014.5,129.6,239.9,20.2,0,0,2019,2,1,43,0,0.6744436188329455,0.7383263540031065,0.8660254037844386,0.5000000000000001,1138,10.9,1014.2,26.0,26.8,24.02857142857143
2019-02-13,27.7,14.9,47.0,1015.7,184.3,239.4,25.8,0,0,2019,2,1,44,0,0.6870527672236669,0.7266075247685656,0.8660254037844386,0.5000000000000001,1139,12.3,1014.5,28.1,24.9,24.214285714285715
2019-02-14,26.3,16.6,56.1,1013.7,213.6,248.3,25.8,0,0,2019,2,1,45,0,0.699458327051647,0.7146733860429609,0.8660254037844386,0.5000000000000001,1140,14.9,1015.7,27.7,23.4,24.614285714285717
2019-02-15,25.1,16.4,59.5,1014.5,295.8,254.7,22.6,0,0,2019,2,1,46,0,0.7116566222817746,0.7025274741691571,0.8660254037844386,0.5000000000000001,1141,16.6,1013.7,26.3,21.1,25.02857142857143
2019-02-16,24.6,13.5,51.7,1014.8,176.4,266.5,23.3,0,0,2019,2,1,47,0,0.7236440382959124,0.6901733882429719,0.8660254037844386,0.5000000000000001,1142,16.4,1014.5,25.1,21.7,25.599999999999998
2019-02-17,24.2,13.0,50.8,1013.4,172.4,262.8,24.0,0,0,2019,2,1,48,0,0.7354170229639855,0.6776147890466889,0.8660254037844386,0.5000000000000001,1143,13.5,1014.8,24.6,24.3,26.014285714285716
2019-02-18,24.8,14.5,55.1,1011.1,203.9,261.2,21.3,0,0,2019,2,1,49,0,0.7469720876965552,0.6648553979642865,0.8660254037844386,0.5000000000000001,1144,13.0,1013.4,24.2,26.0,26.0
2019-02-19,26.0,13.9,50.1,1011.4,181.9,260.0,23.1,0,0,2019,2,1,50,0,0.7583058084785624,0.6518989958787126,0.8660254037844386,0.5000000000000001,1145,14.5,1011.1,24.8,28.1,25.82857142857143
2019-02-20,25.6,19.1,68.5,1013.2,198.3,257.3,18.4,0,0,2019,2,1,51,0,0.7694148268839378,0.6387494220515272,0.8660254037844386,0.5000000000000001,1146,13.9,1011.4,26.0,27.7,25.528571428571432
2019-02-21,25.5,20.7,75.5,1015.72,214.5,250.2,25.8,0,0,2019,2,1,52,0,0.7802958510707755,0.6254105729852463,0.8660254037844386,0.5000000000000001,1147,19.1,1013.2,25.6,26.3,25.228571428571428
2019-02-22,26.6,20.0,68.6,1014.4,274.0,247.0,21.3,0,0,2019,2,1,53,0,0.7909456567567772,0.6118864012687243,0.8660254037844386,0.5000000000000001,1148,20.7,1015.72,25.5,25.1,25.114285714285717
2019-02-23,28.0,17.9,56.0,1012.0,201.5,260.9,18.8,0,0,2019,2,1,54,0,0.8013610881746766,0.5981809144059165,0.8660254037844386,0.5000000000000001,1149,20.0,1014.4,26.6,24.6,25.328571428571426
2019-02-24,28.0,12.9,40.7,1010.8,261.2,252.2,21.1,0,0,2019,2,1,55,0,0.8115390590073611,0.5842981736283684,0.8660254037844386,0.5000000000000001,1150,17.9,1012.0,28.0,24.2,25.814285714285713
2019-02-25,26.8,13.2,45.1,1010.5,243.9,273.9,25.8,0,0,2019,2,1,56,0,0.8214765533024142,0.5702422926917871,0.8660254037844386,0.5000000000000001,1151,12.9,1010.8,28.0,24.8,26.357142857142858
2019-02-26,26.6,17.3,60.1,1010.5,245.1,262.5,21.8,0,0,2019,2,1,57,0,0.8311706263658079,0.5560174366570446,0.8660254037844386,0.5000000000000001,1152,13.2,1010.5,26.8,26.0,26.642857142857142
2019-02-27,25.1,18.1,66.3,1010.4,213.7,273.3,24.7,0,0,2019,2,1,58,0,0.8406184056344782,0.5416278206559814,0.8660254037844386,0.5000000000000001,1153,17.3,1010.5,26.6,25.6,26.728571428571428
2019-02-28,25.6,15.0,54.5,1011.0,146.3,277.8,23.4,0,0,2019,2,1,59,0,0.8498170915275278,0.5270777086423722,0.8660254037844386,0.5000000000000001,1154,18.1,1010.4,25.1,25.5,26.657142857142855
2019-03-01,25.6,12.5,45.2,1010.1,154.4,280.2,22.9,0,0,2019,3,1,60,1,0.8587639582758029,0.5123714121284237,1.0,6.123233995736766e-17,1155,15.0,1011.0,25.6,26.6,26.671428571428574
2019-03-02,26.4,18.1,62.3,1010.1,180.3,280.3,23.5,0,0,2019,3,1,61,1,0.8674563547295969,0.49751328890718066,1.0,6.123233995736766e-17,1156,12.5,1010.1,25.6,28.0,26.528571428571432
2019-03-03,25.7,19.8,70.7,1011.5,224.8,229.7,24.1,0,0,2019,3,1,62,1,0.8758917051442429,0.48250774176121847,1.0,6.123233995736766e-17,1157,18.1,1010.1,26.4,28.0,26.300000000000004
2019-03-04,25.7,20.6,74.2,1010.7,230.3,253.3,27.7,0,0,2019,3,1,63,1,0.8840675099433636,0.4673592171580022,1.0,6.123233995736766e-17,1158,19.8,1011.5,25.7,26.8,25.97142857142857
2019-03-05,25.9,19.1,66.9,1010.6,232.1,274.7,21.7,0,0,2019,3,1,64,1,0.8919813464595485,0.45207220393230435,1.0,6.123233995736766e-17,1159,20.6,1010.7,25.7,26.6,25.814285714285713
2019-03-06,25.1,17.8,64.8,1011.8,233.7,283.2,26.4,0,0,2019,3,1,65,1,0.8996308696522433,0.43665123195606403,1.0,6.123233995736766e-17,1160,19.1,1010.6,25.9,25.1,25.714285714285715
2019-03-07,25.6,18.5,66.7,1010.7,178.3,283.0,21.7,0,0,2019,3,1,66,1,0.9070138128026359,0.4211008707960896,1.0,6.123233995736766e-17,1161,17.8,1011.8,25.1,25.6,25.714285714285715
2019-03-08,26.3,17.0,59.0,1012.0,253.2,275.6,20.6,0,0,2019,3,1,67,1,0.9141279881853337,0.40542572835999735,1.0,6.123233995736766e-17,1162,18.5,1010.7,25.6,25.6,25.714285714285715
2019-03-09,27.7,16.0,51.1,1012.7,250.2,281.4,24.6,0,0,2019,3,1,68,1,0.9209712877166346,0.38963044953078796,1.0,6.123233995736766e-17,1163,17.0,1012.0,26.3,26.4,25.814285714285713
2019-03-10,27.6,15.4,49.2,1012.4,253.2,285.8,24.0,0,0,2019,3,1,69,1,0.9275416835791966,0.37371971479046906,1.0,6.123233995736766e-17,1164,16.0,1012.7,27.7,25.7,26.0
2019-03-11,26.6,19.1,64.5,1013.7,231.8,279.9,25.8,0,0,2019,3,1,70,1,0.9338372288229252,0.35769823883312546,1.0,6.123233995736766e-17,1165,15.4,1012.4,27.6,25.7,26.271428571428572
2019-03-12,26.1,19.8,69.0,1014.0,266.4,253.6,25.3,0,0,2019,3,1,71,1,0.9398560579418954,0.3415707691678556,1.0,6.123233995736766e-17,1166,19.1,1013.7,26.6,25.9,26.400000000000002
2019-03-13,25.9,18.3,63.7,1014.7,262.8,283.4,25.8,0,0,2019,3,1,72,1,0.9455963874271426,0.3253420847119801,1.0,6.123233995736766e-17,1167,19.8,1014.0,26.1,25.1,26.428571428571427
2019-03-14,26.4,16.1,55.2,1014.5,248.1,285.8,25.6,0,0,2019,3,1,73,1,0.9510565162951535,0.30901699437494745,1.0,6.123233995736766e-17,1168,18.3,1014.7,25.9,25.6,26.542857142857144
2019-03-15,27.7,13.9,47.4,1013.1,229.1,289.5,24.1,0,0,2019,3,1,74,1,0.9562348265919056,0.29260033563334836,1.0,6.123233995736766e-17,1169,16.1,1014.5,26.4,26.3,26.657142857142855
2019-03-16,27.2,15.9,51.3,1012.0,218.1,290.0,21.3,0,0,2019,3,1,75,1,0.9611297838723007,0.27609697309746883,1.0,6.123233995736766e-17,1170,13.9,1013.1,27.7,27.7,26.857142857142858
2019-03-17,27.0,18.9,62.6,1012.2,205.0,295.9,21.3,100,1,2019,3,1,76,1,0.9657399376548549,0.2595117970697999,1.0,6.123233995736766e-17,1171,15.9,1012.0,27.2,27.6,26.785714285714285
2019-03-18,28.4,15.8,48.1,1011.5,228.3,296.6,24.6,0,0,2019,3,1,77,1,0.9700639218515071,0.2428497220959356,1.0,6.123233995736766e-17,1172,18.9,1012.2,27.0,26.6,26.7
2019-03-19,27.4,17.5,56.3,1010.0,229.8,304.0,25.8,0,0,2019,3,1,78,1,0.9741004551724205,0.22611568550828828,1.0,6.123233995736766e-17,1173,15.8,1011.5,28.4,26.1,26.957142857142856
2019-03-20,26.6,20.5,70.4,1010.3,223.7,296.7,27.1,0,0,2019,3,1,79,1,0.9778483415056568,0.20931464596304847,1.0,6.123233995736766e-17,1174,17.5,1010.0,27.4,25.9,27.142857142857142
2019-03-21,26.3,20.6,72.1,1012.3,245.5,298.8,25.8,0,0,2019,3,1,80,1,0.9813064702716093,0.19245158197082998,1.0,6.123233995736766e-17,1175,20.5,1010.3,26.6,26.4,27.24285714285714
2019-03-22,26.4,19.4,67.0,1012.6,215.5,304.0,25.8,0,0,2019,3,1,81,1,0.9844738167520922,0.1755314904214282,1.0,6.123233995736766e-17,1176,20.6,1012.3,26.3,27.7,27.228571428571428
2019-03-23,29.3,18.0,52.3,1011.3,240.0,297.0,24.0,0,0,2019,3,1,82,1,0.9873494423939864,0.15855938510313475,1.0,6.123233995736766e-17,1177,19.4,1012.6,26.4,27.2,27.042857142857144
2019-03-24,30.8,17.0,45.0,1009.5,232.8,295.5,22.4,0,0,2019,3,1,83,1,0.989932495087353,0.141540295217043,1.0,6.123233995736766e-17,1178,18.0,1011.3,29.3,27.0,27.342857142857138
2019-03-25,32.5,15.0,37.3,1008.9,171.4,292.7,27.4,0,0,2019,3,1,84,1,0.9922222094179323,0.12447926388678915,1.0,6.123233995736766e-17,1179,17.0,1009.5,30.8,28.4,27.885714285714283
2019-03-26,31.7,17.6,46.8,1010.4,195.4,296.8,26.4,0,0,2019,3,1,85,1,0.994217906893952,0.10738134666416309,1.0,6.123233995736766e-17,1180,15.0,1008.9,32.5,27.4,28.47142857142857
2019-03-27,28.8,22.8,70.7,1012.8,190.6,300.1,23.5,0,0,2019,3,1,86,1,0.995918996147179,0.09025161003104117,1.0,6.123233995736766e-17,1181,17.6,1010.4,31.7,26.6,29.085714285714285
2019-03-28,28.4,22.5,71.7,1011.6,224.2,300.4,22.2,0,0,2019,3,1,87,1,0.9973249731081555,0.07309512989807777,1.0,6.123233995736766e-17,1182,22.8,1012.8,28.8,26.3,29.400000000000002
2019-03-29,29.0,23.1,71.8,1010.3,239.5,297.9,21.9,0,0,2019,3,1,88,1,0.9984354211555643,0.055916990100603484,1.0,6.123233995736766e-17,1183,22.5,1011.6,28.4,26.4,29.7
2019-03-30,28.5,23.8,76.2,1009.9,213.0,294.1,24.0,0,0,2019,3,1,89,1,0.9992500112396835,0.03872228089217446,1.0,6.123233995736766e-17,1184,23.1,1010.3,29.0,29.3,30.071428571428573
2019-03-31,28.7,23.8,75.3,1010.8,227.3,297.7,22.9,0,0,2019,3,1,90,1,0.9997685019798909,0.021516097436222254,1.0,6.123233995736766e-17,1185,23.8,1009.9,28.5,30.8,29.95714285714286
2019-04-01,28.0,22.4,72.2,1011.0,225.5,314.8,24.6,0,0,2019,4,2,91,1,0.9999907397361901,0.004303538296244289,0.8660254037844387,-0.4999999999999998,1186,23.8,1010.8,28.7,32.5,29.657142857142855
2019-04-02,27.7,22.8,75.3,1010.5,228.5,315.6,25.3,0,0,2019,4,2,92,1,0.9999166586547379,-0.01291029607500882,0.8660254037844387,-0.4999999999999998,1187,22.4,1011.0,28.0,31.7,29.014285714285712
2019-04-03,29.1,23.2,71.7,1009.4,227.0,302.9,29.0,0,0,2019,4,2,93,1,0.9995462806873573,-0.030120304846908114,0.8660254037844387,-0.4999999999999998,1188,22.8,1010.5,27.7,28.8,28.442857142857147
2019-04-04,28.6,24.5,78.6,1010.6,206.8,303.5,24.1,0,0,2019,4,2,94,1,0.9988797155850336,-0.04732138832243185,0.8660254037844387,-0.4999999999999998,1189,23.2,1009.4,29.1,28.4,28.485714285714288
2019-04-05,29.4,23.7,72.3,1012.1,205.0,297.5,22.3,0,0,2019,4,2,95,1,0.9979171608653922,-0.06450844944931623,0.8660254037844387,-0.4999999999999998,1190,24.5,1010.6,28.6,29.0,28.514285714285712
2019-04-06,29.1,23.1,70.7,1011.5,193.6,305.5,22.3,0,0,2019,4,2,96,1,0.9966589017541702,-0.08167639533042241,0.8660254037844387,-0.4999999999999998,1191,23.7,1012.1,29.4,28.5,28.571428571428573
2019-04-07,29.2,23.6,72.6,1009.8,175.2,300.6,26.5,0,0,2019,4,2,97,1,0.9951053111006976,-0.09882013873287143,0.8660254037844387,-0.4999999999999998,1192,23.1,1011.5,29.1,28.7,28.657142857142855
2019-04-08,29.3,23.5,72.5,1008.7,205.0,309.4,24.5,0,0,2019,4,2,98,1,0.9932568492674143,-0.11593459959550041,0.8660254037844387,-0.4999999999999998,1193,23.6,1009.8,29.2,28.0,28.728571428571428
2019-04-09,29.3,23.3,71.6,1009.8,215.8,306.7,22.2,0,0,2019,4,2,99,1,0.9911140639934547,-0.1330147065341959,0.8660254037844387,-0.4999999999999998,1194,23.5,1008.7,29.3,27.7,28.914285714285715
2019-04-10,29.1,23.8,73.8,1010.3,225.0,302.9,24.0,0,0,2019,4,2,100,1,0.9886775902323405,-0.1500553983446526,0.8660254037844387,-0.4999999999999998,1195,23.3,1009.8,29.3,29.1,29.142857142857142
2019-04-11,29.2,24.3,75.2,1009.5,261.3,278.0,27.1,100,1,2019,4,2,101,1,0.9859481499638304,-0.16705162550211924,0.8660254037844387,-0.4999999999999998,1196,23.8,1010.3,29.1,28.6,29.142857142857142
2019-04-12,29.5,24.7,75.7,1009.0,197.0,283.8,25.8,100,1,2019,4,2,102,1,0.9829265519799822,-0.18399835165768005,0.8660254037844387,-0.4999999999999998,1197,24.3,1009.5,29.2,29.4,29.228571428571428
2019-04-13,30.8,22.4,62.0,1008.7,234.8,297.5,18.4,100,1,2019,4,2,103,1,0.9796136916454901,-0.20089055513063506,0.8660254037844387,-0.4999999999999998,1198,24.7,1009.0,29.5,29.1,29.24285714285714
2019-04-14,30.3,23.6,68.0,1009.1,210.0,268.7,25.3,100,1,2019,4,2,104,1,0.9760105506323683,-0.21772323039653177,0.8660254037844387,-0.4999999999999998,1199,22.4,1008.7,30.8,29.2,29.485714285714288
2019-04-15,30.3,24.0,69.7,1009.0,251.3,200.9,23.3,100,1,2019,4,2,105,1,0.9721181966290613,-0.23449138957040985,0.8660254037844387,-0.4999999999999998,1200,23.6,1009.1,30.3,29.3,29.642857142857142
2019-04-16,30.2,24.3,71.2,1009.1,219.0,234.8,24.7,100,1,2019,4,2,106,1,0.9679377830240642,-0.25119006388481935,0.8660254037844387,-0.4999999999999998,1201,24.0,1009.0,30.3,29.3,29.785714285714285
2019-04-17,29.5,18.4,52.8,1011.1,316.0,320.8,27.6,0,0,2019,4,2,107,1,0.9634705485641488,-0.2678143051621742,0.8660254037844387,-0.4999999999999998,1202,24.3,1009.1,30.2,29.1,29.91428571428571
2019-04-18,29.0,20.7,61.2,1010.5,241.1,323.2,28.2,0,0,2019,4,2,108,1,0.9587178169872964,-0.2843591872810034,0.8660254037844387,-0.4999999999999998,1203,18.4,1011.1,29.5,29.2,29.97142857142857
2019-04-19,30.3,21.5,60.6,1008.3,262.1,323.7,27.1,0,0,2019,4,2,109,1,0.9536809966304457,-0.30081980763566735,0.8660254037844387,-0.4999999999999998,1204,20.7,1010.5,29.0,29.5,29.942857142857147
2019-04-20,29.4,22.6,67.4,1007.1,201.6,323.78000000000003,24.6,0,0,2019,4,2,110,1,0.9483615800121715,-0.3171912885891061,0.8660254037844387,-0.4999999999999998,1205,21.5,1008.3,30.3,30.8,30.057142857142857
2019-04-21,29.1,22.8,69.4,1007.5,224.3,323.78000000000003,23.3,0,0,2019,4,2,111,1,0.9427611433904207,-0.3334687789181868,0.8660254037844387,-0.4999999999999998,1206,22.6,1007.1,29.4,30.3,29.857142857142858
2019-04-22,29.5,22.9,68.5,1007.7,234.7,323.78000000000003,27.1,0,0,2019,4,2,112,1,0.9368813462954315,-0.3496474552512284,0.8660254037844387,-0.4999999999999998,1207,22.8,1007.5,29.1,30.3,29.685714285714283
2019-04-23,29.8,24.2,72.6,1008.6,227.3,323.5,27.2,0,0,2019,4,2,113,1,0.9307239310379795,-0.36572252349726897,0.8660254037844387,-0.4999999999999998,1208,22.9,1007.7,29.5,30.2,29.571428571428573
2019-04-24,30.0,24.3,72.2,1009.2,294.0,314.8,24.6,0,0,2019,4,2,114,1,0.9242907221930933,-0.3816892202666588,0.8660254037844387,-0.4999999999999998,1209,24.2,1008.6,29.8,29.5,29.514285714285716
2019-04-25,30.7,22.9,63.8,1008.8,273.1,310.0,24.2,0,0,2019,4,2,115,1,0.9175836260593937,-0.39754281428255595,0.8660254037844387,-0.4999999999999998,1210,24.3,1009.2,30.0,29.0,29.58571428571429
2019-04-26,30.9,25.2,72.0,1007.2,284.4,305.1,25.8,0,0,2019,4,2,116,1,0.9106046300942162,-0.4132786077829042,0.8660254037844387,-0.4999999999999998,1211,22.9,1008.8,30.7,30.3,29.82857142857143
2019-04-27,32.0,24.2,64.2,1006.2,237.3,289.2,23.3,100,1,2019,4,2,117,1,0.9033558023246845,-0.4288919379124835,0.8660254037844387,-0.4999999999999998,1212,25.2,1007.2,30.9,29.4,29.914285714285715
2019-04-28,31.7,25.2,69.1,1006.4,236.0,266.6,27.1,100,1,2019,4,2,118,1,0.895839290734909,-0.4443781781046132,0.8660254037844387,-0.4999999999999998,1213,24.2,1006.2,32.0,29.1,30.285714285714285
2019-04-29,30.7,25.7,75.0,1007.2,226.9,294.8,24.1,0,0,2019,4,2,119,1,0.8880573226294932,-0.45973273945210397,0.8660254037844387,-0.4999999999999998,1214,25.2,1006.4,31.7,29.5,30.657142857142855
2019-04-30,30.1,24.7,73.4,1007.2,187.8,309.6,25.3,0,0,2019,4,2,120,1,0.8800122039735357,-0.47495107206704995,0.8660254037844387,-0.4999999999999998,1215,25.7,1007.2,30.7,29.8,30.82857142857143
2019-05-01,29.8,23.6,69.9,1006.2,239.6,306.7,25.9,0,0,2019,5,2,121,1,0.8717063187093218,-0.4900286664290592,0.49999999999999994,-0.8660254037844387,1216,24.7,1007.2,30.1,30.0,30.87142857142857
2019-05-02,29.6,22.4,65.8,1006.7,223.9,323.78000000000003,20.7,0,0,2019,5,2,122,1,0.8631421280499114,-0.5049610547215204,0.49999999999999994,-0.8660254037844387,1217,23.6,1006.2,29.8,30.7,30.842857142857138
2019-05-03,29.5,22.5,66.7,1008.0,228.0,323.78000000000003,29.0,0,0,2019,5,2,123,1,0.854322169749827,-0.5197438121555155,0.49999999999999994,-0.8660254037844387,1218,22.4,1006.7,29.6,30.9,30.685714285714287
2019-05-04,30.1,22.9,66.0,1010.8,242.5,298.9,22.9,0,0,2019,5,2,124,1,0.8452490573530633,-0.5343725582809786,0.49999999999999994,-0.8660254037844387,1219,22.5,1008.0,29.5,32.0,30.485714285714288
2019-05-05,30.1,23.2,67.0,1011.8,273.2,319.6,24.6,0,0,2019,5,2,125,1,0.8359254794186372,-0.548842958284719,0.49999999999999994,-0.8660254037844387,1220,22.9,1010.8,30.1,31.7,30.214285714285715
2019-05-06,29.6,23.8,71.4,1009.5,247.0,315.5,27.7,0,0,2019,5,2,126,1,0.8263541987239096,-0.5631507242749186,0.49999999999999994,-0.8660254037844387,1221,23.2,1011.8,30.1,30.7,29.985714285714288
2019-05-07,29.9,23.9,70.7,1009.4,220.4,314.6,24.0,0,0,2019,5,2,127,1,0.8165380514459161,-0.5772916165517272,0.49999999999999994,-0.8660254037844387,1222,23.8,1009.5,29.6,30.1,29.82857142857143
2019-05-08,30.1,23.5,68.2,1010.4,280.5,284.1,26.0,0,0,2019,5,2,128,1,0.8064799463209448,-0.5912614448635781,0.49999999999999994,-0.8660254037844387,1223,23.9,1009.4,29.9,29.8,29.8
2019-05-09,29.9,22.5,65.1,1009.7,273.9,294.9,25.9,0,0,2019,5,2,129,1,0.7961828637826158,-0.6050560696488488,0.49999999999999994,-0.8660254037844387,1224,23.5,1010.4,30.1,29.6,29.84285714285715
2019-05-10,30.2,23.4,67.6,1009.1,286.8,321.0,24.0,0,0,2019,5,2,130,1,0.7856498550787147,-0.6186714032625031,0.49999999999999994,-0.8660254037844387,1225,22.5,1009.7,29.9,29.5,29.885714285714283
2019-05-11,29.9,23.1,67.6,1009.9,242.3,315.6,24.6,0,0,2019,5,2,131,1,0.7748840413670407,-0.6321034111873487,0.49999999999999994,-0.8660254037844387,1226,23.4,1009.1,30.2,30.1,29.985714285714288
2019-05-12,29.7,23.8,70.7,1009.1,219.4,322.1,27.1,0,0,2019,5,2,132,1,0.7638886127905428,-0.6453481132295501,0.49999999999999994,-0.8660254037844387,1227,23.1,1009.9,29.9,30.1,29.957142857142856
2019-05-13,30.1,24.0,70.2,1008.4,247.0,320.1,26.5,0,0,2019,5,2,133,1,0.7526668275320085,-0.6584015846980488,0.49999999999999994,-0.8660254037844387,1228,23.8,1009.1,29.7,29.6,29.900000000000002
2019-05-14,30.0,23.7,69.3,1008.5,245.3,323.78000000000003,24.6,0,0,2019,5,2,134,1,0.7412220108485958,-0.6712599575675313,0.49999999999999994,-0.8660254037844387,1229,24.0,1008.4,30.1,29.9,29.971428571428568
2019-05-15,29.9,23.7,69.6,1009.4,227.0,323.78000000000003,26.5,0,0,2019,5,2,135,1,0.7295575540864875,-0.6839194216246106,0.49999999999999994,-0.8660254037844387,1230,23.7,1008.5,30.0,30.1,29.985714285714288
2019-05-16,30.0,23.4,68.4,1010.1,255.2,323.78000000000003,24.1,0,0,2019,5,2,136,1,0.717676913675962,-0.6963762255968722,0.49999999999999994,-0.8660254037844387,1231,23.7,1009.4,29.9,29.9,29.95714285714286
2019-05-17,30.3,24.6,71.9,1010.0,233.1,302.9,24.2,0,0,2019,5,2,137,1,0.705583610107178,-0.7086266782644596,0.49999999999999994,-0.8660254037844387,1232,23.4,1010.1,30.0,30.2,29.97142857142857
2019-05-18,30.6,25.5,74.8,1008.9,215.6,304.2,20.5,0,0,2019,5,2,138,1,0.6932812268869777,-0.7206671495538609,0.49999999999999994,-0.8660254037844387,1233,24.6,1010.0,30.3,29.9,29.985714285714284
2019-05-19,31.2,24.9,70.5,1008.5,219.6,309.6,24.0,0,0,2019,5,2,139,1,0.6807734094770161,-0.7324940716135789,0.49999999999999994,-0.8660254037844387,1234,25.5,1008.9,30.6,29.7,30.08571428571429
2019-05-20,30.8,26.0,76.1,1008.5,237.1,309.6,28.3,0,0,2019,5,2,140,1,0.6680638642135335,-0.7441039398713607,0.49999999999999994,-0.8660254037844387,1235,24.9,1008.5,31.2,30.1,30.3
2019-05-21,30.8,26.4,77.7,1008.3,239.5,294.9,26.5,0,0,2019,5,2,141,1,0.6551563572090853,-0.7554933140726803,0.49999999999999994,-0.8660254037844387,1236,26.0,1008.5,30.8,30.0,30.400000000000002
2019-05-22,30.5,25.1,73.5,1008.2,281.0,257.2,28.3,0,0,2019,5,2,142,1,0.6420547132365637,-0.766658819300159,0.49999999999999994,-0.8660254037844387,1237,26.4,1008.3,30.8,29.9,30.514285714285712
2019-05-23,30.7,25.5,74.5,1007.6,246.6,249.3,25.8,0,0,2019,5,2,143,1,0.6287628145958344,-0.7775971469736269,0.49999999999999994,-0.8660254037844387,1238,25.1,1008.2,30.5,30.0,30.599999999999998
2019-05-24,30.9,25.2,72.4,1008.6,254.2,201.5,24.8,0,0,2019,5,2,144,1,0.6152845999633276,-0.7883050558305255,0.49999999999999994,-0.8660254037844387,1239,25.5,1007.6,30.7,30.3,30.7
2019-05-25,30.9,25.0,71.2,1007.8,259.5,236.8,26.4,0,0,2019,5,2,145,1,0.6016240632249226,-0.7987793728863649,0.49999999999999994,-0.8660254037844387,1240,25.2,1008.6,30.9,30.6,30.785714285714285
2019-05-26,30.6,24.1,68.9,1007.0,262.2,245.8,22.2,0,0,2019,5,2,146,1,0.5877852522924732,-0.8090169943749473,0.49999999999999994,-0.8660254037844387,1241,25.0,1007.8,30.9,31.2,30.828571428571426
2019-05-27,31.0,25.1,71.2,1006.9,277.3,270.0,21.8,0,0,2019,5,2,147,1,0.5737722679043246,-0.8190148866680801,0.49999999999999994,-0.8660254037844387,1242,24.1,1007.0,30.6,30.8,30.74285714285714
2019-05-28,30.9,24.9,71.0,1006.6,256.3,292.7,26.5,0,0,2019,5,2,148,1,0.5595892624101765,-0.8287700871745038,0.49999999999999994,-0.8660254037844387,1243,25.1,1006.9,31.0,30.8,30.77142857142857
2019-05-29,30.9,25.4,72.9,1005.7,273.2,291.7,27.1,0,0,2019,5,2,149,1,0.545240438540651,-0.8382797052177744,0.49999999999999994,-0.8660254037844387,1244,24.9,1006.6,30.9,30.5,30.785714285714285
2019-05-30,30.9,25.0,71.3,1005.6,265.5,267.9,27.1,0,0,2019,5,2,150,1,0.5307300481619334,-0.8475409228928311,0.49999999999999994,-0.8660254037844387,1245,25.4,1005.7,30.9,30.7,30.842857142857145
2019-05-31,30.8,24.6,69.9,1005.5,256.2,269.3,23.5,0,0,2019,5,2,151,1,0.5160623910158528,-0.8565509959010036,0.49999999999999994,-0.8660254037844387,1246,25.0,1005.6,30.9,30.9,30.87142857142857
2019-06-01,31.2,24.9,69.6,1007.0,246.9,285.7,23.5,0,0,2019,6,2,152,2,0.5012418134457758,-0.865307254363206,1.2246467991473532e-16,-1.0,1247,24.6,1005.5,30.8,30.9,30.857142857142858
2019-06-02,31.3,25.3,70.9,1006.6,261.3,295.2,23.3,0,0,2019,6,2,153,2,0.48627270710868997,-0.8738071036110808,1.2246467991473532e-16,-1.0,1248,24.9,1007.0,31.2,30.6,30.900000000000002
2019-06-03,31.5,25.6,71.2,1006.9,248.7,228.6,22.9,0,0,2019,6,2,154,2,0.4711595076738638,-0.8820480249558537,1.2246467991473532e-16,-1.0,1249,25.3,1006.6,31.3,31.0,31.0
2019-06-04,31.2,25.1,70.3,1006.6,262.7,187.0,24.0,0,0,2019,6,2,155,2,0.4559066935084588,-0.8900275764346767,1.2246467991473532e-16,-1.0,1250,25.6,1006.9,31.5,30.9,31.071428571428573
2019-06-05,31.2,25.6,72.4,1005.6,282.6,230.9,25.8,0,0,2019,6,2,156,2,0.440518784350495,-0.8977433935342337,1.2246467991473532e-16,-1.0,1251,25.1,1006.6,31.2,30.9,31.114285714285717
2019-06-06,31.5,25.9,72.7,1006.2,271.0,194.0,25.9,100,1,2019,6,2,157,2,0.42500033996955416,-0.9051931898913974,1.2246467991473532e-16,-1.0,1252,25.6,1005.6,31.2,30.9,31.157142857142855
2019-06-07,31.7,26.1,72.8,1006.1,260.8,253.4,23.5,100,1,2019,6,2,158,2,0.4093559588156213,-0.9123747579707273,1.2246467991473532e-16,-1.0,1253,25.9,1006.2,31.5,30.8,31.24285714285714
2019-06-08,32.1,26.3,72.0,1005.4,281.7,193.6,25.9,100,1,2019,6,2,159,2,0.39359027665646673,-0.9192859697186104,1.2246467991473532e-16,-1.0,1254,26.1,1006.1,31.7,31.2,31.37142857142857
2019-06-09,32.1,26.4,72.3,1004.5,242.0,135.8,25.3,100,1,2019,6,2,160,2,0.3777079652039649,-0.9259247771938498,1.2246467991473532e-16,-1.0,1255,26.3,1005.4,32.1,31.3,31.5
2019-06-10,30.8,25.8,75.4,1002.9,217.5,148.5,22.3,100,1,2019,6,2,161,2,0.36171373072976765,-0.9322892131745133,1.2246467991473532e-16,-1.0,1256,26.4,1004.5,32.1,31.5,31.614285714285717
2019-06-11,30.2,25.5,77.2,1000.7,153.8,203.5,21.7,100,1,2019,6,2,162,2,0.3456123126707335,-0.9383773917408641,1.2246467991473532e-16,-1.0,1257,25.8,1002.9,30.8,31.2,31.514285714285712
2019-06-12,28.9,24.5,78.2,1000.4,146.5,223.2,77.0,100,1,2019,6,2,163,2,0.3294084822245304,-0.9441875088341993,1.2246467991473532e-16,-1.0,1258,25.5,1000.7,30.2,31.2,31.37142857142857
2019-06-13,29.1,25.4,80.7,1001.6,171.0,286.9,38.0,100,1,2019,6,2,164,2,0.3131070409358269,-0.9497178427914316,1.2246467991473532e-16,-1.0,1259,24.5,1000.4,28.9,31.5,31.042857142857144
2019-06-14,29.2,26.1,83.8,1002.8,177.9,291.6,30.4,100,1,2019,6,2,165,2,0.29671281927349075,-0.9549667548552551,1.2246467991473532e-16,-1.0,1260,25.4,1001.6,29.1,31.7,30.7
2019-06-15,29.3,26.5,85.3,1004.4,179.4,283.8,31.9,100,1,2019,6,2,166,2,0.28023067519921585,-0.9599326896597447,1.2246467991473532e-16,-1.0,1261,26.1,1002.8,29.2,32.1,30.342857142857145
2019-06-16,30.3,26.4,79.6,1006.1,195.3,296.2,30.1,100,1,2019,6,2,167,2,0.26366549272800704,-0.9646141756912435,1.2246467991473532e-16,-1.0,1262,26.5,1004.4,29.3,32.1,29.942857142857147
2019-06-17,30.5,26.3,78.7,1006.7,203.0,300.3,29.5,100,1,2019,6,2,168,2,0.24702218048093552,-0.9690098257244062,1.2246467991473532e-16,-1.0,1263,26.4,1006.1,30.3,30.8,29.685714285714283
2019-06-18,29.0,25.9,83.8,1004.7,216.4,304.8,30.8,100,1,2019,6,2,169,2,0.23030567023061221,-0.9731183372332619,1.2246467991473532e-16,-1.0,1264,26.3,1006.7,30.5,30.2,29.642857142857142
2019-06-19,29.0,26.1,84.9,1004.0,212.3,275.4,22.3,100,1,2019,6,2,170,2,0.21352091543979612,-0.9769384927771817,1.2246467991473532e-16,-1.0,1265,25.9,1004.7,29.0,28.9,29.471428571428568
2019-06-20,30.4,26.0,77.7,1005.0,261.7,259.4,22.3,100,1,2019,6,2,171,2,0.19667288979357647,-0.980469160361632,1.2246467991473532e-16,-1.0,1266,26.1,1004.0,29.0,29.1,29.485714285714284
2019-06-21,30.6,25.7,75.5,1004.8,237.5,301.4,25.4,0,0,2019,6,2,172,2,0.1797665857255624,-0.9837092937736097,1.2246467991473532e-16,-1.0,1267,26.0,1005.0,30.4,29.2,29.67142857142857
2019-06-22,30.7,25.2,72.8,1003.8,271.5,286.9,25.8,100,1,2019,6,2,173,2,0.16280701293851715,-0.986657932891657,1.2246467991473532e-16,-1.0,1268,25.7,1004.8,30.6,29.3,29.87142857142857
2019-06-23,30.8,25.1,72.1,1003.1,276.5,171.2,22.9,100,1,2019,6,2,174,2,0.1457991969198751,-0.9893142039703663,1.2246467991473532e-16,-1.0,1269,25.2,1003.8,30.7,30.3,30.071428571428573
2019-06-24,29.6,25.2,77.5,1004.2,216.8,131.7,17.8,100,1,2019,6,2,175,2,0.12874817745258132,-0.99167731989929,1.2246467991473532e-16,-1.0,1270,25.1,1003.1,30.8,30.5,30.142857142857142
2019-06-25,29.6,25.5,78.9,1005.2,208.8,270.2,19.0,100,1,2019,6,2,176,2,0.11165900712169512,-0.993746580436178,1.2246467991473532e-16,-1.0,1271,25.2,1004.2,29.6,29.0,30.014285714285716
2019-06-26,30.1,25.9,78.5,1004.8,198.0,179.3,24.1,100,1,2019,6,2,177,2,0.09453674981719912,-0.9955213724144752,1.2246467991473532e-16,-1.0,1272,25.5,1005.2,29.6,29.0,30.1
2019-06-27,29.0,25.8,83.3,1003.7,205.1,164.0,25.9,100,1,2019,6,2,178,2,0.07738647923346301,-0.9970011699250151,1.2246467991473532e-16,-1.0,1273,25.9,1004.8,30.1,30.4,30.25714285714286
2019-06-28,27.3,25.7,91.2,1003.5,255.1,147.2,29.5,100,1,2019,6,2,179,2,0.06021327736579302,-0.9981855344718586,1.2246467991473532e-16,-1.0,1274,25.8,1003.7,29.0,30.6,30.057142857142857
2019-06-29,26.8,25.0,90.3,1003.7,223.0,91.3,33.6,100,1,2019,6,2,180,2,0.04302223300453059,-0.99907411510223,1.2246467991473532e-16,-1.0,1275,25.7,1003.5,27.3,30.7,29.58571428571429
2019-06-30,27.3,25.5,90.1,1003.6,196.9,150.9,24.6,100,1,2019,6,2,181,2,0.02581844022713308,-0.9996666485105112,1.2246467991473532e-16,-1.0,1276,25.0,1003.7,26.8,30.8,29.02857142857143
2019-07-01,26.0,25.4,96.2,1002.6,224.3,120.4,25.7,100,1,2019,7,3,182,2,0.008606996888688698,-0.9999629591162655,-0.4999999999999997,-0.8660254037844388,1277,25.5,1003.6,27.3,29.6,28.528571428571432
2019-07-02,25.9,25.2,95.9,1003.7,132.7,141.8,14.8,100,1,2019,7,3,183,2,-0.008606996888688009,-0.9999629591162655,-0.4999999999999997,-0.8660254037844388,1278,25.4,1002.6,26.0,29.6,28.014285714285712
2019-07-03,27.2,25.7,91.8,1003.9,178.4,114.3,18.4,100,1,2019,7,3,184,2,-0.02581844022713239,-0.9996666485105112,-0.4999999999999997,-0.8660254037844388,1279,25.2,1003.7,25.9,30.1,27.485714285714288
2019-07-04,27.6,26.2,92.3,1003.1,203.7,201.9,25.8,100,1,2019,7,3,185,2,-0.04302223300453034,-0.99907411510223,-0.4999999999999997,-0.8660254037844388,1280,25.7,1003.9,27.2,29.0,27.071428571428573
2019-07-05,28.4,26.3,88.9,1001.8,252.0,248.5,29.9,100,1,2019,7,3,186,2,-0.060213277365792774,-0.9981855344718586,-0.4999999999999997,-0.8660254037844388,1281,26.2,1003.1,27.6,27.3,26.87142857142857
2019-07-06,28.0,26.1,89.5,1000.9,245.0,142.3,29.5,100,1,2019,7,3,187,2,-0.07738647923346322,-0.9970011699250151,-0.4999999999999997,-0.8660254037844388,1282,26.3,1001.8,28.4,26.8,27.02857142857143
2019-07-07,29.3,26.6,86.9,1002.1,245.8,110.1,31.7,100,1,2019,7,3,188,2,-0.09453674981719933,-0.9955213724144752,-0.4999999999999997,-0.8660254037844388,1283,26.1,1000.9,28.0,27.3,27.2
2019-07-08,28.3,26.5,90.3,1003.3,241.9,257.8,30.7,100,1,2019,7,3,189,2,-0.11165900712169444,-0.9937465804361781,-0.4999999999999997,-0.8660254037844388,1284,26.6,1002.1,29.3,26.0,27.485714285714288
2019-07-09,29.1,26.3,84.9,1002.6,229.9,149.8,26.5,100,1,2019,7,3,190,2,-0.12874817745258066,-0.99167731989929,-0.4999999999999997,-0.8660254037844388,1285,26.5,1003.3,28.3,25.9,27.814285714285713
2019-07-10,27.4,26.0,92.3,1002.8,251.1,183.2,25.8,100,1,2019,7,3,191,2,-0.14579919691987442,-0.9893142039703664,-0.4999999999999997,-0.8660254037844388,1286,26.3,1002.6,29.1,27.2,28.271428571428572
2019-07-11,29.1,26.6,86.2,1005.2,240.6,167.2,25.9,100,1,2019,7,3,192,2,-0.16280701293851646,-0.9866579328916572,-0.4999999999999997,-0.8660254037844388,1287,26.0,1002.8,27.4,27.6,28.3
2019-07-12,29.1,26.4,85.8,1006.4,222.3,215.3,24.1,100,1,2019,7,3,193,2,-0.17976658572556214,-0.9837092937736098,-0.4999999999999997,-0.8660254037844388,1288,26.6,1005.2,29.1,28.4,28.514285714285716
2019-07-13,28.7,26.4,87.1,1007.1,240.3,206.4,24.1,100,1,2019,7,3,194,2,-0.19667288979357622,-0.9804691603616321,-0.4999999999999997,-0.8660254037844388,1289,26.4,1006.4,29.1,28.0,28.614285714285717
2019-07-14,29.2,26.2,83.9,1007.0,249.8,194.8,21.3,100,1,2019,7,3,195,2,-0.2135209154397959,-0.9769384927771817,-0.4999999999999997,-0.8660254037844388,1290,26.4,1007.1,28.7,29.3,28.714285714285715
2019-07-15,29.7,26.1,81.2,1005.7,243.8,254.9,22.9,100,1,2019,7,3,196,2,-0.23030567023061196,-0.973118337233262,-0.4999999999999997,-0.8660254037844388,1291,26.2,1007.0,29.2,28.3,28.7
2019-07-16,29.1,26.1,84.2,1006.4,248.8,121.3,25.7,100,1,2019,7,3,197,2,-0.24702218048093527,-0.9690098257244063,-0.4999999999999997,-0.8660254037844388,1292,26.1,1005.7,29.7,29.1,28.900000000000002
2019-07-17,29.6,25.8,80.4,1006.2,239.7,161.2,23.6,100,1,2019,7,3,198,2,-0.2636654927280072,-0.9646141756912435,-0.4999999999999997,-0.8660254037844388,1293,26.1,1006.4,29.1,27.4,28.9
2019-07-18,29.8,25.7,79.2,1004.2,233.6,244.7,21.1,100,1,2019,7,3,199,2,-0.2802306751992161,-0.9599326896597445,-0.4999999999999997,-0.8660254037844388,1294,25.8,1006.2,29.6,29.1,29.214285714285715
2019-07-19,30.1,25.7,77.3,1002.7,219.0,275.9,23.5,100,1,2019,7,3,200,2,-0.2967128192734901,-0.9549667548552553,-0.4999999999999997,-0.8660254037844388,1295,25.7,1004.2,29.8,29.1,29.314285714285713
2019-07-20,29.0,26.0,84.1,1001.9,154.5,241.9,18.4,100,1,2019,7,3,201,2,-0.3131070409358267,-0.9497178427914317,-0.4999999999999997,-0.8660254037844388,1296,25.7,1002.7,30.1,28.7,29.457142857142856
2019-07-21,29.3,26.1,83.2,1000.4,189.7,213.8,19.0,100,1,2019,7,3,202,2,-0.3294084822245302,-0.9441875088341994,-0.4999999999999997,-0.8660254037844388,1297,26.0,1001.9,29.0,29.2,29.5
2019-07-22,29.6,26.0,81.6,1000.4,181.9,102.6,22.2,100,1,2019,7,3,203,2,-0.3456123126707333,-0.9383773917408642,-0.4999999999999997,-0.8660254037844388,1298,26.1,1000.4,29.3,29.7,29.514285714285712
2019-07-23,29.4,26.0,82.1,1000.5,179.6,213.8,21.7,100,1,2019,7,3,204,2,-0.3617137307297674,-0.9322892131745134,-0.4999999999999997,-0.8660254037844388,1299,26.0,1000.4,29.6,29.1,29.5
2019-07-24,27.0,25.8,93.3,1003.5,250.1,144.0,29.5,100,1,2019,7,3,205,2,-0.37770796520396466,-0.9259247771938499,-0.4999999999999997,-0.8660254037844388,1300,26.0,1000.5,29.4,29.6,29.542857142857144
2019-07-25,27.8,25.8,89.3,1005.8,245.1,188.4,21.8,100,1,2019,7,3,206,2,-0.39359027665646645,-0.9192859697186105,-0.4999999999999997,-0.8660254037844388,1301,25.8,1003.5,27.0,29.8,29.17142857142857
2019-07-26,28.0,25.8,88.2,1004.7,252.2,153.0,31.7,100,1,2019,7,3,207,2,-0.4093559588156211,-0.9123747579707274,-0.4999999999999997,-0.8660254037844388,1302,25.8,1005.8,27.8,30.1,28.88571428571429
2019-07-27,27.8,25.6,87.7,1004.7,251.8,124.5,33.6,100,1,2019,7,3,208,2,-0.42500033996955394,-0.9051931898913975,-0.4999999999999997,-0.8660254037844388,1303,25.8,1004.7,28.0,29.0,28.58571428571429
2019-07-28,28.8,25.8,83.7,1004.6,260.8,192.7,30.0,100,1,2019,7,3,209,2,-0.4405187843504952,-0.8977433935342336,-0.4999999999999997,-0.8660254037844388,1304,25.6,1004.7,27.8,29.3,28.414285714285715
2019-07-29,28.1,25.7,86.7,1003.8,270.5,156.3,29.9,100,1,2019,7,3,210,2,-0.455906693508459,-0.8900275764346766,-0.4999999999999997,-0.8660254037844388,1305,25.8,1004.6,28.8,29.6,28.342857142857145
2019-07-30,26.9,25.3,91.4,1004.5,260.4,117.3,29.5,100,1,2019,7,3,211,2,-0.47115950767386394,-0.8820480249558535,-0.4999999999999997,-0.8660254037844388,1306,25.7,1003.8,28.1,29.4,28.12857142857143
2019-07-31,28.0,25.4,86.2,1005.7,254.3,167.6,31.8,100,1,2019,7,3,212,2,-0.4862727071086902,-0.8738071036110807,-0.4999999999999997,-0.8660254037844388,1307,25.3,1004.5,26.9,27.0,27.771428571428572
2019-08-01,28.5,25.6,84.5,1005.1,254.1,289.0,32.9,100,1,2019,8,3,213,2,-0.5012418134457756,-0.8653072543632061,-0.8660254037844385,-0.5000000000000004,1308,25.4,1005.7,28.0,27.8,27.914285714285715
2019-08-02,26.9,25.2,90.3,1003.9,251.6,214.4,35.3,100,1,2019,8,3,214,2,-0.5160623910158526,-0.8565509959010037,-0.8660254037844385,-0.5000000000000004,1309,25.6,1005.1,28.5,28.0,28.014285714285712
2019-08-03,26.5,25.2,92.8,1003.3,245.5,84.74,29.5,100,1,2019,8,3,215,2,-0.5307300481619331,-0.8475409228928312,-0.8660254037844385,-0.5000000000000004,1310,25.2,1003.9,26.9,27.8,27.857142857142858
2019-08-04,27.1,25.8,92.5,1002.5,255.9,118.6,39.6,100,1,2019,8,3,216,2,-0.5452404385406507,-0.8382797052177745,-0.8660254037844385,-0.5000000000000004,1311,25.2,1003.3,26.5,28.8,27.671428571428574
2019-08-05,28.0,25.9,88.5,1002.4,261.0,173.1,27.7,100,1,2019,8,3,217,2,-0.5595892624101763,-0.828770087174504,-0.8660254037844385,-0.5000000000000004,1312,25.8,1002.5,27.1,28.1,27.428571428571427
2019-08-06,27.9,25.8,88.1,1002.0,256.2,153.2,27.7,100,1,2019,8,3,218,2,-0.5737722679043243,-0.8190148866680802,-0.8660254037844385,-0.5000000000000004,1313,25.9,1002.4,28.0,26.9,27.414285714285715
2019-08-07,28.1,25.8,87.3,1001.1,253.0,126.9,30.8,100,1,2019,8,3,219,2,-0.5877852522924734,-0.8090169943749472,-0.8660254037844385,-0.5000000000000004,1314,25.8,1002.0,27.9,28.0,27.557142857142857
2019-08-08,28.2,25.8,87.0,1000.4,255.3,136.8,31.7,100,1,2019,8,3,220,2,-0.6016240632249227,-0.7987793728863648,-0.8660254037844385,-0.5000000000000004,1315,25.8,1001.1,28.1,28.5,27.571428571428573
2019-08-09,28.1,25.8,87.3,1000.5,245.0,96.9,31.7,100,1,2019,8,3,221,2,-0.6152845999633277,-0.7883050558305253,-0.8660254037844385,-0.5000000000000004,1316,25.8,1000.4,28.2,26.9,27.52857142857143
2019-08-10,28.4,25.5,83.9,1002.0,240.0,225.5,29.5,100,1,2019,8,3,222,2,-0.6287628145958345,-0.7775971469736268,-0.8660254037844385,-0.5000000000000004,1317,25.8,1000.5,28.1,26.5,27.699999999999996
2019-08-11,28.6,25.3,82.6,1004.3,237.5,262.7,26.6,100,1,2019,8,3,223,2,-0.6420547132365636,-0.7666588193001592,-0.8660254037844385,-0.5000000000000004,1318,25.5,1002.0,28.4,27.1,27.971428571428568
2019-08-12,28.6,25.6,83.5,1005.1,247.8,215.2,22.8,100,1,2019,8,3,224,2,-0.655156357209085,-0.7554933140726804,-0.8660254037844385,-0.5000000000000004,1319,25.3,1004.3,28.6,28.0,28.185714285714287
2019-08-13,28.3,25.7,85.6,1005.3,252.1,240.8,25.8,100,1,2019,8,3,225,2,-0.6680638642135333,-0.7441039398713608,-0.8660254037844385,-0.5000000000000004,1320,25.6,1005.1,28.6,27.9,28.271428571428572
2019-08-14,28.3,25.6,85.7,1006.0,254.0,125.1,22.3,100,1,2019,8,3,226,2,-0.6807734094770159,-0.7324940716135792,-0.8660254037844385,-0.5000000000000004,1321,25.7,1005.3,28.3,28.1,28.328571428571426
2019-08-15,28.2,25.5,85.2,1006.7,258.2,239.9,26.6,100,1,2019,8,3,227,2,-0.6932812268869771,-0.7206671495538615,-0.8660254037844385,-0.5000000000000004,1322,25.6,1006.0,28.3,28.2,28.357142857142858
2019-08-16,28.3,25.3,84.3,1006.4,246.8,261.1,26.6,100,1,2019,8,3,228,2,-0.7055836101071774,-0.70862667826446,-0.8660254037844385,-0.5000000000000004,1323,25.5,1006.7,28.2,28.1,28.357142857142858
2019-08-17,28.6,25.0,80.8,1006.2,234.7,281.4,24.8,100,1,2019,8,3,229,2,-0.7176769136759615,-0.6963762255968726,-0.8660254037844385,-0.5000000000000004,1324,25.3,1006.4,28.3,28.4,28.385714285714283
2019-08-18,28.6,24.9,80.6,1007.9,240.3,285.0,24.1,100,1,2019,8,3,230,2,-0.7295575540864876,-0.6839194216246105,-0.8660254037844385,-0.5000000000000004,1325,25.0,1006.2,28.6,28.6,28.414285714285715
2019-08-19,28.7,25.0,80.3,1009.0,241.1,257.9,20.5,100,1,2019,8,3,231,2,-0.7412220108485957,-0.6712599575675315,-0.8660254037844385,-0.5000000000000004,1326,24.9,1007.9,28.6,28.6,28.414285714285718
2019-08-20,29.1,24.4,76.2,1008.9,260.8,162.1,25.4,100,1,2019,8,3,232,2,-0.7526668275320083,-0.6584015846980489,-0.8660254037844385,-0.5000000000000004,1327,25.0,1009.0,28.7,28.3,28.428571428571427
2019-08-21,28.9,24.8,79.0,1008.1,260.3,282.6,24.1,100,1,2019,8,3,233,2,-0.7638886127905429,-0.64534811322955,-0.8660254037844385,-0.5000000000000004,1328,24.4,1008.9,29.1,28.3,28.542857142857144
2019-08-22,29.0,24.6,77.6,1007.4,263.9,273.7,24.7,100,1,2019,8,3,234,2,-0.7748840413670406,-0.6321034111873488,-0.8660254037844385,-0.5000000000000004,1329,24.8,1008.1,28.9,28.2,28.62857142857143
2019-08-23,29.1,24.7,77.5,1007.3,232.0,269.6,25.3,100,1,2019,8,3,235,2,-0.7856498550787144,-0.6186714032625032,-0.8660254037844385,-0.5000000000000004,1330,24.6,1007.4,29.0,28.3,28.742857142857144
2019-08-24,28.7,24.4,77.5,1007.0,243.2,279.8,24.8,100,1,2019,8,3,236,2,-0.7961828637826154,-0.6050560696488494,-0.8660254037844385,-0.5000000000000004,1331,24.7,1007.3,29.1,28.6,28.857142857142858
2019-08-25,28.1,24.2,79.6,1006.0,217.6,194.9,21.8,100,1,2019,8,3,237,2,-0.8064799463209447,-0.5912614448635782,-0.8660254037844385,-0.5000000000000004,1332,24.4,1007.0,28.7,28.6,28.871428571428574
2019-08-26,28.5,24.2,78.4,1005.7,194.3,184.6,26.5,100,1,2019,8,3,238,2,-0.8165380514459157,-0.5772916165517278,-0.8660254037844385,-0.5000000000000004,1333,24.2,1006.0,28.1,28.7,28.8
2019-08-27,28.7,24.1,76.3,1004.6,225.5,286.1,24.8,100,1,2019,8,3,239,2,-0.8263541987239094,-0.5631507242749187,-0.8660254037844385,-0.5000000000000004,1334,24.2,1005.7,28.5,29.1,28.771428571428572
2019-08-28,28.7,24.7,79.4,1004.8,180.7,293.9,25.5,100,1,2019,8,3,240,2,-0.8359254794186365,-0.5488429582847199,-0.8660254037844385,-0.5000000000000004,1335,24.1,1004.6,28.7,28.9,28.714285714285715
2019-08-29,29.1,25.5,81.4,1005.1,197.0,240.4,20.5,100,1,2019,8,3,241,2,-0.8452490573530634,-0.5343725582809785,-0.8660254037844385,-0.5000000000000004,1336,24.7,1004.8,28.7,29.0,28.685714285714287
2019-08-30,28.2,25.6,86.4,1003.8,210.9,243.0,25.3,100,1,2019,8,3,242,2,-0.8543221697498269,-0.5197438121555157,-0.8660254037844385,-0.5000000000000004,1337,25.5,1005.1,29.1,29.1,28.7
2019-08-31,28.1,25.5,86.4,1002.2,242.8,154.3,21.1,100,1,2019,8,3,243,2,-0.8631421280499115,-0.5049610547215202,-0.8660254037844385,-0.5000000000000004,1338,25.6,1003.8,28.2,28.7,28.571428571428573
2019-09-01,26.9,24.9,88.8,1003.9,238.4,116.7,29.3,100,1,2019,9,3,244,2,-0.8717063187093217,-0.4900286664290594,-1.0,-1.8369701987210297e-16,1339,25.5,1002.2,28.1,28.1,28.485714285714288
2019-09-02,28.4,25.4,84.0,1004.8,221.4,162.3,24.1,100,1,2019,9,3,245,2,-0.8800122039735356,-0.4749510720670502,-1.0,-1.8369701987210297e-16,1340,24.9,1003.9,26.9,28.5,28.314285714285713
2019-09-03,26.5,25.3,93.4,1004.3,237.5,185.7,22.3,100,1,2019,9,3,246,2,-0.888057322629493,-0.4597327394521046,-1.0,-1.8369701987210297e-16,1341,25.4,1004.8,28.4,28.7,28.3
2019-09-04,25.8,24.9,94.8,1003.0,254.3,125.3,25.3,100,1,2019,9,3,247,2,-0.8958392907349089,-0.4443781781046134,-1.0,-1.8369701987210297e-16,1342,25.3,1004.3,26.5,28.7,27.985714285714288
2019-09-05,27.1,25.8,92.7,1002.0,249.4,171.2,24.1,100,1,2019,9,3,248,2,-0.9033558023246842,-0.4288919379124841,-1.0,-1.8369701987210297e-16,1343,24.9,1003.0,25.8,29.1,27.571428571428573
2019-09-06,27.2,25.5,90.8,1002.5,232.8,163.4,24.0,100,1,2019,9,3,249,2,-0.9106046300942162,-0.41327860778290443,-1.0,-1.8369701987210297e-16,1344,25.8,1002.0,27.1,28.2,27.285714285714285
2019-09-07,26.9,25.4,91.9,1002.9,219.2,235.8,25.9,100,1,2019,9,3,250,2,-0.9175836260593934,-0.3975428142825566,-1.0,-1.8369701987210297e-16,1345,25.5,1002.5,27.2,28.1,27.142857142857142
2019-09-08,26.6,25.6,94.0,1004.4,224.7,182.9,22.8,100,1,2019,9,3,251,2,-0.9242907221930934,-0.3816892202666586,-1.0,-1.8369701987210297e-16,1346,25.4,1002.9,26.9,26.9,26.97142857142857
2019-09-09,27.2,25.6,91.2,1004.5,243.8,186.0,29.0,100,1,2019,9,3,252,2,-0.9307239310379793,-0.3657225234972692,-1.0,-1.8369701987210297e-16,1347,25.6,1004.4,26.6,28.4,26.928571428571427
2019-09-10,27.9,25.5,87.2,1004.2,234.3,247.8,24.8,100,1,2019,9,3,253,2,-0.9368813462954315,-0.34964745525122826,-1.0,-1.8369701987210297e-16,1348,25.6,1004.5,27.2,26.5,26.75714285714286
2019-09-11,27.2,25.1,88.8,1007.1,221.4,193.1,27.2,100,1,2019,9,3,254,2,-0.9427611433904206,-0.33346877891818705,-1.0,-1.8369701987210297e-16,1349,25.5,1004.2,27.9,25.8,26.957142857142856
2019-09-12,27.4,25.5,89.4,1008.4,237.7,112.4,25.9,100,1,2019,9,3,255,2,-0.9483615800121716,-0.31719128858910595,-1.0,-1.8369701987210297e-16,1350,25.1,1007.1,27.2,27.1,27.157142857142855
2019-09-13,27.3,25.4,89.8,1008.7,239.2,224.2,23.5,100,1,2019,9,3,256,2,-0.9536809966304455,-0.300819807635668,-1.0,-1.8369701987210297e-16,1351,25.5,1008.4,27.4,27.2,27.199999999999996
2019-09-14,28.4,26.0,87.2,1008.4,257.2,256.7,24.1,100,1,2019,9,3,257,2,-0.9587178169872964,-0.2843591872810036,-1.0,-1.8369701987210297e-16,1352,25.4,1008.7,27.3,26.9,27.214285714285715
2019-09-15,26.5,24.5,88.7,1009.1,212.3,254.2,22.3,100,1,2019,9,3,258,2,-0.9634705485641486,-0.26781430516217486,-1.0,-1.8369701987210297e-16,1353,26.0,1008.4,28.4,26.6,27.428571428571427
2019-09-16,27.9,25.7,87.9,1008.0,276.5,278.6,23.5,100,1,2019,9,3,259,2,-0.9679377830240642,-0.25119006388481957,-1.0,-1.8369701987210297e-16,1354,24.5,1009.1,26.5,27.2,27.414285714285715
2019-09-17,27.6,25.6,88.7,1007.0,245.5,243.6,23.3,100,1,2019,9,3,260,2,-0.9721181966290612,-0.23449138957041052,-1.0,-1.8369701987210297e-16,1355,25.7,1008.0,27.9,27.9,27.51428571428571
2019-09-18,27.4,25.8,91.4,1006.9,221.9,179.4,92.5,100,1,2019,9,3,261,2,-0.9760105506323682,-0.21772323039653224,-1.0,-1.8369701987210297e-16,1356,25.6,1007.0,27.6,27.2,27.47142857142857
2019-09-19,27.3,25.0,87.9,1005.8,143.7,130.7,17.8,100,1,2019,9,3,262,2,-0.9796136916454901,-0.20089055513063528,-1.0,-1.8369701987210297e-16,1357,25.8,1006.9,27.4,27.4,27.5
2019-09-20,26.9,25.3,91.1,1005.7,161.5,84.74,22.9,100,1,2019,9,3,263,2,-0.9829265519799822,-0.18399835165767986,-1.0,-1.8369701987210297e-16,1358,25.0,1005.8,27.3,27.3,27.485714285714288
2019-09-21,28.4,24.3,78.9,1005.0,159.0,287.2,23.3,100,1,2019,9,3,264,2,-0.9859481499638303,-0.1670516255021195,-1.0,-1.8369701987210297e-16,1359,25.3,1005.7,26.9,28.4,27.428571428571427
2019-09-22,28.6,24.3,78.2,1007.0,173.4,238.9,22.5,100,1,2019,9,3,265,2,-0.9886775902323404,-0.15005539834465262,-1.0,-1.8369701987210297e-16,1360,24.3,1005.0,28.4,26.5,27.428571428571427
2019-09-23,28.9,25.0,80.1,1008.8,188.3,282.1,19.0,100,1,2019,9,3,266,2,-0.9911140639934546,-0.13301470653419636,-1.0,-1.8369701987210297e-16,1361,24.3,1007.0,28.6,27.9,27.728571428571428
2019-09-24,29.0,25.3,81.0,1007.9,218.4,183.1,24.6,100,1,2019,9,3,267,2,-0.9932568492674143,-0.11593459959550066,-1.0,-1.8369701987210297e-16,1362,25.0,1008.8,28.9,27.6,27.87142857142857
2019-09-25,27.5,25.7,90.0,1007.1,197.2,84.74,24.8,100,1,2019,9,3,268,2,-0.9951053111006974,-0.09882013873287211,-1.0,-1.8369701987210297e-16,1363,25.3,1007.9,29.0,27.4,28.071428571428573
2019-09-26,28.1,25.2,84.8,1008.5,158.9,105.8,22.8,100,1,2019,9,3,269,2,-0.99665890175417,-0.08167639533042288,-1.0,-1.8369701987210297e-16,1364,25.7,1007.1,27.5,27.3,28.08571428571429
2019-09-27,27.3,24.4,84.4,1011.7,183.1,218.4,23.5,100,1,2019,9,3,270,2,-0.9979171608653922,-0.06450844944931625,-1.0,-1.8369701987210297e-16,1365,25.2,1008.5,28.1,26.9,28.2
2019-09-28,28.1,24.4,81.0,1011.1,183.5,262.9,22.9,100,1,2019,9,3,271,2,-0.9988797155850335,-0.04732138832243232,-1.0,-1.8369701987210297e-16,1366,24.4,1011.7,27.3,28.4,28.25714285714286
2019-09-29,28.6,24.7,80.2,1011.7,180.7,225.7,24.7,100,1,2019,9,3,272,2,-0.9995462806873573,-0.03012030484690836,-1.0,-1.8369701987210297e-16,1367,24.4,1011.1,28.1,28.6,28.214285714285715
2019-09-30,28.2,25.2,84.2,1011.3,201.9,237.0,26.6,100,1,2019,9,3,273,2,-0.9999166586547379,-0.012910296075008843,-1.0,-1.8369701987210297e-16,1368,24.7,1011.7,28.6,28.9,28.214285714285715
2019-10-01,29.0,24.9,78.8,1011.4,218.9,246.3,21.8,100,1,2019,10,4,274,3,-0.9999907397361901,0.004303538296243821,-0.8660254037844386,0.5000000000000001,1369,25.2,1011.3,28.2,29.0,28.11428571428571
2019-10-02,28.9,24.6,78.5,1012.1,203.2,265.5,20.5,100,1,2019,10,4,275,3,-0.9997685019798909,0.021516097436222233,-0.8660254037844386,0.5000000000000001,1370,24.9,1011.4,29.0,27.5,28.11428571428571
2019-10-03,29.1,25.1,79.4,1011.0,189.4,224.9,22.3,100,1,2019,10,4,276,3,-0.9992500112396835,0.03872228089217399,-0.8660254037844386,0.5000000000000001,1371,24.6,1012.1,28.9,28.1,28.314285714285713
2019-10-04,29.1,25.0,79.0,1010.8,136.7,114.9,23.5,100,1,2019,10,4,277,3,-0.9984354211555643,0.05591699010060302,-0.8660254037844386,0.5000000000000001,1372,25.1,1011.0,29.1,27.3,28.457142857142856
2019-10-05,28.6,23.9,75.9,1009.8,166.2,114.9,22.2,100,1,2019,10,4,278,3,-0.9973249731081555,0.07309512989807776,-0.8660254037844386,0.5000000000000001,1373,25.0,1010.8,29.1,28.1,28.714285714285715
2019-10-06,29.0,23.7,73.9,1009.9,202.9,116.5,19.0,100,1,2019,10,4,279,3,-0.9959189961471792,0.0902516100310407,-0.8660254037844386,0.5000000000000001,1374,23.9,1009.8,28.6,28.6,28.785714285714285
2019-10-07,30.0,25.1,75.3,1010.7,199.0,174.1,23.3,100,1,2019,10,4,280,3,-0.994217906893952,0.10738134666416306,-0.8660254037844386,0.5000000000000001,1375,23.7,1009.9,29.0,28.2,28.842857142857145
2019-10-08,29.9,25.1,75.9,1009.8,189.8,192.8,20.7,100,1,2019,10,4,281,3,-0.9922222094179324,0.12447926388678869,-0.8660254037844386,0.5000000000000001,1376,25.1,1010.7,30.0,29.0,29.1
2019-10-09,28.3,23.6,76.4,1009.6,152.8,120.0,21.1,100,1,2019,10,4,282,3,-0.989932495087353,0.141540295217043,-0.8660254037844386,0.5000000000000001,1377,25.1,1009.8,29.9,28.9,29.22857142857143
2019-10-10,29.1,24.2,75.4,1009.5,155.5,120.8,16.6,100,1,2019,10,4,283,3,-0.9873494423939864,0.15855938510313475,-0.8660254037844386,0.5000000000000001,1378,23.6,1009.6,28.3,29.1,29.142857142857142
2019-10-11,29.4,23.3,70.6,1009.4,201.5,178.4,18.4,100,1,2019,10,4,284,3,-0.9844738167520923,0.17553149042142777,-0.8660254037844386,0.5000000000000001,1379,24.2,1009.5,29.1,29.1,29.142857142857142
2019-10-12,29.2,24.0,74.5,1010.0,150.4,181.0,21.1,100,1,2019,10,4,285,3,-0.9813064702716093,0.19245158197082995,-0.8660254037844386,0.5000000000000001,1380,23.3,1009.4,29.4,28.6,29.185714285714283
2019-10-13,29.9,23.5,69.5,1010.8,172.9,136.3,18.4,100,1,2019,10,4,286,3,-0.9778483415056567,0.20931464596304888,-0.8660254037844386,0.5000000000000001,1381,24.0,1010.0,29.2,29.0,29.271428571428572
2019-10-14,31.2,24.0,66.9,1010.8,142.0,183.3,20.1,100,1,2019,10,4,287,3,-0.9741004551724206,0.22611568550828803,-0.8660254037844386,0.5000000000000001,1382,23.5,1010.8,29.9,30.0,29.4
2019-10-15,31.7,20.3,52.1,1010.4,116.5,192.1,21.7,0,0,2019,10,4,288,3,-0.970063921851507,0.2428497220959358,-0.8660254037844386,0.5000000000000001,1383,24.0,1010.8,31.2,29.9,29.571428571428573
2019-10-16,31.3,19.6,50.8,1010.2,103.3,222.2,20.5,0,0,2019,10,4,289,3,-0.965739937654855,0.25951179706979943,-0.8660254037844386,0.5000000000000001,1384,20.3,1010.4,31.7,28.3,29.828571428571426
2019-10-17,31.0,20.9,55.7,1010.0,164.8,145.9,19.5,0,0,2019,10,4,290,3,-0.9611297838723007,0.27609697309746883,-0.8660254037844386,0.5000000000000001,1385,19.6,1010.2,31.3,29.1,30.25714285714286
2019-10-18,28.6,22.1,68.2,1010.1,94.7,99.6,13.4,100,1,2019,10,4,291,3,-0.9562348265919058,0.2926003356333479,-0.8660254037844386,0.5000000000000001,1386,20.9,1010.0,31.0,29.4,30.52857142857143
2019-10-19,26.1,23.4,84.9,1011.5,82.6,97.1,17.1,100,1,2019,10,4,292,3,-0.9510565162951536,0.30901699437494723,-0.8660254037844386,0.5000000000000001,1387,22.1,1010.1,28.6,29.2,30.414285714285715
2019-10-20,25.7,23.0,85.4,1011.5,81.9,84.74,19.4,100,1,2019,10,4,293,3,-0.9455963874271428,0.3253420847119795,-0.8660254037844386,0.5000000000000001,1388,23.4,1011.5,26.1,29.9,29.971428571428568
2019-10-21,27.9,23.3,77.0,1009.3,155.4,124.7,21.1,100,1,2019,10,4,294,3,-0.9398560579418953,0.341570769167856,-0.8660254037844386,0.5000000000000001,1389,23.0,1011.5,25.7,31.2,29.371428571428574
2019-10-22,27.5,24.1,82.5,1008.2,148.3,128.7,15.3,100,1,2019,10,4,295,3,-0.9338372288229252,0.35769823883312546,-0.8660254037844386,0.5000000000000001,1390,23.3,1009.3,27.9,31.7,28.9
2019-10-23,26.6,24.2,86.7,1006.7,148.9,142.8,16.6,100,1,2019,10,4,296,3,-0.9275416835791965,0.3737197147904692,-0.8660254037844386,0.5000000000000001,1391,24.1,1008.2,27.5,31.3,28.3
2019-10-24,27.6,24.2,82.7,1005.7,121.0,84.74,13.5,100,1,2019,10,4,297,3,-0.9209712877166347,0.38963044953078774,-0.8660254037844386,0.5000000000000001,1392,24.2,1006.7,26.6,31.0,27.62857142857143
2019-10-25,27.6,23.0,76.7,1004.2,65.6,98.9,25.9,100,1,2019,10,4,298,3,-0.9141279881853337,0.4054257283599973,-0.8660254037844386,0.5000000000000001,1393,24.2,1005.7,27.6,28.6,27.142857142857142
2019-10-26,27.8,22.8,74.9,1006.1,98.8,106.1,24.1,100,1,2019,10,4,299,3,-0.9070138128026362,0.42110087079608916,-0.8660254037844386,0.5000000000000001,1394,23.0,1004.2,27.6,26.1,27.0
2019-10-27,28.5,23.3,75.0,1008.9,142.4,237.1,17.1,100,1,2019,10,4,300,3,-0.8996308696522434,0.4366512319560638,-0.8660254037844386,0.5000000000000001,1395,22.8,1006.1,27.8,25.7,27.242857142857144
2019-10-28,29.3,22.6,68.5,1010.4,167.0,218.6,16.6,100,1,2019,10,4,301,3,-0.8919813464595487,0.45207220393230374,-0.8660254037844386,0.5000000000000001,1396,23.3,1008.9,28.5,27.9,27.642857142857142
2019-10-29,29.8,23.9,71.1,1010.8,156.5,198.2,19.0,100,1,2019,10,4,302,3,-0.8840675099433637,0.46735921715800205,-0.8660254037844386,0.5000000000000001,1397,22.6,1010.4,29.3,27.5,27.842857142857145
2019-10-30,30.6,23.3,65.9,1009.7,119.2,172.9,14.7,100,1,2019,10,4,303,3,-0.8758917051442433,0.48250774176121763,-0.8660254037844386,0.5000000000000001,1398,23.9,1010.8,29.8,26.6,28.171428571428574
2019-10-31,30.2,21.5,60.4,1008.7,77.8,121.4,17.8,100,1,2019,10,4,304,3,-0.8674563547295971,0.4975132889071803,-0.8660254037844386,0.5000000000000001,1399,23.3,1009.7,30.6,27.6,28.74285714285714
2019-11-01,29.5,23.5,71.9,1008.2,141.0,84.74,22.9,100,1,2019,11,4,305,3,-0.858763958275803,0.5123714121284235,-0.5000000000000004,0.8660254037844384,1400,21.5,1008.7,30.2,27.6,29.114285714285717
2019-11-02,28.3,22.9,73.9,1011.1,147.8,204.6,23.6,100,1,2019,11,4,306,3,-0.8498170915275277,0.5270777086423724,-0.5000000000000004,0.8660254037844384,1401,23.5,1008.2,29.5,27.8,29.38571428571429
2019-11-03,28.8,23.4,73.2,1013.2,175.3,247.2,19.8,100,1,2019,11,4,307,3,-0.8406184056344783,0.5416278206559811,-0.5000000000000004,0.8660254037844384,1402,22.9,1011.1,28.3,28.5,29.457142857142856
2019-11-04,28.7,24.6,78.8,1013.7,161.7,219.2,25.8,100,1,2019,11,4,308,3,-0.8311706263658079,0.5560174366570446,-0.5000000000000004,0.8660254037844384,1403,23.4,1013.2,28.8,29.3,29.5
2019-11-05,29.6,24.2,73.7,1011.2,208.5,220.0,23.5,100,1,2019,11,4,309,3,-0.8214765533024145,0.5702422926917867,-0.5000000000000004,0.8660254037844384,1404,24.6,1013.7,28.7,29.8,29.414285714285715
2019-11-06,28.8,23.7,74.7,1009.1,193.6,213.3,20.5,0,0,2019,11,4,310,3,-0.8115390590073611,0.5842981736283683,-0.5000000000000004,0.8660254037844384,1405,24.2,1011.2,29.6,30.6,29.385714285714283
2019-11-07,28.7,23.6,75.0,1008.4,169.9,236.7,24.6,100,1,2019,11,4,311,3,-0.801361088174677,0.5981809144059158,-0.5000000000000004,0.8660254037844384,1406,23.7,1009.1,28.8,30.2,29.12857142857143
2019-11-08,27.7,23.9,80.3,1009.8,220.4,235.9,22.8,100,1,2019,11,4,312,3,-0.7909456567567774,0.6118864012687242,-0.5000000000000004,0.8660254037844384,1407,23.6,1008.4,28.7,29.5,28.91428571428571
2019-11-09,27.6,23.8,80.3,1010.7,180.8,241.1,18.4,100,1,2019,11,4,313,3,-0.780295851070776,0.6254105729852457,-0.5000000000000004,0.8660254037844384,1408,23.9,1009.8,27.7,28.3,28.657142857142855
2019-11-10,28.4,24.8,81.8,1011.0,187.0,240.3,18.4,0,0,2019,11,4,314,3,-0.7694148268839381,0.6387494220515268,-0.5000000000000004,0.8660254037844384,1409,23.8,1010.7,27.6,28.8,28.557142857142857
2019-11-11,28.8,23.3,73.4,1010.3,155.5,228.2,16.6,100,1,2019,11,4,315,3,-0.7583058084785625,0.6518989958787125,-0.5000000000000004,0.8660254037844384,1410,24.8,1011.0,28.4,28.7,28.5
2019-11-12,29.2,22.5,68.5,1010.9,161.4,213.8,14.9,100,1,2019,11,4,316,3,-0.7469720876965551,0.6648553979642866,-0.5000000000000004,0.8660254037844384,1411,23.3,1010.3,28.8,29.6,28.514285714285716
2019-11-13,29.6,22.3,66.5,1012.0,148.0,144.8,16.0,0,0,2019,11,4,317,3,-0.7354170229639858,0.6776147890466887,-0.5000000000000004,0.8660254037844384,1412,22.5,1010.9,29.2,28.8,28.457142857142856
2019-11-14,28.6,18.5,56.6,1012.2,155.3,214.5,14.2,0,0,2019,11,4,318,3,-0.7236440382959124,0.690173388242972,-0.5000000000000004,0.8660254037844384,1413,22.3,1012.0,29.6,28.7,28.571428571428573
2019-11-15,28.7,21.2,64.8,1011.6,146.5,205.5,14.1,0,0,2019,11,4,319,3,-0.711656622281775,0.7025274741691566,-0.5000000000000004,0.8660254037844384,1414,18.5,1012.2,28.6,27.7,28.557142857142857
2019-11-16,29.6,22.7,67.5,1011.6,167.3,207.8,13.6,0,0,2019,11,4,320,3,-0.6994583270516471,0.7146733860429608,-0.5000000000000004,0.8660254037844384,1415,21.2,1011.6,28.7,27.6,28.7
2019-11-17,30.3,22.3,63.5,1012.4,143.0,178.0,15.2,0,0,2019,11,4,321,3,-0.6870527672236675,0.7266075247685652,-0.5000000000000004,0.8660254037844384,1416,22.7,1011.6,29.6,28.4,28.985714285714288
2019-11-18,29.5,19.2,55.0,1012.3,147.2,189.3,21.9,0,0,2019,11,4,322,3,-0.6744436188329457,0.7383263540031063,-0.5000000000000004,0.8660254037844384,1417,22.3,1012.4,30.3,28.8,29.25714285714286
2019-11-19,28.9,19.8,59.4,1011.5,145.5,176.7,14.2,0,0,2019,11,4,323,3,-0.661634618242279,0.749826401204568,-0.5000000000000004,0.8660254037844384,1418,19.2,1012.3,29.5,29.2,29.357142857142858
2019-11-20,28.4,21.2,66.0,1010.8,151.5,202.3,14.1,0,0,2019,11,4,324,3,-0.6486295610349818,0.7611042586607742,-0.5000000000000004,0.8660254037844384,1419,19.8,1011.5,28.9,29.6,29.314285714285713
2019-11-21,29.2,21.1,63.2,1011.6,119.9,189.5,14.9,0,0,2019,11,4,325,3,-0.6354323008901775,0.7721565844991641,-0.5000000000000004,0.8660254037844384,1420,21.2,1010.8,28.4,28.6,29.142857142857142
2019-11-22,29.1,20.8,61.9,1013.1,159.0,198.5,15.9,0,0,2019,11,4,326,3,-0.622046748440868,0.7829801036770624,-0.5000000000000004,0.8660254037844384,1421,21.1,1011.6,29.2,28.7,29.22857142857143
2019-11-23,29.0,21.3,63.9,1012.8,158.9,194.4,15.9,0,0,2019,11,4,327,3,-0.6084768701151264,0.7935716089521472,-0.5000000000000004,0.8660254037844384,1422,20.8,1013.1,29.1,29.6,29.285714285714285
2019-11-24,28.7,20.7,63.3,1012.0,166.3,210.5,14.9,0,0,2019,11,4,328,3,-0.594726686960764,0.8039279618328208,-0.5000000000000004,0.8660254037844384,1423,21.3,1012.8,29.0,30.3,29.2
2019-11-25,28.4,20.4,63.2,1011.4,158.8,211.6,15.9,0,0,2019,11,4,329,3,-0.5808002734538013,0.8140460935082175,-0.5000000000000004,0.8660254037844384,1424,20.7,1012.0,28.7,29.5,28.971428571428568
2019-11-26,28.7,19.8,60.5,1010.5,126.6,214.1,15.3,0,0,2019,11,4,330,3,-0.5667017562911184,0.8239230057575536,-0.5000000000000004,0.8660254037844384,1425,20.4,1011.4,28.4,28.9,28.814285714285713
2019-11-27,28.5,19.6,60.2,1010.9,163.1,210.4,17.1,0,0,2019,11,4,331,3,-0.5524353131676203,0.8335557718385695,-0.5000000000000004,0.8660254037844384,1426,19.8,1010.5,28.7,28.4,28.785714285714285
2019-11-28,28.9,19.8,59.0,1011.4,148.9,212.9,14.8,0,0,2019,11,4,332,3,-0.5380051715382992,0.8429415373547832,-0.5000000000000004,0.8660254037844384,1427,19.6,1010.9,28.5,29.2,28.8
2019-11-29,29.1,20.8,62.0,1011.5,126.1,200.0,17.8,0,0,2019,11,4,333,3,-0.5234156073655503,0.8520775211013093,-0.5000000000000004,0.8660254037844384,1428,19.8,1011.4,28.9,29.1,28.757142857142856
2019-11-30,29.0,21.5,64.4,1011.2,139.8,192.4,13.6,100,1,2019,11,4,334,3,-0.5086709438521042,0.8609610158889945,-0.5000000000000004,0.8660254037844384,1429,20.8,1011.5,29.1,29.0,28.757142857142856
2019-12-01,29.3,22.5,67.7,1011.6,140.9,141.6,14.7,100,1,2019,12,4,335,0,-0.49377555015997737,0.8695893893466109,-2.4492935982947064e-16,1.0,1430,21.5,1011.2,29.0,28.7,28.757142857142856
2019-12-02,29.2,22.0,66.3,1011.2,133.0,207.9,16.6,0,0,2019,12,4,336,0,-0.4787338401157883,0.8779600847008883,-2.4492935982947064e-16,1.0,1431,22.5,1011.6,29.3,28.4,28.842857142857145
2019-12-03,29.3,21.1,62.6,1011.7,168.2,200.0,16.0,0,0,2019,12,4,337,0,-0.4635502709028512,0.8860706215341378,-2.4492935982947064e-16,1.0,1432,22.0,1011.2,29.2,28.7,28.957142857142856
2019-12-04,29.4,21.3,63.0,1012.4,157.7,121.2,17.2,0,0,2019,12,4,338,0,-0.4482293417404106,0.893918596519257,-2.4492935982947064e-16,1.0,1433,21.1,1011.7,29.3,28.5,29.042857142857144
2019-12-05,29.1,22.7,70.0,1014.0,104.9,95.2,14.8,100,1,2019,12,4,339,0,-0.4327755925504317,0.9015016841318838,-2.4492935982947064e-16,1.0,1434,21.3,1012.4,29.4,28.9,29.171428571428574
2019-12-06,29.2,19.1,56.0,1013.5,126.0,122.9,14.7,100,1,2019,12,4,340,0,-0.41719360261231697,0.9088176373395028,-2.4492935982947064e-16,1.0,1435,22.7,1014.0,29.1,29.1,29.2
2019-12-07,28.0,17.2,53.0,1012.8,154.3,191.5,16.0,0,0,2019,12,4,341,0,-0.4014879892059737,0.9158642882672868,-2.4492935982947064e-16,1.0,1436,19.1,1013.5,29.2,29.0,29.214285714285715
2019-12-08,27.9,18.2,56.2,1013.2,146.8,183.8,13.5,0,0,2019,12,4,342,0,-0.38566340624360745,0.9226395488404875,-2.4492935982947064e-16,1.0,1437,17.2,1012.8,28.0,29.3,29.071428571428573
2019-12-09,28.2,20.2,62.4,1012.9,150.5,181.4,14.2,0,0,2019,12,4,343,0,-0.3697245428906732,0.9291414114031743,-2.4492935982947064e-16,1.0,1438,18.2,1013.2,27.9,29.2,28.87142857142857
2019-12-10,28.3,20.9,65.2,1011.7,164.4,181.5,15.3,100,1,2019,12,4,344,0,-0.3536761221763721,0.935367949313148,-2.4492935982947064e-16,1.0,1439,20.2,1012.9,28.2,29.3,28.728571428571428
2019-12-11,27.8,21.4,68.5,1010.7,176.2,190.9,17.1,100,1,2019,12,4,345,0,-0.33752289959411347,0.941317317512847,-2.4492935982947064e-16,1.0,1440,20.9,1011.7,28.3,29.4,28.585714285714285
2019-12-12,26.9,19.9,66.1,1010.7,175.4,188.1,16.0,100,1,2019,12,4,346,0,-0.32126966169236515,0.9469877530760751,-2.4492935982947064e-16,1.0,1441,21.4,1010.7,27.8,29.1,28.357142857142858
2019-12-13,26.1,19.5,67.8,1012.8,152.1,209.7,20.2,0,0,2019,12,4,347,0,-0.3049212246562894,0.9523775757303973,-2.4492935982947064e-16,1.0,1442,19.9,1010.7,26.9,29.2,28.04285714285714
2019-12-14,25.5,17.8,63.2,1014.4,174.1,218.4,21.1,0,0,2019,12,4,348,0,-0.2884824328806098,0.9574851883550389,-2.4492935982947064e-16,1.0,1443,19.5,1012.8,26.1,28.0,27.6
2019-12-15,25.6,18.8,66.6,1013.2,187.8,206.0,17.7,0,0,2019,12,4,349,0,-0.27195815753410524,0.9623090774541487,-2.4492935982947064e-16,1.0,1444,17.8,1014.4,25.5,27.9,27.242857142857144
2019-12-16,26.0,20.3,71.6,1012.8,158.8,196.1,16.0,0,0,2019,12,4,350,0,-0.2553532951161881,0.9668478136052773,-2.4492935982947064e-16,1.0,1445,18.8,1013.2,25.6,28.2,26.914285714285715
2019-12-17,27.2,19.9,65.9,1013.2,124.3,203.0,19.6,0,0,2019,12,4,351,0,-0.23867276600594997,0.9711000518829505,-2.4492935982947064e-16,1.0,1446,20.3,1012.8,26.0,28.3,26.6
2019-12-18,27.7,18.9,59.9,1014.2,143.9,207.2,17.2,0,0,2019,12,4,352,0,-0.22192151300416674,0.9750645322571945,-2.4492935982947064e-16,1.0,1447,19.9,1013.2,27.2,27.8,26.442857142857143
2019-12-19,27.5,18.5,59.1,1013.0,114.4,206.0,17.2,0,0,2019,12,4,353,0,-0.20510449986861926,0.9787400799669153,-2.4492935982947064e-16,1.0,1448,18.9,1014.2,27.7,26.9,26.428571428571427
2019-12-20,27.1,19.3,63.5,1012.1,139.8,193.8,14.7,0,0,2019,12,4,354,0,-0.1882267098432439,0.9821256058680006,-2.4492935982947064e-16,1.0,1449,18.5,1013.0,27.5,26.1,26.514285714285716
2019-12-21,27.4,19.4,62.5,1011.7,151.1,166.5,14.8,0,0,2019,12,4,355,0,-0.1712931441814778,0.9852201067560606,-2.4492935982947064e-16,1.0,1450,19.3,1012.1,27.1,25.5,26.657142857142855
2019-12-22,28.1,19.5,60.5,1011.3,152.5,171.0,14.8,100,1,2019,12,4,356,0,-0.154308820664281,0.9880226656636976,-2.4492935982947064e-16,1.0,1451,19.4,1011.7,27.4,25.6,26.928571428571427
2019-12-23,28.4,21.1,65.9,1011.0,136.3,178.3,17.1,100,1,2019,12,4,357,0,-0.13727877211326517,0.9905324521322227,-2.4492935982947064e-16,1.0,1452,19.5,1011.3,28.1,26.0,27.285714285714285
2019-12-24,28.0,21.5,68.6,1012.4,149.7,166.5,15.3,100,1,2019,12,4,358,0,-0.12020804489935275,0.9927487224577402,-2.4492935982947064e-16,1.0,1453,21.1,1011.0,28.4,27.2,27.62857142857143
2019-12-25,28.1,22.0,70.0,1012.5,169.4,115.7,16.6,100,1,2019,12,4,359,0,-0.10310169744743544,0.9946708199115211,-2.4492935982947064e-16,1.0,1454,21.5,1012.4,28.0,27.7,27.742857142857144
2019-12-26,26.8,18.0,60.1,1012.3,202.1,165.0,21.9,0,0,2019,12,4,360,0,-0.0859647987374467,0.9962981749346077,-2.4492935982947064e-16,1.0,1455,22.0,1012.5,28.1,27.5,27.8
2019-12-27,25.7,18.3,65.1,1011.3,138.6,211.9,13.1,0,0,2019,12,4,361,0,-0.06880242680232064,0.9976303053065857,-2.4492935982947064e-16,1.0,1456,18.0,1012.3,26.8,27.1,27.699999999999996
2019-12-28,26.9,18.3,59.8,1011.1,126.0,197.9,15.4,0,0,2019,12,4,362,0,-0.05161966722325418,0.9986668162884759,-2.4492935982947064e-16,1.0,1457,18.3,1011.3,25.7,27.4,27.5
2019-12-29,26.8,18.9,62.4,1011.5,156.6,181.2,18.4,0,0,2019,12,4,363,0,-0.034421611622745804,0.9994074007397048,-2.4492935982947064e-16,1.0,1458,18.3,1011.1,26.9,28.1,27.428571428571427
2019-12-30,25.2,18.5,67.3,1011.8,200.3,189.3,18.4,100,1,2019,12,4,364,0,-0.01721335615583528,0.9998518392091162,-2.4492935982947064e-16,1.0,1459,18.9,1011.5,26.8,28.4,27.24285714285714
2019-12-31,23.9,13.8,54.2,1013.0,215.1,209.6,15.9,0,0,2019,12,4,365,0,6.432490598706546e-16,1.0,-2.4492935982947064e-16,1.0,1460,18.5,1011.8,25.2,28.0,26.785714285714285
2020-01-01,23.0,14.8,61.0,1013.6,166.8,213.6,13.0,0,0,2020,1,1,1,0,0.017213356155834685,0.9998518392091162,0.49999999999999994,0.8660254037844387,1461,13.8,1013.0,23.9,28.1,26.199999999999996
2020-01-02,23.7,17.4,68.5,1015.72,169.5,202.9,19.6,0,0,2020,1,1,2,0,0.03442161162274574,0.9994074007397048,0.49999999999999994,0.8660254037844387,1462,14.8,1013.6,23.0,26.8,25.471428571428568
2020-01-03,23.1,16.0,64.5,1015.2,197.8,197.0,23.3,100,1,2020,1,1,3,0,0.051619667223253764,0.998666816288476,0.49999999999999994,0.8660254037844387,1463,17.4,1015.72,23.7,25.7,25.028571428571432
2020-01-04,22.4,14.2,60.4,1013.7,215.9,204.5,18.7,0,0,2020,1,1,4,0,0.06880242680231986,0.9976303053065857,0.49999999999999994,0.8660254037844387,1464,16.0,1015.2,23.1,26.9,24.657142857142855
2020-01-05,24.7,15.7,58.7,1012.5,122.6,207.5,17.2,0,0,2020,1,1,5,0,0.08596479873744647,0.9962981749346078,0.49999999999999994,0.8660254037844387,1465,14.2,1013.7,22.4,26.8,24.014285714285712
2020-01-06,26.8,17.3,57.0,1013.5,124.0,203.1,16.7,0,0,2020,1,1,6,0,0.10310169744743485,0.9946708199115211,0.49999999999999994,0.8660254037844387,1466,15.7,1012.5,24.7,25.2,23.714285714285715
2020-01-07,26.7,19.6,66.2,1012.7,163.4,190.3,14.8,0,0,2020,1,1,7,0,0.1202080448993527,0.9927487224577402,0.49999999999999994,0.8660254037844387,1467,17.3,1013.5,26.8,23.9,23.942857142857143
2020-01-08,26.1,18.8,64.6,1012.9,215.8,143.8,19.0,0,0,2020,1,1,8,0,0.13727877211326478,0.9905324521322229,0.49999999999999994,0.8660254037844387,1468,19.6,1012.7,26.7,23.0,24.342857142857145
2020-01-09,23.9,14.5,55.9,1013.4,205.4,219.9,19.9,0,0,2020,1,1,9,0,0.15430882066428117,0.9880226656636976,0.49999999999999994,0.8660254037844387,1469,18.8,1012.9,26.1,23.7,24.785714285714285
2020-01-10,25.7,15.3,53.2,1012.7,162.3,204.1,14.9,0,0,2020,1,1,10,0,0.1712931441814776,0.9852201067560606,0.49999999999999994,0.8660254037844387,1470,14.5,1013.4,23.9,23.1,24.814285714285713
2020-01-11,27.6,17.4,54.8,1013.3,152.5,194.0,14.9,0,0,2020,1,1,11,0,0.1882267098432442,0.9821256058680006,0.49999999999999994,0.8660254037844387,1471,15.3,1012.7,25.7,22.4,25.185714285714287
2020-01-12,27.1,19.6,64.8,1013.3,170.6,199.2,16.7,0,0,2020,1,1,12,0,0.2051044998686192,0.9787400799669153,0.49999999999999994,0.8660254037844387,1472,17.4,1013.3,27.6,24.7,25.928571428571427
2020-01-13,26.1,21.4,75.6,1012.3,192.3,209.6,18.1,0,0,2020,1,1,13,0,0.2219215130041655,0.9750645322571948,0.49999999999999994,0.8660254037844387,1473,19.6,1013.3,27.1,26.8,26.271428571428572
2020-01-14,24.9,18.0,67.3,1012.4,193.9,206.2,20.5,0,0,2020,1,1,14,0,0.2386727660059501,0.9711000518829505,0.49999999999999994,0.8660254037844387,1474,21.4,1012.3,26.1,26.7,26.17142857142857
2020-01-15,23.3,13.1,53.3,1013.1,249.4,209.7,22.3,0,0,2020,1,1,15,0,0.255353295116187,0.9668478136052775,0.49999999999999994,0.8660254037844387,1475,18.0,1012.4,24.9,26.1,25.914285714285715
2020-01-16,21.2,12.4,57.9,1014.3,181.6,229.4,19.8,0,0,2020,1,1,16,0,0.2719581575341055,0.9623090774541486,0.49999999999999994,0.8660254037844387,1476,13.1,1013.1,23.3,23.9,25.514285714285716
2020-01-17,20.2,9.6,51.3,1014.7,191.8,232.2,20.6,0,0,2020,1,1,17,0,0.288482432880609,0.9574851883550393,0.49999999999999994,0.8660254037844387,1477,12.4,1014.3,21.2,25.7,25.12857142857143
2020-01-18,22.9,13.1,55.0,1013.0,168.0,224.0,14.8,0,0,2020,1,1,18,0,0.30492122465628907,0.9523775757303974,0.49999999999999994,0.8660254037844387,1478,9.6,1014.7,20.2,27.6,24.342857142857138
2020-01-19,24.8,16.2,60.3,1013.4,145.4,221.2,16.0,0,0,2020,1,1,19,0,0.3212696616923644,0.9469877530760753,0.49999999999999994,0.8660254037844387,1479,13.1,1013.0,22.9,27.1,23.67142857142857
2020-01-20,26.1,17.5,60.5,1013.2,148.5,217.5,16.7,0,0,2020,1,1,20,0,0.3375228995941133,0.9413173175128471,0.49999999999999994,0.8660254037844387,1480,16.2,1013.4,24.8,26.1,23.342857142857145
2020-01-21,25.6,17.6,63.0,1014.1,191.7,222.9,16.0,0,0,2020,1,1,21,0,0.3536761221763716,0.9353679493131483,0.49999999999999994,0.8660254037844387,1481,17.5,1013.2,26.1,24.9,23.342857142857145
2020-01-22,26.6,17.1,57.0,1014.8,130.9,217.8,13.6,0,0,2020,1,1,22,0,0.3697245428906731,0.9291414114031743,0.49999999999999994,0.8660254037844387,1482,17.6,1014.1,25.6,23.3,23.442857142857143
2020-01-23,27.3,17.6,56.6,1013.9,140.0,217.9,18.7,0,0,2020,1,1,23,0,0.38566340624360707,0.9226395488404876,0.49999999999999994,0.8660254037844387,1483,17.1,1014.8,26.6,21.2,23.91428571428571
2020-01-24,28.1,17.7,54.2,1013.4,157.5,230.8,18.7,0,0,2020,1,1,24,0,0.401487989205973,0.9158642882672872,0.49999999999999994,0.8660254037844387,1484,17.6,1013.9,27.3,20.2,24.785714285714285
2020-01-25,27.5,18.0,57.5,1013.2,163.8,201.2,18.1,0,0,2020,1,1,25,0,0.4171936026123168,0.9088176373395029,0.49999999999999994,0.8660254037844387,1485,17.7,1013.4,28.1,22.9,25.914285714285715
2020-01-26,26.9,18.4,60.9,1011.8,166.5,220.4,16.0,0,0,2020,1,1,26,0,0.4327755925504312,0.901501684131884,0.49999999999999994,0.8660254037844387,1486,18.0,1013.2,27.5,24.8,26.571428571428573
2020-01-27,25.2,19.2,70.8,1012.0,253.0,224.4,19.4,0,0,2020,1,1,27,0,0.4482293417404106,0.893918596519257,0.49999999999999994,0.8660254037844387,1487,18.4,1011.8,26.9,26.1,26.87142857142857
2020-01-28,25.0,18.2,66.9,1012.9,228.9,190.5,15.5,0,0,2020,1,1,28,0,0.4635502709028509,0.886070621534138,0.49999999999999994,0.8660254037844387,1488,19.2,1012.0,25.2,25.6,26.74285714285714
2020-01-29,23.0,14.3,58.8,1015.7,268.4,233.3,17.2,0,0,2020,1,1,29,0,0.47873384011578846,0.8779600847008882,0.49999999999999994,0.8660254037844387,1489,18.2,1012.9,25.0,26.6,26.657142857142862
2020-01-30,22.5,12.0,52.4,1014.6,188.5,250.4,20.5,0,0,2020,1,1,30,0,0.49377555015997715,0.869589389346611,0.49999999999999994,0.8660254037844387,1490,14.3,1015.7,23.0,27.3,26.142857142857142
2020-01-31,23.1,13.9,57.4,1012.5,207.2,244.4,21.1,0,0,2020,1,1,31,0,0.5086709438521044,0.8609610158889943,0.49999999999999994,0.8660254037844387,1491,12.0,1014.6,22.5,28.1,25.457142857142856
2020-02-01,24.1,15.3,59.1,1012.1,132.8,242.9,17.8,0,0,2020,2,1,32,0,0.5234156073655503,0.8520775211013093,0.8660254037844386,0.5000000000000001,1492,13.9,1012.5,23.1,27.5,24.742857142857144
2020-02-02,25.6,17.7,63.8,1013.6,176.7,241.8,17.6,0,0,2020,2,1,33,0,0.5380051715382996,0.8429415373547828,0.8660254037844386,0.5000000000000001,1493,15.3,1012.1,24.1,26.9,24.25714285714286
2020-02-03,24.7,19.7,73.9,1014.2,180.5,230.6,16.7,0,0,2020,2,1,34,0,0.5524353131676196,0.8335557718385699,0.8660254037844386,0.5000000000000001,1494,17.7,1013.6,25.6,25.2,24.071428571428573
2020-02-04,24.8,16.8,63.1,1013.5,215.0,233.5,17.2,0,0,2020,2,1,35,0,0.5667017562911176,0.8239230057575542,0.8660254037844386,0.5000000000000001,1495,19.7,1014.2,24.7,25.0,24.000000000000004
2020-02-05,24.4,12.6,48.6,1012.9,177.2,241.2,16.6,0,0,2020,2,1,36,0,0.5808002734538009,0.8140460935082178,0.8660254037844386,0.5000000000000001,1496,16.8,1013.5,24.8,23.0,23.971428571428568
2020-02-06,24.4,12.6,49.7,1013.2,245.7,251.2,21.1,0,0,2020,2,1,37,0,0.5947266869607634,0.8039279618328213,0.8660254037844386,0.5000000000000001,1497,12.6,1012.9,24.4,22.5,24.171428571428574
2020-02-07,23.2,10.8,46.9,1014.4,166.0,251.0,24.8,0,0,2020,2,1,38,0,0.6084768701151261,0.7935716089521474,0.8660254037844386,0.5000000000000001,1498,12.6,1013.2,24.4,23.1,24.442857142857143
2020-02-08,24.4,15.2,57.7,1014.1,150.7,229.4,24.1,0,0,2020,2,1,39,0,0.6220467484408675,0.7829801036770629,0.8660254037844386,0.5000000000000001,1499,10.8,1014.4,23.2,24.1,24.457142857142856
2020-02-09,26.6,14.7,49.0,1014.0,173.8,233.4,18.7,0,0,2020,2,1,40,0,0.6354323008901774,0.7721565844991642,0.8660254037844386,0.5000000000000001,1500,15.2,1014.1,24.4,25.6,24.5
2020-02-10,27.9,16.3,49.9,1012.7,140.6,234.5,18.4,0,0,2020,2,1,41,0,0.6486295610349814,0.7611042586607747,0.8660254037844386,0.5000000000000001,1501,14.7,1014.0,26.6,24.7,24.642857142857142
2020-02-11,28.4,18.4,55.4,1013.2,143.0,220.0,14.2,0,0,2020,2,1,42,0,0.6616346182422783,0.7498264012045686,0.8660254037844386,0.5000000000000001,1502,16.3,1012.7,27.9,24.8,25.099999999999998
2020-02-12,28.9,18.4,53.8,1014.8,168.1,244.4,13.6,0,0,2020,2,1,43,0,0.6744436188329455,0.7383263540031065,0.8660254037844386,0.5000000000000001,1503,18.4,1013.2,28.4,24.4,25.614285714285717
2020-02-13,28.8,17.6,52.1,1014.7,166.6,242.3,16.7,0,0,2020,2,1,44,0,0.6870527672236669,0.7266075247685656,0.8660254037844386,0.5000000000000001,1504,18.4,1014.8,28.9,24.4,26.257142857142856
2020-02-14,29.2,14.1,40.5,1012.9,171.2,242.0,20.5,0,0,2020,2,1,45,0,0.699458327051647,0.7146733860429609,0.8660254037844386,0.5000000000000001,1505,17.6,1014.7,28.8,23.2,26.885714285714283
2020-02-15,27.6,11.9,38.9,1012.4,176.3,249.5,20.5,0,0,2020,2,1,46,0,0.7116566222817746,0.7025274741691571,0.8660254037844386,0.5000000000000001,1506,14.1,1012.9,29.2,24.4,27.74285714285714
2020-02-16,26.9,15.7,51.3,1012.9,240.1,248.4,18.1,0,0,2020,2,1,47,0,0.7236440382959124,0.6901733882429719,0.8660254037844386,0.5000000000000001,1507,11.9,1012.4,27.6,26.6,28.2
2020-02-17,28.8,17.8,53.9,1013.2,127.5,241.4,15.4,0,0,2020,2,1,48,0,0.7354170229639855,0.6776147890466889,0.8660254037844386,0.5000000000000001,1508,15.7,1012.9,26.9,27.9,28.24285714285714
2020-02-18,29.8,16.8,47.5,1012.9,177.3,245.8,17.6,0,0,2020,2,1,49,0,0.7469720876965552,0.6648553979642865,0.8660254037844386,0.5000000000000001,1509,17.8,1013.2,28.8,28.4,28.37142857142857
2020-02-19,28.6,18.0,54.3,1012.1,159.4,243.0,16.0,0,0,2020,2,1,50,0,0.7583058084785624,0.6518989958787126,0.8660254037844386,0.5000000000000001,1510,16.8,1012.9,29.8,28.9,28.571428571428573
2020-02-20,28.1,17.2,53.1,1011.6,185.5,245.0,18.7,0,0,2020,2,1,51,0,0.7694148268839378,0.6387494220515272,0.8660254037844386,0.5000000000000001,1511,18.0,1012.1,28.6,28.8,28.528571428571432
2020-02-21,27.3,17.6,57.4,1013.9,228.3,251.0,18.7,0,0,2020,2,1,52,0,0.7802958510707755,0.6254105729852463,0.8660254037844386,0.5000000000000001,1512,17.2,1011.6,28.1,29.2,28.428571428571427
2020-02-22,27.6,16.0,50.1,1014.6,194.5,254.9,14.8,0,0,2020,2,1,53,0,0.7909456567567772,0.6118864012687243,0.8660254037844386,0.5000000000000001,1513,17.6,1013.9,27.3,27.6,28.157142857142862
2020-02-23,28.3,14.9,45.8,1013.4,180.3,256.3,18.7,0,0,2020,2,1,54,0,0.8013610881746766,0.5981809144059165,0.8660254037844386,0.5000000000000001,1514,16.0,1014.6,27.6,26.9,28.157142857142855
2020-02-24,27.2,17.4,56.1,1011.2,161.5,264.4,16.7,0,0,2020,2,1,55,0,0.8115390590073611,0.5842981736283684,0.8660254037844386,0.5000000000000001,1515,14.9,1013.4,28.3,28.8,28.35714285714286
2020-02-25,29.1,10.0,32.3,1010.5,121.3,276.0,19.3,0,0,2020,2,1,56,0,0.8214765533024142,0.5702422926917871,0.8660254037844386,0.5000000000000001,1516,17.4,1011.2,27.2,29.8,28.12857142857143
2020-02-26,29.5,9.9,32.1,1011.1,178.3,278.1,20.1,0,0,2020,2,1,57,0,0.8311706263658079,0.5560174366570446,0.8660254037844386,0.5000000000000001,1517,10.0,1010.5,29.1,28.6,28.02857142857143
2020-02-27,29.3,11.2,34.8,1011.3,168.4,278.3,20.2,0,0,2020,2,1,58,0,0.8406184056344782,0.5416278206559814,0.8660254037844386,0.5000000000000001,1518,9.9,1011.1,29.5,28.1,28.157142857142855
2020-02-28,28.0,13.5,42.4,1009.8,165.4,273.9,24.0,100,1,2020,2,1,59,0,0.8498170915275278,0.5270777086423722,0.8660254037844386,0.5000000000000001,1519,11.2,1011.3,29.3,27.3,28.32857142857143
2020-02-29,27.2,16.8,54.7,1009.7,186.9,258.4,20.2,0,0,2020,2,1,60,0,0.8587639582758029,0.5123714121284237,0.8660254037844386,0.5000000000000001,1520,13.5,1009.8,28.0,27.6,28.428571428571427
2020-03-01,27.2,19.0,62.7,1010.7,242.2,264.4,20.5,0,0,2020,3,1,61,1,0.8674563547295969,0.49751328890718066,1.0,6.123233995736766e-17,1521,16.8,1009.7,27.2,28.3,28.37142857142857
2020-03-02,26.4,18.8,64.0,1011.6,202.6,274.7,21.7,0,0,2020,3,1,62,1,0.8758917051442429,0.48250774176121847,1.0,6.123233995736766e-17,1522,19.0,1010.7,27.2,27.2,28.214285714285715
2020-03-03,26.5,20.0,68.4,1012.2,203.9,282.3,20.7,0,0,2020,3,1,63,1,0.8840675099433636,0.4673592171580022,1.0,6.123233995736766e-17,1523,18.8,1011.6,26.4,29.1,28.099999999999998
2020-03-04,26.0,19.2,66.4,1011.9,250.3,246.8,24.0,0,0,2020,3,1,64,1,0.8919813464595485,0.45207220393230435,1.0,6.123233995736766e-17,1524,20.0,1012.2,26.5,29.5,27.728571428571428
2020-03-05,26.1,19.8,68.8,1010.8,189.6,273.8,23.6,0,0,2020,3,1,65,1,0.8996308696522433,0.43665123195606403,1.0,6.123233995736766e-17,1525,19.2,1011.9,26.0,29.3,27.228571428571428
2020-03-06,26.9,18.9,61.8,1010.8,252.4,283.2,24.0,0,0,2020,3,1,66,1,0.9070138128026359,0.4211008707960896,1.0,6.123233995736766e-17,1526,19.8,1010.8,26.1,28.0,26.771428571428572
2020-03-07,26.0,18.1,62.3,1012.7,237.7,290.0,24.6,0,0,2020,3,1,67,1,0.9141279881853337,0.40542572835999735,1.0,6.123233995736766e-17,1527,18.9,1010.8,26.9,27.2,26.61428571428571
2020-03-08,25.3,16.5,58.7,1012.6,188.0,290.1,23.5,0,0,2020,3,1,68,1,0.9209712877166346,0.38963044953078796,1.0,6.123233995736766e-17,1528,18.1,1012.7,26.0,27.2,26.442857142857143
2020-03-09,25.6,19.0,67.2,1011.5,210.8,285.0,24.1,0,0,2020,3,1,69,1,0.9275416835791966,0.37371971479046906,1.0,6.123233995736766e-17,1529,16.5,1012.6,25.3,26.4,26.17142857142857
2020-03-10,26.1,19.7,68.5,1011.2,231.2,290.5,21.1,0,0,2020,3,1,70,1,0.9338372288229252,0.35769823883312546,1.0,6.123233995736766e-17,1530,19.0,1011.5,25.6,26.5,26.057142857142857
2020-03-11,26.1,17.1,58.2,1012.2,282.8,300.5,21.9,0,0,2020,3,1,71,1,0.9398560579418954,0.3415707691678556,1.0,6.123233995736766e-17,1531,19.7,1011.2,26.1,26.0,26.0
2020-03-12,25.4,16.7,59.0,1013.7,235.1,273.6,24.6,100,1,2020,3,1,72,1,0.9455963874271426,0.3253420847119801,1.0,6.123233995736766e-17,1532,17.1,1012.2,26.1,26.1,26.014285714285716
2020-03-13,25.1,13.4,49.7,1014.1,201.1,304.5,25.3,0,0,2020,3,1,73,1,0.9510565162951535,0.30901699437494745,1.0,6.123233995736766e-17,1533,16.7,1013.7,25.4,26.9,25.91428571428571
2020-03-14,26.3,12.2,43.9,1011.9,158.9,308.8,18.9,0,0,2020,3,1,74,1,0.9562348265919056,0.29260033563334836,1.0,6.123233995736766e-17,1534,13.4,1014.1,25.1,26.0,25.657142857142862
2020-03-15,28.1,12.9,41.6,1010.3,177.4,300.4,23.5,0,0,2020,3,1,75,1,0.9611297838723007,0.27609697309746883,1.0,6.123233995736766e-17,1535,12.2,1011.9,26.3,25.3,25.7
2020-03-16,29.7,13.7,39.2,1011.0,174.2,288.7,21.9,100,1,2020,3,1,76,1,0.9657399376548549,0.2595117970697999,1.0,6.123233995736766e-17,1536,12.9,1010.3,28.1,25.6,26.1
2020-03-17,29.3,15.5,44.8,1011.6,157.8,288.0,24.1,100,1,2020,3,1,77,1,0.9700639218515071,0.2428497220959356,1.0,6.123233995736766e-17,1537,13.7,1011.0,29.7,26.1,26.685714285714287
2020-03-18,29.2,16.4,47.6,1012.1,197.8,286.2,20.7,0,0,2020,3,1,78,1,0.9741004551724205,0.22611568550828828,1.0,6.123233995736766e-17,1538,15.5,1011.6,29.3,26.1,27.142857142857142
2020-03-19,28.2,17.8,55.2,1012.0,212.2,306.0,22.9,0,0,2020,3,1,79,1,0.9778483415056568,0.20931464596304847,1.0,6.123233995736766e-17,1539,16.4,1012.1,29.2,25.4,27.585714285714285
2020-03-20,27.3,20.2,66.1,1012.3,249.2,300.5,21.3,0,0,2020,3,1,80,1,0.9813064702716093,0.19245158197082998,1.0,6.123233995736766e-17,1540,17.8,1012.0,28.2,25.1,27.985714285714284
2020-03-21,26.8,20.5,68.8,1012.2,214.2,295.0,20.2,0,0,2020,3,1,81,1,0.9844738167520922,0.1755314904214282,1.0,6.123233995736766e-17,1541,20.2,1012.3,27.3,26.3,28.3
2020-03-22,27.7,21.4,69.8,1011.7,248.2,296.3,24.3,0,0,2020,3,1,82,1,0.9873494423939864,0.15855938510313475,1.0,6.123233995736766e-17,1542,20.5,1012.2,26.8,28.1,28.371428571428574
2020-03-23,29.1,21.9,66.8,1010.1,264.0,295.7,24.6,0,0,2020,3,1,83,1,0.989932495087353,0.141540295217043,1.0,6.123233995736766e-17,1543,21.4,1011.7,27.7,29.7,28.314285714285713
2020-03-24,29.5,21.7,63.8,1008.3,190.9,283.3,22.2,0,0,2020,3,1,84,1,0.9922222094179323,0.12447926388678915,1.0,6.123233995736766e-17,1544,21.9,1010.1,29.1,29.3,28.228571428571428
2020-03-25,29.3,23.6,71.7,1008.4,207.5,247.8,24.6,100,1,2020,3,1,85,1,0.994217906893952,0.10738134666416309,1.0,6.123233995736766e-17,1545,21.7,1008.3,29.5,29.2,28.257142857142856
2020-03-26,29.5,23.7,71.8,1009.4,199.1,221.0,24.6,100,1,2020,3,1,86,1,0.995918996147179,0.09025161003104117,1.0,6.123233995736766e-17,1546,23.6,1008.4,29.3,28.2,28.271428571428572
2020-03-27,29.3,23.0,69.5,1011.3,283.3,242.7,23.6,100,1,2020,3,1,87,1,0.9973249731081555,0.07309512989807777,1.0,6.123233995736766e-17,1547,23.7,1009.4,29.5,27.3,28.45714285714286
2020-03-28,29.6,18.3,52.9,1011.0,260.7,277.3,24.0,0,0,2020,3,1,88,1,0.9984354211555643,0.055916990100603484,1.0,6.123233995736766e-17,1548,23.0,1011.3,29.3,26.8,28.74285714285714
2020-03-29,29.9,18.3,50.6,1009.3,268.9,294.4,21.3,0,0,2020,3,1,89,1,0.9992500112396835,0.03872228089217446,1.0,6.123233995736766e-17,1549,18.3,1011.0,29.6,27.7,29.142857142857142
2020-03-30,29.1,19.3,56.1,1009.8,228.5,294.1,21.3,100,1,2020,3,1,90,1,0.9997685019798909,0.021516097436222254,1.0,6.123233995736766e-17,1550,18.3,1009.3,29.9,29.1,29.457142857142856
2020-03-31,28.7,20.7,64.4,1010.9,220.2,295.2,24.6,0,0,2020,3,1,91,1,0.9999907397361901,0.004303538296244289,1.0,6.123233995736766e-17,1551,19.3,1009.8,29.1,29.5,29.45714285714286
2020-04-01,29.0,21.6,65.6,1010.3,237.3,302.8,21.9,0,0,2020,4,2,92,1,0.9999166586547379,-0.01291029607500882,0.8660254037844387,-0.4999999999999998,1552,20.7,1010.9,28.7,29.3,29.342857142857145
2020-04-02,29.6,22.0,65.4,1008.7,275.0,303.0,23.3,0,0,2020,4,2,93,1,0.9995462806873573,-0.030120304846908114,0.8660254037844387,-0.4999999999999998,1553,21.6,1010.3,29.0,29.5,29.3
2020-04-03,29.6,22.6,67.6,1009.1,273.0,297.1,26.5,0,0,2020,4,2,94,1,0.9988797155850336,-0.04732138832243185,0.8660254037844387,-0.4999999999999998,1554,22.0,1008.7,29.6,29.3,29.314285714285713
2020-04-04,29.4,23.6,72.2,1009.6,221.7,304.9,25.8,0,0,2020,4,2,95,1,0.9979171608653922,-0.06450844944931623,0.8660254037844387,-0.4999999999999998,1555,22.6,1009.1,29.6,29.6,29.357142857142858
2020-04-05,29.3,23.8,73.5,1010.7,216.0,302.6,25.3,0,0,2020,4,2,96,1,0.9966589017541702,-0.08167639533042241,0.8660254037844387,-0.4999999999999998,1556,23.6,1009.6,29.4,29.9,29.328571428571426
2020-04-06,28.8,24.5,78.0,1011.6,218.4,294.0,23.6,0,0,2020,4,2,97,1,0.9951053111006976,-0.09882013873287143,0.8660254037844387,-0.4999999999999998,1557,23.8,1010.7,29.3,29.1,29.24285714285714
2020-04-07,28.2,23.7,77.2,1010.7,209.8,303.7,25.8,0,0,2020,4,2,98,1,0.9932568492674143,-0.11593459959550041,0.8660254037844387,-0.4999999999999998,1558,24.5,1011.6,28.8,28.7,29.2
2020-04-08,28.3,22.8,72.4,1011.8,221.5,315.3,22.8,0,0,2020,4,2,99,1,0.9911140639934547,-0.1330147065341959,0.8660254037844387,-0.4999999999999998,1559,23.7,1010.7,28.2,29.0,29.12857142857143
2020-04-09,28.5,22.6,71.3,1011.0,196.6,310.2,21.8,0,0,2020,4,2,100,1,0.9886775902323405,-0.1500553983446526,0.8660254037844387,-0.4999999999999998,1560,22.8,1011.8,28.3,29.6,29.028571428571432
2020-04-10,29.2,23.9,73.8,1010.5,244.1,300.6,24.6,0,0,2020,4,2,101,1,0.9859481499638304,-0.16705162550211924,0.8660254037844387,-0.4999999999999998,1561,22.6,1011.0,28.5,29.6,28.871428571428574
2020-04-11,30.0,24.3,72.4,1011.1,244.5,288.8,27.7,0,0,2020,4,2,102,1,0.9829265519799822,-0.18399835165768005,0.8660254037844387,-0.4999999999999998,1562,23.9,1010.5,29.2,29.4,28.814285714285713
2020-04-12,30.1,25.4,76.7,1010.4,189.9,292.3,24.7,100,1,2020,4,2,103,1,0.9796136916454901,-0.20089055513063506,0.8660254037844387,-0.4999999999999998,1563,24.3,1011.1,30.0,29.3,28.900000000000002
2020-04-13,29.9,25.6,78.1,1009.3,183.1,293.6,21.7,100,1,2020,4,2,104,1,0.9760105506323683,-0.21772323039653177,0.8660254037844387,-0.4999999999999998,1564,25.4,1010.4,30.1,28.8,29.014285714285712
2020-04-14,30.6,25.0,73.1,1009.0,208.2,300.6,23.5,0,0,2020,4,2,105,1,0.9721181966290613,-0.23449138957040985,0.8660254037844387,-0.4999999999999998,1565,25.6,1009.3,29.9,28.2,29.17142857142857
2020-04-15,30.6,25.0,72.7,1009.9,182.5,286.7,22.2,0,0,2020,4,2,106,1,0.9679377830240642,-0.25119006388481935,0.8660254037844387,-0.4999999999999998,1566,25.0,1009.0,30.6,28.3,29.514285714285712
2020-04-16,30.4,25.5,75.6,1009.5,183.8,291.5,24.6,100,1,2020,4,2,107,1,0.9634705485641488,-0.2678143051621742,0.8660254037844387,-0.4999999999999998,1567,25.0,1009.9,30.6,28.5,29.842857142857138
2020-04-17,30.3,25.6,76.8,1008.8,183.6,290.7,22.8,100,1,2020,4,2,108,1,0.9587178169872964,-0.2843591872810034,0.8660254037844387,-0.4999999999999998,1568,25.5,1009.5,30.4,29.2,30.11428571428571
2020-04-18,30.6,25.0,72.8,1009.3,206.4,282.3,23.0,100,1,2020,4,2,109,1,0.9536809966304457,-0.30081980763566735,0.8660254037844387,-0.4999999999999998,1569,25.6,1008.8,30.3,30.0,30.271428571428572
2020-04-19,31.3,25.3,71.0,1008.9,221.5,300.0,25.4,100,1,2020,4,2,110,1,0.9483615800121715,-0.3171912885891061,0.8660254037844387,-0.4999999999999998,1570,25.0,1009.3,30.6,30.1,30.357142857142858
2020-04-20,32.8,21.6,55.4,1007.9,216.0,314.1,26.4,100,1,2020,4,2,111,1,0.9427611433904207,-0.3334687789181868,0.8660254037844387,-0.4999999999999998,1571,25.3,1008.9,31.3,29.9,30.528571428571432
2020-04-21,30.7,23.2,64.7,1009.4,201.9,317.0,24.7,0,0,2020,4,2,112,1,0.9368813462954315,-0.3496474552512284,0.8660254037844387,-0.4999999999999998,1572,21.6,1007.9,32.8,30.6,30.942857142857143
2020-04-22,30.2,25.0,74.4,1008.6,228.8,312.1,24.6,0,0,2020,4,2,113,1,0.9307239310379795,-0.36572252349726897,0.8660254037844387,-0.4999999999999998,1573,23.2,1009.4,30.7,30.6,30.95714285714286
2020-04-23,30.7,25.3,73.4,1008.7,175.6,285.2,23.3,0,0,2020,4,2,114,1,0.9242907221930933,-0.3816892202666588,0.8660254037844387,-0.4999999999999998,1574,25.0,1008.6,30.2,30.4,30.900000000000002
2020-04-24,30.8,25.1,72.2,1008.0,209.5,280.3,26.5,0,0,2020,4,2,115,1,0.9175836260593937,-0.39754281428255595,0.8660254037844387,-0.4999999999999998,1575,25.3,1008.7,30.7,30.3,30.942857142857143
2020-04-25,30.5,24.0,68.8,1009.0,206.1,317.9,26.5,0,0,2020,4,2,116,1,0.9106046300942162,-0.4132786077829042,0.8660254037844387,-0.4999999999999998,1576,25.1,1008.0,30.8,30.6,31.014285714285712
2020-04-26,29.9,23.9,70.9,1009.2,181.2,323.6,27.2,0,0,2020,4,2,117,1,0.9033558023246845,-0.4288919379124835,0.8660254037844387,-0.4999999999999998,1577,24.0,1009.0,30.5,31.3,31.0
2020-04-27,30.1,23.9,69.7,1010.5,264.5,322.0,27.7,0,0,2020,4,2,118,1,0.895839290734909,-0.4443781781046132,0.8660254037844387,-0.4999999999999998,1578,23.9,1009.2,29.9,32.8,30.8
2020-04-28,30.8,25.1,72.3,1008.6,238.0,315.2,20.4,0,0,2020,4,2,119,1,0.8880573226294932,-0.45973273945210397,0.8660254037844387,-0.4999999999999998,1579,23.9,1010.5,30.1,30.7,30.414285714285715
2020-04-29,31.1,25.6,73.1,1008.5,237.9,296.0,27.1,100,1,2020,4,2,120,1,0.8800122039735357,-0.47495107206704995,0.8660254037844387,-0.4999999999999998,1580,25.1,1008.6,30.8,30.2,30.428571428571427
2020-04-30,31.0,25.7,73.8,1009.7,226.9,292.2,22.8,100,1,2020,4,2,121,1,0.8717063187093218,-0.4900286664290592,0.8660254037844387,-0.4999999999999998,1581,25.6,1008.5,31.1,30.7,30.557142857142857
2020-05-01,30.9,25.3,72.5,1009.7,264.2,284.3,24.6,100,1,2020,5,2,122,1,0.8631421280499114,-0.5049610547215204,0.49999999999999994,-0.8660254037844387,1582,25.7,1009.7,31.0,30.8,30.6
2020-05-02,30.6,25.3,73.9,1008.4,195.0,300.1,25.9,100,1,2020,5,2,123,1,0.854322169749827,-0.5197438121555155,0.49999999999999994,-0.8660254037844387,1583,25.3,1009.7,30.9,30.5,30.614285714285717
2020-05-03,30.8,25.6,74.4,1008.1,233.8,274.4,28.3,100,1,2020,5,2,124,1,0.8452490573530633,-0.5343725582809786,0.49999999999999994,-0.8660254037844387,1584,25.3,1008.4,30.6,29.9,30.62857142857143
2020-05-04,30.5,25.3,74.5,1009.1,235.3,314.4,25.8,0,0,2020,5,2,125,1,0.8359254794186372,-0.548842958284719,0.49999999999999994,-0.8660254037844387,1585,25.6,1008.1,30.8,30.1,30.75714285714286
2020-05-05,30.7,25.5,74.3,1008.4,238.3,282.5,24.7,100,1,2020,5,2,126,1,0.8263541987239096,-0.5631507242749186,0.49999999999999994,-0.8660254037844387,1586,25.3,1009.1,30.5,30.8,30.814285714285713
2020-05-06,31.1,26.2,75.7,1007.4,218.7,286.4,21.1,100,1,2020,5,2,127,1,0.8165380514459161,-0.5772916165517272,0.49999999999999994,-0.8660254037844387,1587,25.5,1008.4,30.7,31.1,30.8
2020-05-07,30.6,25.5,74.6,1008.1,206.6,310.1,24.0,0,0,2020,5,2,128,1,0.8064799463209448,-0.5912614448635781,0.49999999999999994,-0.8660254037844387,1588,26.2,1007.4,31.1,31.0,30.8
2020-05-08,30.6,24.9,71.9,1008.5,233.1,316.6,23.5,0,0,2020,5,2,129,1,0.7961828637826158,-0.6050560696488488,0.49999999999999994,-0.8660254037844387,1589,25.5,1008.1,30.6,30.9,30.74285714285714
2020-05-09,30.6,25.0,72.5,1008.4,228.0,318.2,25.3,0,0,2020,5,2,130,1,0.7856498550787147,-0.6186714032625031,0.49999999999999994,-0.8660254037844387,1590,24.9,1008.5,30.6,30.6,30.7
2020-05-10,30.8,25.6,74.0,1007.9,203.6,320.2,25.8,0,0,2020,5,2,131,1,0.7748840413670407,-0.6321034111873487,0.49999999999999994,-0.8660254037844387,1591,25.0,1008.4,30.6,30.8,30.7
2020-05-11,31.0,25.0,71.2,1008.4,192.6,323.78000000000003,25.3,100,1,2020,5,2,132,1,0.7638886127905428,-0.6453481132295501,0.49999999999999994,-0.8660254037844387,1592,25.6,1007.9,30.8,30.5,30.700000000000006
2020-05-12,30.5,25.1,73.6,1007.8,213.9,323.78000000000003,22.3,0,0,2020,5,2,133,1,0.7526668275320085,-0.6584015846980488,0.49999999999999994,-0.8660254037844387,1593,25.0,1008.4,31.0,30.7,30.771428571428576
2020-05-13,30.7,25.5,74.3,1007.1,235.0,315.4,27.1,0,0,2020,5,2,134,1,0.7412220108485958,-0.6712599575675313,0.49999999999999994,-0.8660254037844387,1594,25.1,1007.8,30.5,31.1,30.74285714285714
2020-05-14,31.2,25.7,73.3,1006.6,237.5,302.3,26.5,100,1,2020,5,2,135,1,0.7295575540864875,-0.6839194216246106,0.49999999999999994,-0.8660254037844387,1595,25.5,1007.1,30.7,30.6,30.685714285714287
2020-05-15,31.5,25.0,69.1,1006.4,284.8,257.4,25.8,100,1,2020,5,2,136,1,0.717676913675962,-0.6963762255968722,0.49999999999999994,-0.8660254037844387,1596,25.7,1006.6,31.2,30.6,30.771428571428572
2020-05-16,31.2,25.8,73.4,1006.5,251.7,143.6,25.3,100,1,2020,5,2,137,1,0.705583610107178,-0.7086266782644596,0.49999999999999994,-0.8660254037844387,1597,25.0,1006.4,31.5,30.6,30.9
2020-05-17,31.2,25.3,71.2,1005.8,261.5,261.2,23.5,0,0,2020,5,2,138,1,0.6932812268869777,-0.7206671495538609,0.49999999999999994,-0.8660254037844387,1598,25.8,1006.5,31.2,30.8,30.985714285714288
2020-05-18,30.9,24.9,71.0,1005.2,299.0,301.9,28.3,0,0,2020,5,2,139,1,0.6807734094770161,-0.7324940716135789,0.49999999999999994,-0.8660254037844387,1599,25.3,1005.8,31.2,31.0,31.042857142857144
2020-05-19,30.7,24.3,69.3,1005.0,277.2,307.7,27.1,0,0,2020,5,2,140,1,0.6680638642135335,-0.7441039398713607,0.49999999999999994,-0.8660254037844387,1600,24.9,1005.2,30.9,30.5,31.028571428571432
2020-05-20,30.6,24.2,69.0,1005.0,265.7,323.78000000000003,27.1,0,0,2020,5,2,141,1,0.6551563572090853,-0.7554933140726803,0.49999999999999994,-0.8660254037844387,1601,24.3,1005.0,30.7,30.7,31.057142857142853
2020-05-21,30.9,24.5,69.4,1006.3,225.1,317.1,24.1,0,0,2020,5,2,142,1,0.6420547132365637,-0.766658819300159,0.49999999999999994,-0.8660254037844387,1602,24.2,1005.0,30.6,31.2,31.04285714285714
2020-05-22,31.1,25.1,71.1,1007.3,275.5,319.7,22.3,0,0,2020,5,2,143,1,0.6287628145958344,-0.7775971469736269,0.49999999999999994,-0.8660254037844387,1603,24.5,1006.3,30.9,31.5,31.0
2020-05-23,31.0,25.4,72.7,1007.0,206.0,315.8,24.1,0,0,2020,5,2,144,1,0.6152845999633276,-0.7883050558305255,0.49999999999999994,-0.8660254037844387,1604,25.1,1007.3,31.1,31.2,30.942857142857143
2020-05-24,31.0,26.0,74.9,1007.7,291.7,297.1,25.5,0,0,2020,5,2,145,1,0.6016240632249226,-0.7987793728863649,0.49999999999999994,-0.8660254037844387,1605,25.4,1007.0,31.0,31.2,30.91428571428571
2020-05-25,31.0,26.4,77.1,1008.1,281.2,286.5,24.7,0,0,2020,5,2,146,1,0.5877852522924732,-0.8090169943749473,0.49999999999999994,-0.8660254037844387,1606,26.0,1007.7,31.0,30.9,30.885714285714283
2020-05-26,31.2,26.1,74.8,1008.3,276.1,288.1,22.9,0,0,2020,5,2,147,1,0.5737722679043246,-0.8190148866680801,0.49999999999999994,-0.8660254037844387,1607,26.4,1008.1,31.0,30.7,30.9
2020-05-27,31.2,25.3,71.3,1007.7,265.0,296.8,27.1,0,0,2020,5,2,148,1,0.5595892624101765,-0.8287700871745038,0.49999999999999994,-0.8660254037844387,1608,26.1,1008.3,31.2,30.6,30.97142857142857
2020-05-28,31.4,25.2,70.2,1007.0,256.6,262.0,21.7,0,0,2020,5,2,149,1,0.545240438540651,-0.8382797052177744,0.49999999999999994,-0.8660254037844387,1609,25.3,1007.7,31.2,30.9,31.057142857142857
2020-05-29,31.7,25.9,72.0,1007.1,257.4,202.3,22.9,0,0,2020,5,2,150,1,0.5307300481619334,-0.8475409228928311,0.49999999999999994,-0.8660254037844387,1610,25.2,1007.0,31.4,31.1,31.12857142857143
2020-05-30,32.1,26.0,70.8,1007.3,282.5,169.3,26.6,0,0,2020,5,2,151,1,0.5160623910158528,-0.8565509959010036,0.49999999999999994,-0.8660254037844387,1611,25.9,1007.1,31.7,31.0,31.214285714285715
2020-05-31,32.3,25.5,68.4,1007.6,285.5,127.0,26.5,100,1,2020,5,2,152,1,0.5012418134457758,-0.865307254363206,0.49999999999999994,-0.8660254037844387,1612,26.0,1007.3,32.1,31.0,31.371428571428574
2020-06-01,30.3,25.3,75.0,1007.9,211.1,166.4,19.0,100,1,2020,6,2,153,2,0.48627270710868997,-0.8738071036110808,1.2246467991473532e-16,-1.0,1613,25.5,1007.6,32.3,31.0,31.557142857142857
2020-06-02,29.8,24.8,75.4,1005.0,98.8,107.1,21.7,100,1,2020,6,2,154,2,0.4711595076738638,-0.8820480249558537,1.2246467991473532e-16,-1.0,1614,25.3,1007.9,30.3,31.2,31.45714285714286
2020-06-03,27.0,24.1,84.2,1000.4,146.7,84.74,42.5,100,1,2020,6,2,155,2,0.4559066935084588,-0.8900275764346767,1.2246467991473532e-16,-1.0,1615,24.8,1005.0,29.8,31.2,31.257142857142856
2020-06-04,26.7,24.4,87.6,1004.8,145.6,102.1,29.5,100,1,2020,6,2,156,2,0.440518784350495,-0.8977433935342337,1.2246467991473532e-16,-1.0,1616,24.1,1000.4,27.0,31.4,30.657142857142855
2020-06-05,28.2,23.1,75.4,1005.8,148.8,249.0,21.9,100,1,2020,6,2,157,2,0.42500033996955416,-0.9051931898913974,1.2246467991473532e-16,-1.0,1617,24.4,1004.8,26.7,31.7,29.985714285714288
2020-06-06,29.1,25.8,82.7,1005.5,169.1,247.6,53.6,100,1,2020,6,2,158,2,0.4093559588156213,-0.9123747579707273,1.2246467991473532e-16,-1.0,1618,23.1,1005.8,28.2,32.1,29.485714285714288
2020-06-07,29.7,24.9,75.9,1005.4,185.2,111.6,27.1,100,1,2020,6,2,159,2,0.39359027665646673,-0.9192859697186104,1.2246467991473532e-16,-1.0,1619,25.8,1005.5,29.1,32.3,29.057142857142857
2020-06-08,27.7,23.5,78.7,1006.3,198.4,295.8,26.5,100,1,2020,6,2,160,2,0.3777079652039649,-0.9259247771938498,1.2246467991473532e-16,-1.0,1620,24.9,1005.4,29.7,30.3,28.685714285714287
2020-06-09,29.3,25.3,79.4,1006.1,201.3,257.3,23.5,100,1,2020,6,2,161,2,0.36171373072976765,-0.9322892131745133,1.2246467991473532e-16,-1.0,1621,23.5,1006.3,27.7,29.8,28.314285714285713
2020-06-10,30.0,26.1,79.7,1005.2,207.4,270.0,24.1,100,1,2020,6,2,162,2,0.3456123126707335,-0.9383773917408641,1.2246467991473532e-16,-1.0,1622,25.3,1006.1,29.3,27.0,28.242857142857144
2020-06-11,29.6,25.9,81.0,1002.8,198.8,247.1,23.6,100,1,2020,6,2,163,2,0.3294084822245304,-0.9441875088341993,1.2246467991473532e-16,-1.0,1623,26.1,1005.2,30.0,26.7,28.671428571428574
2020-06-12,29.2,25.7,81.8,1000.8,171.8,152.2,19.0,100,1,2020,6,2,164,2,0.3131070409358269,-0.9497178427914316,1.2246467991473532e-16,-1.0,1624,25.9,1002.8,29.6,28.2,29.085714285714285
2020-06-13,28.8,25.9,85.0,1000.9,180.6,119.3,23.0,100,1,2020,6,2,165,2,0.29671281927349075,-0.9549667548552551,1.2246467991473532e-16,-1.0,1625,25.7,1000.8,29.2,29.1,29.228571428571428
2020-06-14,29.2,26.1,84.1,1002.1,166.0,160.3,24.0,100,1,2020,6,2,166,2,0.28023067519921585,-0.9599326896597447,1.2246467991473532e-16,-1.0,1626,25.9,1000.9,28.8,29.7,29.185714285714287
2020-06-15,29.1,26.4,85.6,1001.8,161.8,84.74,22.8,100,1,2020,6,2,167,2,0.26366549272800704,-0.9646141756912435,1.2246467991473532e-16,-1.0,1627,26.1,1002.1,29.2,27.7,29.11428571428571
2020-06-16,28.7,26.4,87.7,1001.1,183.1,144.4,21.7,100,1,2020,6,2,168,2,0.24702218048093552,-0.9690098257244062,1.2246467991473532e-16,-1.0,1628,26.4,1001.8,29.1,29.3,29.314285714285713
2020-06-17,28.9,25.5,82.1,1001.5,163.3,149.3,24.1,100,1,2020,6,2,169,2,0.23030567023061221,-0.9731183372332619,1.2246467991473532e-16,-1.0,1629,26.4,1001.1,28.7,30.0,29.228571428571428
2020-06-18,27.6,25.8,90.1,1003.2,151.1,182.8,17.0,100,1,2020,6,2,170,2,0.21352091543979612,-0.9769384927771817,1.2246467991473532e-16,-1.0,1630,25.5,1001.5,28.9,29.6,29.071428571428573
2020-06-19,29.4,26.6,86.5,1005.0,174.2,204.9,24.1,100,1,2020,6,2,171,2,0.19667288979357647,-0.980469160361632,1.2246467991473532e-16,-1.0,1631,25.8,1003.2,27.6,29.2,28.785714285714285
2020-06-20,30.2,26.6,81.4,1005.8,190.3,224.1,23.3,100,1,2020,6,2,172,2,0.1797665857255624,-0.9837092937736097,1.2246467991473532e-16,-1.0,1632,26.6,1005.0,29.4,28.8,28.814285714285717
2020-06-21,29.9,26.2,81.1,1004.7,191.5,166.8,22.3,100,1,2020,6,2,173,2,0.16280701293851715,-0.986657932891657,1.2246467991473532e-16,-1.0,1633,26.6,1005.8,30.2,29.2,29.014285714285712
2020-06-22,29.4,26.3,83.6,1003.2,153.8,238.8,27.7,100,1,2020,6,2,174,2,0.1457991969198751,-0.9893142039703663,1.2246467991473532e-16,-1.0,1634,26.2,1004.7,29.9,29.1,29.114285714285717
2020-06-23,29.3,25.3,79.6,1004.0,171.3,231.1,29.0,100,1,2020,6,2,175,2,0.12874817745258132,-0.99167731989929,1.2246467991473532e-16,-1.0,1635,26.3,1003.2,29.4,28.7,29.15714285714285
2020-06-24,29.8,25.3,77.1,1004.7,186.9,268.2,21.7,100,1,2020,6,2,176,2,0.11165900712169512,-0.993746580436178,1.2246467991473532e-16,-1.0,1636,25.3,1004.0,29.3,28.9,29.24285714285714
2020-06-25,30.2,26.2,79.5,1003.9,189.2,262.2,21.8,100,1,2020,6,2,177,2,0.09453674981719912,-0.9955213724144752,1.2246467991473532e-16,-1.0,1637,25.3,1004.7,29.8,27.6,29.37142857142857
2020-06-26,29.8,26.5,83.0,1003.7,164.9,125.3,19.6,100,1,2020,6,2,178,2,0.07738647923346301,-0.9970011699250151,1.2246467991473532e-16,-1.0,1638,26.2,1003.9,30.2,29.4,29.74285714285714
2020-06-27,30.6,26.2,77.5,1004.3,190.2,200.0,21.1,100,1,2020,6,2,179,2,0.06021327736579302,-0.9981855344718586,1.2246467991473532e-16,-1.0,1639,26.5,1003.7,29.8,30.2,29.8
2020-06-28,29.6,26.3,82.8,1004.1,167.9,175.7,19.8,100,1,2020,6,2,180,2,0.04302223300453059,-0.99907411510223,1.2246467991473532e-16,-1.0,1640,26.2,1004.3,30.6,29.9,29.857142857142858
2020-06-29,29.3,26.4,84.9,1003.3,212.8,203.2,22.9,100,1,2020,6,2,181,2,0.02581844022713308,-0.9996666485105112,1.2246467991473532e-16,-1.0,1641,26.3,1004.1,29.6,29.4,29.814285714285713
2020-06-30,28.5,25.9,86.1,1002.0,188.1,143.3,24.0,100,1,2020,6,2,182,2,0.008606996888688698,-0.9999629591162655,1.2246467991473532e-16,-1.0,1642,26.4,1003.3,29.3,29.3,29.800000000000004
2020-07-01,28.9,25.8,84.0,1003.2,179.2,241.9,24.1,100,1,2020,7,3,183,2,-0.008606996888688009,-0.9999629591162655,-0.4999999999999997,-0.8660254037844388,1643,25.9,1002.0,28.5,29.8,29.685714285714287
2020-07-02,28.6,25.7,84.7,1002.8,179.3,238.3,23.3,100,1,2020,7,3,184,2,-0.02581844022713239,-0.9996666485105112,-0.4999999999999997,-0.8660254037844388,1644,25.8,1003.2,28.9,30.2,29.557142857142857
2020-07-03,27.1,26.0,93.8,1002.2,178.2,117.4,31.6,100,1,2020,7,3,185,2,-0.04302223300453034,-0.99907411510223,-0.4999999999999997,-0.8660254037844388,1645,25.7,1002.8,28.6,29.8,29.32857142857143
2020-07-04,26.6,26.2,97.2,1000.7,217.5,106.1,22.3,100,1,2020,7,3,186,2,-0.060213277365792774,-0.9981855344718586,-0.4999999999999997,-0.8660254037844388,1646,26.0,1002.2,27.1,30.6,28.942857142857143
2020-07-05,27.3,26.0,92.7,1000.4,230.3,107.2,26.4,100,1,2020,7,3,187,2,-0.07738647923346322,-0.9970011699250151,-0.4999999999999997,-0.8660254037844388,1647,26.2,1000.7,26.6,29.6,28.37142857142857
2020-07-06,29.1,26.2,84.5,1000.4,211.1,244.7,35.1,100,1,2020,7,3,188,2,-0.09453674981719933,-0.9955213724144752,-0.4999999999999997,-0.8660254037844388,1648,26.0,1000.4,27.3,29.3,28.042857142857144
2020-07-07,28.0,26.5,91.8,1000.4,218.0,188.5,30.1,100,1,2020,7,3,189,2,-0.11165900712169444,-0.9937465804361781,-0.4999999999999997,-0.8660254037844388,1649,26.2,1000.4,29.1,28.5,28.014285714285712
2020-07-08,28.8,26.6,88.4,1003.4,226.6,292.1,30.0,100,1,2020,7,3,190,2,-0.12874817745258066,-0.99167731989929,-0.4999999999999997,-0.8660254037844388,1650,26.5,1000.4,28.0,28.9,27.942857142857143
2020-07-09,28.9,26.5,87.4,1003.6,204.3,290.3,25.4,100,1,2020,7,3,191,2,-0.14579919691987442,-0.9893142039703664,-0.4999999999999997,-0.8660254037844388,1651,26.6,1003.4,28.8,28.6,27.928571428571427
2020-07-10,29.6,26.6,84.1,1004.1,219.1,211.0,25.9,100,1,2020,7,3,192,2,-0.16280701293851646,-0.9866579328916572,-0.4999999999999997,-0.8660254037844388,1652,26.5,1003.6,28.9,27.1,27.97142857142857
2020-07-11,29.4,26.6,85.7,1003.9,194.7,211.2,24.6,100,1,2020,7,3,193,2,-0.17976658572556214,-0.9837092937736098,-0.4999999999999997,-0.8660254037844388,1653,26.6,1004.1,29.6,26.6,28.32857142857143
2020-07-12,26.5,25.4,93.4,1004.5,155.9,168.8,21.1,100,1,2020,7,3,194,2,-0.19667288979357622,-0.9804691603616321,-0.4999999999999997,-0.8660254037844388,1654,26.6,1003.9,29.4,27.3,28.72857142857143
2020-07-13,27.2,25.9,92.9,1003.7,170.4,166.5,31.7,100,1,2020,7,3,195,2,-0.2135209154397959,-0.9769384927771817,-0.4999999999999997,-0.8660254037844388,1655,25.4,1004.5,26.5,29.1,28.614285714285717
2020-07-14,26.7,26.0,95.8,1003.4,187.9,196.2,14.8,100,1,2020,7,3,196,2,-0.23030567023061196,-0.973118337233262,-0.4999999999999997,-0.8660254037844388,1656,25.9,1003.7,27.2,28.0,28.342857142857145
2020-07-15,26.3,25.8,97.2,1002.0,143.3,89.7,22.3,100,1,2020,7,3,197,2,-0.24702218048093527,-0.9690098257244063,-0.4999999999999997,-0.8660254037844388,1657,26.0,1003.4,26.7,28.8,28.157142857142855
2020-07-16,26.2,25.6,96.5,1000.4,179.4,161.3,28.8,100,1,2020,7,3,198,2,-0.2636654927280072,-0.9646141756912435,-0.4999999999999997,-0.8660254037844388,1658,25.8,1002.0,26.3,28.9,27.8
2020-07-17,26.8,25.8,94.6,1000.4,157.5,238.8,20.5,100,1,2020,7,3,199,2,-0.2802306751992161,-0.9599326896597445,-0.4999999999999997,-0.8660254037844388,1659,25.6,1000.4,26.2,29.6,27.41428571428571
2020-07-18,28.3,26.3,89.3,1002.3,164.4,269.2,18.4,100,1,2020,7,3,200,2,-0.2967128192734901,-0.9549667548552553,-0.4999999999999997,-0.8660254037844388,1660,25.8,1000.4,26.8,29.4,27.014285714285712
2020-07-19,29.2,26.6,86.6,1005.0,181.2,225.2,25.9,100,1,2020,7,3,201,2,-0.3131070409358267,-0.9497178427914317,-0.4999999999999997,-0.8660254037844388,1661,26.3,1002.3,28.3,26.5,26.857142857142858
2020-07-20,29.4,26.2,83.3,1003.6,219.3,155.9,19.8,100,1,2020,7,3,202,2,-0.3294084822245302,-0.9441875088341994,-0.4999999999999997,-0.8660254037844388,1662,26.6,1005.0,29.2,27.2,27.24285714285714
2020-07-21,29.6,25.9,81.1,1004.3,188.0,176.0,20.5,100,1,2020,7,3,203,2,-0.3456123126707333,-0.9383773917408642,-0.4999999999999997,-0.8660254037844388,1663,26.2,1003.6,29.4,26.7,27.557142857142857
2020-07-22,29.5,25.8,80.7,1005.7,174.3,211.9,20.5,100,1,2020,7,3,204,2,-0.3617137307297674,-0.9322892131745134,-0.4999999999999997,-0.8660254037844388,1664,25.9,1004.3,29.6,26.3,27.97142857142857
2020-07-23,28.8,26.2,86.3,1004.9,161.8,160.8,20.5,100,1,2020,7,3,205,2,-0.37770796520396466,-0.9259247771938499,-0.4999999999999997,-0.8660254037844388,1665,25.8,1005.7,29.5,26.2,28.428571428571427
2020-07-24,27.9,25.8,88.5,1005.8,133.4,145.4,14.8,100,1,2020,7,3,206,2,-0.39359027665646645,-0.9192859697186105,-0.4999999999999997,-0.8660254037844388,1666,26.2,1004.9,28.8,26.8,28.800000000000004
2020-07-25,28.6,25.3,83.1,1005.8,168.8,173.8,19.0,100,1,2020,7,3,207,2,-0.4093559588156211,-0.9123747579707274,-0.4999999999999997,-0.8660254037844388,1667,25.8,1005.8,27.9,28.3,28.957142857142856
2020-07-26,28.2,25.7,86.8,1006.7,131.9,283.4,20.7,100,1,2020,7,3,208,2,-0.42500033996955394,-0.9051931898913975,-0.4999999999999997,-0.8660254037844388,1668,25.3,1005.8,28.6,29.2,29.0
2020-07-27,26.9,25.8,93.5,1007.6,192.3,244.7,20.5,100,1,2020,7,3,209,2,-0.4405187843504952,-0.8977433935342336,-0.4999999999999997,-0.8660254037844388,1669,25.7,1006.7,28.2,29.4,28.857142857142858
2020-07-28,26.5,25.7,95.8,1006.4,105.2,221.3,25.8,100,1,2020,7,3,210,2,-0.455906693508459,-0.8900275764346766,-0.4999999999999997,-0.8660254037844388,1670,25.8,1007.6,26.9,29.6,28.5
2020-07-29,27.5,25.8,90.9,1004.0,136.3,100.1,21.1,100,1,2020,7,3,211,2,-0.47115950767386394,-0.8820480249558535,-0.4999999999999997,-0.8660254037844388,1671,25.7,1006.4,26.5,29.5,28.057142857142857
2020-07-30,27.3,26.1,93.2,1003.9,181.2,287.0,19.6,100,1,2020,7,3,212,2,-0.4862727071086902,-0.8738071036110807,-0.4999999999999997,-0.8660254037844388,1672,25.8,1004.0,27.5,28.8,27.771428571428572
2020-07-31,28.5,25.9,86.5,1003.6,164.8,193.3,22.3,100,1,2020,7,3,213,2,-0.5012418134457756,-0.8653072543632061,-0.4999999999999997,-0.8660254037844388,1673,26.1,1003.9,27.3,27.9,27.557142857142853
2020-08-01,28.7,25.8,84.7,1003.3,155.8,146.9,20.5,100,1,2020,8,3,214,2,-0.5160623910158526,-0.8565509959010037,-0.8660254037844385,-0.5000000000000004,1674,25.9,1003.6,28.5,28.6,27.642857142857142
2020-08-02,29.1,25.6,81.7,1002.0,169.3,170.6,23.3,100,1,2020,8,3,215,2,-0.5307300481619331,-0.8475409228928312,-0.8660254037844385,-0.5000000000000004,1675,25.8,1003.3,28.7,28.2,27.657142857142855
2020-08-03,28.1,26.0,88.6,1000.4,196.1,115.4,22.3,100,1,2020,8,3,216,2,-0.5452404385406507,-0.8382797052177745,-0.8660254037844385,-0.5000000000000004,1676,25.6,1002.0,29.1,26.9,27.785714285714285
2020-08-04,26.8,25.9,94.9,1000.4,244.2,145.2,44.6,100,1,2020,8,3,217,2,-0.5595892624101763,-0.828770087174504,-0.8660254037844385,-0.5000000000000004,1677,26.0,1000.4,28.1,26.5,27.957142857142856
2020-08-05,26.3,25.5,95.4,1000.4,254.1,107.9,51.8,100,1,2020,8,3,218,2,-0.5737722679043243,-0.8190148866680802,-0.8660254037844385,-0.5000000000000004,1678,25.9,1000.4,26.8,27.5,28.0
2020-08-06,26.5,25.6,95.4,1000.4,251.3,142.2,40.8,100,1,2020,8,3,219,2,-0.5877852522924734,-0.8090169943749472,-0.8660254037844385,-0.5000000000000004,1679,25.5,1000.4,26.3,27.3,27.82857142857143
2020-08-07,27.8,26.0,90.0,1001.2,229.7,279.4,39.2,100,1,2020,8,3,220,2,-0.6016240632249227,-0.7987793728863648,-0.8660254037844385,-0.5000000000000004,1680,25.6,1000.4,26.5,28.5,27.714285714285715
2020-08-08,28.2,26.1,88.5,1003.9,235.3,264.5,22.3,100,1,2020,8,3,221,2,-0.6152845999633277,-0.7883050558305253,-0.8660254037844385,-0.5000000000000004,1681,26.0,1001.2,27.8,28.7,27.614285714285717
2020-08-09,29.0,26.3,85.5,1003.6,249.1,197.6,22.9,100,1,2020,8,3,222,2,-0.6287628145958345,-0.7775971469736268,-0.8660254037844385,-0.5000000000000004,1682,26.1,1003.9,28.2,29.1,27.542857142857144
2020-08-10,28.6,26.1,86.3,1003.3,247.9,131.5,21.1,100,1,2020,8,3,223,2,-0.6420547132365636,-0.7666588193001592,-0.8660254037844385,-0.5000000000000004,1683,26.3,1003.6,29.0,28.1,27.52857142857143
2020-08-11,28.2,25.9,87.0,1005.0,242.8,189.7,22.3,100,1,2020,8,3,224,2,-0.655156357209085,-0.7554933140726804,-0.8660254037844385,-0.5000000000000004,1684,26.1,1003.3,28.6,26.8,27.6
2020-08-12,27.3,25.8,91.8,1006.3,245.3,158.8,22.3,100,1,2020,8,3,225,2,-0.6680638642135333,-0.7441039398713608,-0.8660254037844385,-0.5000000000000004,1685,25.9,1005.0,28.2,26.3,27.8
2020-08-13,27.8,25.9,89.1,1004.2,245.3,104.4,35.3,100,1,2020,8,3,226,2,-0.6807734094770159,-0.7324940716135792,-0.8660254037844385,-0.5000000000000004,1686,25.8,1006.3,27.3,26.5,27.942857142857147
2020-08-14,26.7,25.5,92.8,1002.3,228.5,176.5,29.5,100,1,2020,8,3,227,2,-0.6932812268869771,-0.7206671495538615,-0.8660254037844385,-0.5000000000000004,1687,25.9,1004.2,27.8,27.8,28.12857142857143
2020-08-15,27.6,25.9,90.8,1002.0,231.8,160.6,22.3,100,1,2020,8,3,228,2,-0.7055836101071774,-0.70862667826446,-0.8660254037844385,-0.5000000000000004,1688,25.5,1002.3,26.7,28.2,27.97142857142857
2020-08-16,28.0,26.1,89.2,1002.9,245.7,122.2,128.1,100,1,2020,8,3,229,2,-0.7176769136759615,-0.6963762255968726,-0.8660254037844385,-0.5000000000000004,1689,25.9,1002.0,27.6,29.0,27.88571428571429
2020-08-17,27.3,25.8,91.7,1002.7,237.4,122.6,23.0,100,1,2020,8,3,230,2,-0.7295575540864876,-0.6839194216246105,-0.8660254037844385,-0.5000000000000004,1690,26.1,1002.9,28.0,28.6,27.74285714285714
2020-08-18,27.4,25.4,89.4,1004.2,237.7,219.2,22.2,100,1,2020,8,3,231,2,-0.7412220108485957,-0.6712599575675315,-0.8660254037844385,-0.5000000000000004,1691,25.8,1002.7,27.3,28.2,27.557142857142857
2020-08-19,27.9,25.4,86.7,1003.8,239.0,239.9,22.3,100,1,2020,8,3,232,2,-0.7526668275320083,-0.6584015846980489,-0.8660254037844385,-0.5000000000000004,1692,25.4,1004.2,27.4,27.3,27.442857142857143
2020-08-20,27.4,25.9,91.8,1002.8,236.8,84.74,22.8,100,1,2020,8,3,233,2,-0.7638886127905429,-0.64534811322955,-0.8660254037844385,-0.5000000000000004,1693,25.4,1003.8,27.9,27.8,27.52857142857143
2020-08-21,26.6,25.6,94.1,1004.1,235.9,125.4,30.6,100,1,2020,8,3,234,2,-0.7748840413670406,-0.6321034111873488,-0.8660254037844385,-0.5000000000000004,1694,25.9,1002.8,27.4,26.7,27.47142857142857
2020-08-22,27.4,25.8,91.1,1004.7,232.4,209.1,31.7,100,1,2020,8,3,235,2,-0.7856498550787144,-0.6186714032625032,-0.8660254037844385,-0.5000000000000004,1695,25.6,1004.1,26.6,27.6,27.457142857142856
2020-08-23,28.2,25.8,86.9,1005.4,227.1,231.2,22.3,100,1,2020,8,3,236,2,-0.7961828637826154,-0.6050560696488494,-0.8660254037844385,-0.5000000000000004,1696,25.8,1004.7,27.4,28.0,27.428571428571427
2020-08-24,28.3,25.7,86.4,1006.1,224.5,259.1,21.1,100,1,2020,8,3,237,2,-0.8064799463209447,-0.5912614448635782,-0.8660254037844385,-0.5000000000000004,1697,25.8,1005.4,28.2,27.3,27.457142857142856
2020-08-25,28.4,25.6,84.8,1008.4,225.9,280.0,23.6,100,1,2020,8,3,238,2,-0.8165380514459157,-0.5772916165517278,-0.8660254037844385,-0.5000000000000004,1698,25.7,1006.1,28.3,27.4,27.599999999999998
2020-08-26,28.3,25.2,83.3,1008.6,217.8,264.7,23.0,100,1,2020,8,3,239,2,-0.8263541987239094,-0.5631507242749187,-0.8660254037844385,-0.5000000000000004,1699,25.6,1008.4,28.4,27.9,27.742857142857144
2020-08-27,28.5,25.1,82.0,1007.3,234.5,262.3,23.0,100,1,2020,8,3,240,2,-0.8359254794186365,-0.5488429582847199,-0.8660254037844385,-0.5000000000000004,1700,25.2,1008.6,28.3,27.4,27.8
2020-08-28,26.4,25.0,92.5,1005.7,206.5,186.9,26.0,100,1,2020,8,3,241,2,-0.8452490573530634,-0.5343725582809785,-0.8660254037844385,-0.5000000000000004,1701,25.1,1007.3,28.5,26.6,27.957142857142856
2020-08-29,26.1,25.2,95.2,1005.2,218.0,113.3,22.3,100,1,2020,8,3,242,2,-0.8543221697498269,-0.5197438121555157,-0.8660254037844385,-0.5000000000000004,1702,25.0,1005.7,26.4,27.4,27.928571428571427
2020-08-30,26.3,25.1,93.3,1005.5,208.0,122.2,24.1,100,1,2020,8,3,243,2,-0.8631421280499115,-0.5049610547215202,-0.8660254037844385,-0.5000000000000004,1703,25.2,1005.2,26.1,28.2,27.74285714285714
2020-08-31,27.3,25.2,88.6,1007.5,220.0,250.2,25.9,100,1,2020,8,3,244,2,-0.8717063187093217,-0.4900286664290594,-0.8660254037844385,-0.5000000000000004,1704,25.1,1005.5,26.3,28.3,27.47142857142857
2020-09-01,27.4,25.1,87.2,1009.0,175.7,246.7,18.4,100,1,2020,9,3,245,2,-0.8800122039735356,-0.4749510720670502,-1.0,-1.8369701987210297e-16,1705,25.2,1007.5,27.3,28.4,27.32857142857143
2020-09-02,28.5,25.7,85.5,1008.2,168.0,237.6,19.8,100,1,2020,9,3,246,2,-0.888057322629493,-0.4597327394521046,-1.0,-1.8369701987210297e-16,1706,25.1,1009.0,27.4,28.3,27.185714285714283
2020-09-03,29.0,25.5,82.0,1007.1,198.6,162.1,21.8,100,1,2020,9,3,247,2,-0.8958392907349089,-0.4443781781046134,-1.0,-1.8369701987210297e-16,1707,25.7,1008.2,28.5,28.5,27.214285714285715
2020-09-04,29.7,25.6,79.1,1006.1,173.8,209.4,19.0,100,1,2020,9,3,248,2,-0.9033558023246842,-0.4288919379124841,-1.0,-1.8369701987210297e-16,1708,25.5,1007.1,29.0,26.4,27.285714285714285
2020-09-05,30.1,26.6,82.6,1005.5,210.8,219.1,24.7,100,1,2020,9,3,249,2,-0.9106046300942162,-0.41327860778290443,-1.0,-1.8369701987210297e-16,1709,25.6,1006.1,29.7,26.1,27.75714285714286
2020-09-06,30.4,26.6,84.8,1004.5,222.5,205.0,17.1,100,1,2020,9,3,250,2,-0.9175836260593934,-0.3975428142825566,-1.0,-1.8369701987210297e-16,1710,26.6,1005.5,30.1,26.3,28.32857142857143
2020-09-07,28.7,25.6,83.4,1006.3,250.3,205.5,19.6,100,1,2020,9,3,251,2,-0.9242907221930934,-0.3816892202666586,-1.0,-1.8369701987210297e-16,1711,26.6,1004.5,30.4,27.3,28.914285714285715
2020-09-08,29.7,25.6,79.3,1006.6,193.6,182.9,21.1,100,1,2020,9,3,252,2,-0.9307239310379793,-0.3657225234972692,-1.0,-1.8369701987210297e-16,1712,25.6,1006.3,28.7,27.4,29.114285714285717
2020-09-09,30.1,26.6,82.6,1004.9,153.2,154.6,20.5,100,1,2020,9,3,253,2,-0.9368813462954315,-0.34964745525122826,-1.0,-1.8369701987210297e-16,1713,25.6,1006.6,29.7,28.5,29.442857142857143
2020-09-10,29.6,26.1,81.5,1003.3,175.7,84.74,17.2,100,1,2020,9,3,254,2,-0.9427611433904206,-0.33346877891818705,-1.0,-1.8369701987210297e-16,1714,26.6,1004.9,30.1,29.0,29.671428571428574
2020-09-11,28.9,25.9,84.4,1002.7,141.5,110.2,16.6,100,1,2020,9,3,255,2,-0.9483615800121716,-0.31719128858910595,-1.0,-1.8369701987210297e-16,1715,26.1,1003.3,29.6,29.7,29.75714285714286
2020-09-12,28.2,25.4,85.2,1004.1,147.0,197.4,27.0,100,1,2020,9,3,256,2,-0.9536809966304455,-0.300819807635668,-1.0,-1.8369701987210297e-16,1716,25.9,1002.7,28.9,30.1,29.642857142857142
2020-09-13,28.3,25.3,84.4,1006.6,196.9,213.1,22.3,100,1,2020,9,3,257,2,-0.9587178169872964,-0.2843591872810036,-1.0,-1.8369701987210297e-16,1717,25.4,1004.1,28.2,30.4,29.37142857142857
2020-09-14,27.6,25.1,86.8,1006.3,165.5,156.1,19.6,100,1,2020,9,3,258,2,-0.9634705485641486,-0.26781430516217486,-1.0,-1.8369701987210297e-16,1718,25.3,1006.6,28.3,28.7,29.071428571428573
2020-09-15,27.7,25.2,86.5,1006.2,153.1,131.6,16.9,100,1,2020,9,3,259,2,-0.9679377830240642,-0.25119006388481957,-1.0,-1.8369701987210297e-16,1719,25.1,1006.3,27.6,29.7,28.914285714285715
2020-09-16,27.7,25.7,88.9,1006.4,143.0,130.6,15.9,100,1,2020,9,3,260,2,-0.9721181966290612,-0.23449138957041052,-1.0,-1.8369701987210297e-16,1720,25.2,1006.2,27.7,30.1,28.62857142857143
2020-09-17,27.3,25.5,90.2,1006.9,163.2,143.2,16.6,100,1,2020,9,3,261,2,-0.9760105506323682,-0.21772323039653224,-1.0,-1.8369701987210297e-16,1721,25.7,1006.4,27.7,29.6,28.285714285714285
2020-09-18,27.0,25.3,90.4,1005.9,132.1,99.7,9.4,100,1,2020,9,3,262,2,-0.9796136916454901,-0.20089055513063528,-1.0,-1.8369701987210297e-16,1722,25.5,1006.9,27.3,28.9,27.957142857142856
2020-09-19,27.4,26.1,92.7,1003.6,151.6,178.7,10.0,100,1,2020,9,3,263,2,-0.9829265519799822,-0.18399835165767986,-1.0,-1.8369701987210297e-16,1723,25.3,1005.9,27.0,28.2,27.685714285714283
2020-09-20,28.9,25.4,82.0,1001.8,171.3,84.74,17.2,100,1,2020,9,3,264,2,-0.9859481499638303,-0.1670516255021195,-1.0,-1.8369701987210297e-16,1724,26.1,1003.6,27.4,28.3,27.571428571428573
2020-09-21,28.1,26.3,90.4,1000.7,115.1,147.4,17.3,100,1,2020,9,3,265,2,-0.9886775902323404,-0.15005539834465262,-1.0,-1.8369701987210297e-16,1725,25.4,1001.8,28.9,27.6,27.657142857142855
2020-09-22,26.7,25.8,95.0,1001.1,170.2,84.74,18.4,100,1,2020,9,3,266,2,-0.9911140639934546,-0.13301470653419636,-1.0,-1.8369701987210297e-16,1726,26.3,1000.7,28.1,27.7,27.728571428571428
2020-09-23,26.0,25.7,98.2,1002.9,236.5,148.7,21.7,100,1,2020,9,3,267,2,-0.9932568492674143,-0.11593459959550066,-1.0,-1.8369701987210297e-16,1727,25.8,1001.1,26.7,27.7,27.585714285714285
2020-09-24,27.4,25.8,91.6,1006.9,114.2,170.1,16.1,100,1,2020,9,3,268,2,-0.9951053111006974,-0.09882013873287211,-1.0,-1.8369701987210297e-16,1728,25.7,1002.9,26.0,27.3,27.342857142857138
2020-09-25,28.0,25.6,86.9,1007.7,200.0,177.4,16.6,100,1,2020,9,3,269,2,-0.99665890175417,-0.08167639533042288,-1.0,-1.8369701987210297e-16,1729,25.8,1006.9,27.4,27.0,27.357142857142858
2020-09-26,29.0,24.2,75.7,1007.5,267.9,172.1,19.8,100,1,2020,9,3,270,2,-0.9979171608653922,-0.06450844944931625,-1.0,-1.8369701987210297e-16,1730,25.6,1007.7,28.0,27.4,27.5
2020-09-27,28.7,24.5,79.0,1008.6,180.2,272.3,16.1,100,1,2020,9,3,271,2,-0.9988797155850335,-0.04732138832243232,-1.0,-1.8369701987210297e-16,1731,24.2,1007.5,29.0,28.9,27.728571428571428
2020-09-28,28.5,24.6,79.9,1008.9,165.0,279.9,16.4,100,1,2020,9,3,272,2,-0.9995462806873573,-0.03012030484690836,-1.0,-1.8369701987210297e-16,1732,24.5,1008.6,28.7,28.1,27.699999999999996
2020-09-29,28.8,24.6,78.5,1008.3,166.3,278.6,21.1,100,1,2020,9,3,273,2,-0.9999166586547379,-0.012910296075008843,-1.0,-1.8369701987210297e-16,1733,24.6,1008.9,28.5,26.7,27.75714285714286
2020-09-30,28.9,24.5,77.9,1007.6,213.6,278.6,22.3,0,0,2020,9,3,274,2,-0.9999907397361901,0.004303538296243821,-1.0,-1.8369701987210297e-16,1734,24.6,1008.3,28.8,26.0,28.057142857142857
2020-10-01,29.0,24.3,76.2,1008.2,185.9,245.9,19.6,100,1,2020,10,4,275,3,-0.9997685019798909,0.021516097436222233,-0.8660254037844386,0.5000000000000001,1735,24.5,1007.6,28.9,27.4,28.47142857142857
2020-10-02,29.2,25.4,80.5,1008.0,175.9,243.6,20.6,100,1,2020,10,4,276,3,-0.9992500112396835,0.03872228089217399,-0.8660254037844386,0.5000000000000001,1736,24.3,1008.2,29.0,28.0,28.7
2020-10-03,28.8,26.0,85.0,1008.0,130.5,207.1,20.5,100,1,2020,10,4,277,3,-0.9984354211555643,0.05591699010060302,-0.8660254037844386,0.5000000000000001,1737,25.4,1008.0,29.2,29.0,28.87142857142857
2020-10-04,27.2,24.8,87.2,1009.7,214.5,190.3,22.3,100,1,2020,10,4,278,3,-0.9973249731081555,0.07309512989807776,-0.8660254037844386,0.5000000000000001,1738,26.0,1008.0,28.8,28.7,28.842857142857145
2020-10-05,28.5,25.5,83.8,1008.8,221.8,251.9,18.4,100,1,2020,10,4,279,3,-0.9959189961471792,0.0902516100310407,-0.8660254037844386,0.5000000000000001,1739,24.8,1009.7,27.2,28.5,28.628571428571426
2020-10-06,29.0,25.6,82.3,1008.3,172.1,173.9,21.8,0,0,2020,10,4,280,3,-0.994217906893952,0.10738134666416306,-0.8660254037844386,0.5000000000000001,1740,25.5,1008.8,28.5,28.8,28.628571428571426
2020-10-07,30.0,25.6,77.6,1008.7,183.9,227.6,17.1,100,1,2020,10,4,281,3,-0.9922222094179324,0.12447926388678869,-0.8660254037844386,0.5000000000000001,1741,25.6,1008.3,29.0,28.9,28.657142857142855
2020-10-08,29.9,26.4,81.6,1007.9,189.9,228.0,14.8,100,1,2020,10,4,282,3,-0.989932495087353,0.141540295217043,-0.8660254037844386,0.5000000000000001,1742,25.6,1008.7,30.0,29.0,28.814285714285713
2020-10-09,31.1,24.9,70.9,1007.0,123.6,239.3,18.4,100,1,2020,10,4,283,3,-0.9873494423939864,0.15855938510313475,-0.8660254037844386,0.5000000000000001,1743,26.4,1007.9,29.9,29.2,28.942857142857143
2020-10-10,30.0,26.2,80.9,1006.6,123.2,161.1,15.5,100,1,2020,10,4,284,3,-0.9844738167520923,0.17553149042142777,-0.8660254037844386,0.5000000000000001,1744,24.9,1007.0,31.1,28.8,29.214285714285715
2020-10-11,29.0,26.0,84.2,1005.4,153.8,127.3,12.5,100,1,2020,10,4,285,3,-0.9813064702716093,0.19245158197082995,-0.8660254037844386,0.5000000000000001,1745,26.2,1006.6,30.0,27.2,29.385714285714283
2020-10-12,29.3,26.3,84.3,1003.4,136.2,188.0,14.8,100,1,2020,10,4,286,3,-0.9778483415056567,0.20931464596304888,-0.8660254037844386,0.5000000000000001,1746,26.0,1005.4,29.0,28.5,29.642857142857142
2020-10-13,29.5,26.6,87.1,1002.9,125.4,167.5,15.5,100,1,2020,10,4,287,3,-0.9741004551724206,0.22611568550828803,-0.8660254037844386,0.5000000000000001,1747,26.3,1003.4,29.3,29.0,29.75714285714286
2020-10-14,28.5,26.3,88.2,1003.0,150.3,91.4,13.0,100,1,2020,10,4,288,3,-0.970063921851507,0.2428497220959358,-0.8660254037844386,0.5000000000000001,1748,26.6,1002.9,29.5,30.0,29.82857142857143
2020-10-15,27.4,26.2,93.7,1001.1,234.1,84.74,14.8,100,1,2020,10,4,289,3,-0.965739937654855,0.25951179706979943,-0.8660254037844386,0.5000000000000001,1749,26.3,1003.0,28.5,29.9,29.614285714285717
2020-10-16,29.1,24.8,78.5,1001.6,103.8,122.3,14.9,100,1,2020,10,4,290,3,-0.9611297838723007,0.27609697309746883,-0.8660254037844386,0.5000000000000001,1750,26.2,1001.1,27.4,31.1,29.25714285714286
2020-10-17,29.1,23.7,72.7,1005.2,156.4,207.0,17.0,100,1,2020,10,4,291,3,-0.9562348265919058,0.2926003356333479,-0.8660254037844386,0.5000000000000001,1751,24.8,1001.6,29.1,30.0,28.97142857142857
2020-10-18,28.7,24.5,78.7,1007.4,184.3,250.2,18.4,0,0,2020,10,4,292,3,-0.9510565162951536,0.30901699437494723,-0.8660254037844386,0.5000000000000001,1752,23.7,1005.2,29.1,29.0,28.842857142857145
2020-10-19,28.9,25.8,83.5,1007.8,153.0,143.6,18.4,100,1,2020,10,4,293,3,-0.9455963874271428,0.3253420847119795,-0.8660254037844386,0.5000000000000001,1753,24.5,1007.4,28.7,29.3,28.800000000000004
2020-10-20,29.6,26.6,85.7,1007.1,196.3,117.7,18.4,100,1,2020,10,4,294,3,-0.9398560579418953,0.341570769167856,-0.8660254037844386,0.5000000000000001,1754,25.8,1007.8,28.9,29.5,28.74285714285714
2020-10-21,29.6,26.4,83.7,1007.4,142.0,104.7,17.8,100,1,2020,10,4,295,3,-0.9338372288229252,0.35769823883312546,-0.8660254037844386,0.5000000000000001,1755,26.6,1007.1,29.6,28.5,28.75714285714286
2020-10-22,28.9,26.2,85.7,1006.4,152.8,84.74,18.4,100,1,2020,10,4,296,3,-0.9275416835791965,0.3737197147904692,-0.8660254037844386,0.5000000000000001,1756,26.4,1007.4,29.6,27.4,28.914285714285715
2020-10-23,29.1,25.3,80.2,1006.5,170.1,114.3,16.7,100,1,2020,10,4,297,3,-0.9209712877166347,0.38963044953078774,-0.8660254037844386,0.5000000000000001,1757,26.2,1006.4,28.9,29.1,29.128571428571426
2020-10-24,29.5,26.6,85.5,1008.2,153.9,173.8,19.9,100,1,2020,10,4,298,3,-0.9141279881853337,0.4054257283599973,-0.8660254037844386,0.5000000000000001,1758,25.3,1006.5,29.1,29.1,29.12857142857143
2020-10-25,29.6,26.1,81.9,1010.0,168.4,199.1,16.1,100,1,2020,10,4,299,3,-0.9070138128026362,0.42110087079608916,-0.8660254037844386,0.5000000000000001,1759,26.6,1008.2,29.5,28.7,29.185714285714287
2020-10-26,29.6,23.9,72.7,1011.0,119.8,210.4,16.6,0,0,2020,10,4,300,3,-0.8996308696522434,0.4366512319560638,-0.8660254037844386,0.5000000000000001,1760,26.1,1010.0,29.6,28.9,29.314285714285717
2020-10-27,29.9,20.3,58.2,1010.1,158.8,229.9,14.9,0,0,2020,10,4,301,3,-0.8919813464595487,0.45207220393230374,-0.8660254037844386,0.5000000000000001,1761,23.9,1011.0,29.6,29.6,29.414285714285715
2020-10-28,29.6,22.3,65.6,1010.5,176.0,238.3,15.5,0,0,2020,10,4,302,3,-0.8840675099433637,0.46735921715800205,-0.8660254037844386,0.5000000000000001,1762,20.3,1010.1,29.9,29.6,29.45714285714286
2020-10-29,29.3,23.0,69.7,1010.9,172.7,240.4,16.6,0,0,2020,10,4,303,3,-0.8758917051442433,0.48250774176121763,-0.8660254037844386,0.5000000000000001,1763,22.3,1010.5,29.6,28.9,29.457142857142856
2020-10-30,29.6,22.0,65.6,1010.7,131.3,240.8,22.3,0,0,2020,10,4,304,3,-0.8674563547295971,0.4975132889071803,-0.8660254037844386,0.5000000000000001,1764,23.0,1010.9,29.3,29.1,29.514285714285716
2020-10-31,29.1,19.4,58.2,1011.0,154.1,247.3,16.0,0,0,2020,10,4,305,3,-0.858763958275803,0.5123714121284235,-0.8660254037844386,0.5000000000000001,1765,22.0,1010.7,29.6,29.5,29.585714285714285
2020-11-01,28.9,18.8,56.0,1011.7,143.6,220.0,15.3,0,0,2020,11,4,306,3,-0.8498170915275277,0.5270777086423724,-0.5000000000000004,0.8660254037844384,1766,19.4,1011.0,29.1,29.6,29.52857142857143
2020-11-02,29.7,21.5,62.9,1012.0,176.2,203.9,15.4,0,0,2020,11,4,307,3,-0.8406184056344783,0.5416278206559811,-0.5000000000000004,0.8660254037844384,1767,18.8,1011.7,28.9,29.6,29.428571428571427
2020-11-03,29.8,21.1,60.8,1011.8,159.2,207.0,16.1,0,0,2020,11,4,308,3,-0.8311706263658079,0.5560174366570446,-0.5000000000000004,0.8660254037844384,1768,21.5,1012.0,29.7,29.9,29.442857142857147
2020-11-04,29.8,19.8,57.6,1011.5,133.2,214.1,13.0,0,0,2020,11,4,309,3,-0.8214765533024145,0.5702422926917867,-0.5000000000000004,0.8660254037844384,1769,21.1,1011.8,29.8,29.6,29.428571428571427
2020-11-05,29.5,17.9,51.9,1012.2,78.8,217.4,14.2,0,0,2020,11,4,310,3,-0.8115390590073611,0.5842981736283683,-0.5000000000000004,0.8660254037844384,1770,19.8,1011.5,29.8,29.3,29.45714285714286
2020-11-06,29.3,16.2,47.4,1013.9,81.0,231.9,18.4,0,0,2020,11,4,311,3,-0.801361088174677,0.5981809144059158,-0.5000000000000004,0.8660254037844384,1771,17.9,1012.2,29.5,29.6,29.485714285714288
2020-11-07,28.8,17.7,52.9,1013.8,124.2,226.3,16.6,0,0,2020,11,4,312,3,-0.7909456567567774,0.6118864012687242,-0.5000000000000004,0.8660254037844384,1772,16.2,1013.9,29.3,29.1,29.442857142857143
2020-11-08,29.8,17.1,48.0,1013.6,106.1,218.2,17.2,0,0,2020,11,4,313,3,-0.780295851070776,0.6254105729852457,-0.5000000000000004,0.8660254037844384,1773,17.7,1013.8,28.8,28.9,29.400000000000002
2020-11-09,29.0,16.1,48.2,1013.2,85.0,223.6,13.5,0,0,2020,11,4,314,3,-0.7694148268839381,0.6387494220515268,-0.5000000000000004,0.8660254037844384,1774,17.1,1013.6,29.8,29.7,29.528571428571432
2020-11-10,28.1,15.3,48.7,1011.2,139.4,223.4,18.7,0,0,2020,11,4,315,3,-0.7583058084785625,0.6518989958787125,-0.5000000000000004,0.8660254037844384,1775,16.1,1013.2,29.0,29.8,29.428571428571427
2020-11-11,27.4,12.2,41.5,1011.8,108.3,220.4,17.2,0,0,2020,11,4,316,3,-0.7469720876965551,0.6648553979642866,-0.5000000000000004,0.8660254037844384,1776,15.3,1011.2,28.1,29.8,29.185714285714287
2020-11-12,28.0,13.0,40.9,1012.6,148.4,225.1,16.6,0,0,2020,11,4,317,3,-0.7354170229639858,0.6776147890466887,-0.5000000000000004,0.8660254037844384,1777,12.2,1011.8,27.4,29.5,28.842857142857145
2020-11-13,28.4,18.7,56.9,1011.9,131.8,223.4,18.4,0,0,2020,11,4,318,3,-0.7236440382959124,0.690173388242972,-0.5000000000000004,0.8660254037844384,1778,13.0,1012.6,28.0,29.3,28.62857142857143
2020-11-14,29.5,20.9,61.3,1010.2,154.2,232.7,19.3,0,0,2020,11,4,319,3,-0.711656622281775,0.7025274741691566,-0.5000000000000004,0.8660254037844384,1779,18.7,1011.9,28.4,28.8,28.5
2020-11-15,29.7,22.3,65.4,1010.7,150.5,225.9,17.1,0,0,2020,11,4,320,3,-0.6994583270516471,0.7146733860429608,-0.5000000000000004,0.8660254037844384,1780,20.9,1010.2,29.5,29.8,28.599999999999998
